name,year,selling_price,km_driven,fuel,seller_type,transmission,owner,mileage,engine,max_power,torque,seats
Tata Nexon,2019,203600.0,110669,Diesel,Individual,Manual,Third Owner,23.93 kmpl,1408 CC,92.94 bhp,115Nm@ 3824rpm,4
Maruti Swift,2016,139900.0,100777,Diesel,Individual,Automatic,First Owner,18.72 kmpl,944 CC,48.48 bhp,148Nm@ 2146rpm,5
Ford Ecosport,2013,135800.0,90977,Petrol,Individual,Manual,First Owner,18.48 kmpl,1257 CC,63.12 bhp,316Nm@ 3000rpm,5
Hyundai i20,2016,101900.0,125846,Diesel,Individual,Manual,First Owner,20.44 kmpl,700 CC,51.58 bhp,69Nm@ 1879rpm,7
BMW 3 Series,2019,710800.0,22351,Diesel,Individual,Manual,Second Owner,9.9 kmpl,2795 CC,279.55 bhp,189Nm@ 1700rpm,7
Skoda Octavia,2016,219100.0,83228,Diesel,Individual,Manual,Second Owner,18.09 kmpl,1292 CC,120.29 bhp,208Nm@ 2002rpm,5
Tata Nexon,2013,192900.0,90479,Diesel,Individual,Automatic,First Owner,20.36 kmpl,1451 CC,90.14 bhp,202Nm@ 2040rpm,5
Toyota Innova,2017,253000.0,88574,Diesel,Trustmark Dealer,Manual,Second Owner,17.01 kmpl,1465 CC,121.86 bhp,155Nm@ 3029rpm,5
Tata Nexon,2011,100000.0,110963,Petrol,Individual,Manual,First Owner,20.74 kmpl,1118 CC,62.69 bhp,84Nm@ 2163rpm,5
Mahindra XUV500,2013,136400.0,88804,Diesel,Individual,Manual,Second Owner,18.56 kmpl,1111 CC,92.07 bhp,236Nm@ 2576rpm,5
Audi A4,2010,251800.0,150855,Petrol,Individual,Manual,First Owner,10.55 kmpl,2981 CC,280.88 bhp,90Nm@ 3294rpm,5
Toyota Innova,2008,93800.0,132320,Diesel,Dealer,Manual,Second Owner,17.19 kmpl,1538 CC,114.73 bhp,103Nm@ 3698rpm,5
Audi A4,2007,136100.0,114103,LPG,Individual,Manual,Fourth & Above Owner,12.43 kmpl,2712 CC,267.52 bhp,113Nm@ 3182rpm,7
Honda City,2005,54600.0,120199,Diesel,Dealer,Manual,First Owner,20.05 kmpl,1151 CC,70.71 bhp,160Nm@ 2456rpm,4
BMW 3 Series,2008,189900.0,97886,Diesel,Dealer,Manual,Third Owner,16.36 kmpl,2864 CC,288.45 bhp,67Nm@ 3193rpm,5
Mahindra XUV500,2010,79900.0,154753,Petrol,Dealer,Manual,Second Owner,18.28 kmpl,918 CC,92.82 bhp,85Nm@ 2743rpm,7
Ford Ecosport,2010,101500.0,119655,CNG,Trustmark Dealer,Automatic,First Owner,21.58 kmpl,1301 CC,76.3 bhp,162Nm@ 3258rpm,5
Mahindra XUV500,2007,95900.0,105064,Petrol,Trustmark Dealer,Manual,First Owner,19.46 kmpl,1271 CC,101.75 bhp,92Nm@ 3000rpm,7
Audi A4,2007,190600.0,158987,Diesel,Individual,Manual,First Owner,9.69 kmpl,2666 CC,249.69 bhp,60Nm@ 3482rpm,5
Mahindra XUV500,2023,332300.0,153013,Diesel,Individual,Manual,First Owner,13.4 kmpl,1105 CC,109.67 bhp,243Nm@ 1504rpm,5
Tata Nexon,2008,78700.0,118300,Diesel,Dealer,Manual,First Owner,20.67 kmpl,1071 CC,74.14 bhp,98Nm@ 1616rpm,5
Tata Nexon,2013,156300.0,99104,Petrol,Individual,Manual,First Owner,19.83 kmpl,1147 CC,115.1 bhp,249Nm@ 1653rpm,7
Honda City,2009,66400.0,116121,Diesel,Individual,Manual,Fourth & Above Owner,16.91 kmpl,1232 CC,90.43 bhp,276Nm@ 3285rpm,5
Audi A4,2009,262800.0,116646,Diesel,Trustmark Dealer,Manual,First Owner,15.57 kmpl,2894 CC,283.17 bhp,220Nm@ 3431rpm,7
Hyundai i20,2007,42700.0,114470,Petrol,Trustmark Dealer,Manual,Fourth & Above Owner,26.26 kmpl,824 CC,65.49 bhp,114Nm@ 2325rpm,5
Ford Ecosport,2022,302000.0,107485,Petrol,Dealer,Manual,First Owner,20.28 kmpl,1242 CC,90.58 bhp,60Nm@ 3643rpm,8
Skoda Octavia,2009,80700.0,154756,Petrol,Individual,Manual,First Owner,15.31 kmpl,815 CC,104.09 bhp,173Nm@ 2350rpm,5
Audi A4,2019,607000.0,127323,Diesel,Trustmark Dealer,Manual,First Owner,20.43 kmpl,2764 CC,285.13 bhp,155Nm@ 3042rpm,7
Skoda Octavia,2014,137400.0,139017,Diesel,Individual,Manual,Second Owner,17.94 kmpl,1365 CC,102.43 bhp,229Nm@ 3310rpm,5
Mahindra XUV500,2011,103300.0,150018,Diesel,Individual,Manual,First Owner,18.52 kmpl,1264 CC,80.92 bhp,179Nm@ 2714rpm,7
Maruti Swift,2005,65700.0,151843,Diesel,Individual,Automatic,First Owner,20.04 kmpl,1190 CC,74.39 bhp,222Nm@ 1970rpm,5
BMW 3 Series,2015,450700.0,100117,Petrol,Individual,Manual,First Owner,16.93 kmpl,2906 CC,232.85 bhp,170Nm@ 2428rpm,5
Ford Ecosport,2017,207000.0,64555,Petrol,Dealer,Automatic,Second Owner,20.83 kmpl,828 CC,108.9 bhp,145Nm@ 3693rpm,7
Maruti Swift,2015,120700.0,44040,CNG,Dealer,Manual,First Owner,24.06 kmpl,700 CC,51.01 bhp,165Nm@ 3168rpm,5
Mahindra XUV500,2007,68100.0,189068,CNG,Dealer,Manual,First Owner,19.94 kmpl,926 CC,101.37 bhp,60Nm@ 3074rpm,7
Audi A4,2006,170800.0,184641,Diesel,Dealer,Automatic,First Owner,13.73 kmpl,2782 CC,280.13 bhp,233Nm@ 2077rpm,5
Honda City,2011,117400.0,157044,Diesel,Individual,Automatic,First Owner,14.08 kmpl,1393 CC,82.54 bhp,208Nm@ 3680rpm,5
Toyota Innova,2014,188600.0,107484,Diesel,Individual,Automatic,First Owner,20.67 kmpl,1638 CC,95.52 bhp,171Nm@ 1859rpm,5
Toyota Innova,2007,78400.0,137529,CNG,Dealer,Manual,Second Owner,21.51 kmpl,1158 CC,97.62 bhp,250Nm@ 2023rpm,4
Audi A4,2018,495600.0,94011,Petrol,Individual,Manual,Second Owner,8.0 kmpl,2870 CC,250.69 bhp,118Nm@ 2138rpm,7
Skoda Octavia,2018,312300.0,38968,Petrol,Dealer,Manual,First Owner,22.74 kmpl,1422 CC,109.91 bhp,91Nm@ 3406rpm,5
BMW 3 Series,2009,229900.0,137097,Petrol,Individual,Manual,First Owner,10.13 kmpl,2630 CC,228.34 bhp,132Nm@ 3775rpm,5
Mahindra XUV500,2006,43700.0,212956,Petrol,Individual,Manual,Third Owner,23.17 kmpl,916 CC,102.26 bhp,179Nm@ 2960rpm,5
Mahindra XUV500,2010,116600.0,116781,Petrol,Individual,Manual,First Owner,12.17 kmpl,1359 CC,95.51 bhp,149Nm@ 3521rpm,4
Honda City,2006,39200.0,211516,Diesel,Dealer,Manual,First Owner,24.22 kmpl,1148 CC,40.31 bhp,165Nm@ 1819rpm,5
Mahindra XUV500,2009,117100.0,154748,Diesel,Individual,Manual,First Owner,19.03 kmpl,1599 CC,123.09 bhp,115Nm@ 2842rpm,5
Ford Ecosport,2013,102100.0,130543,Petrol,Individual,Manual,Third Owner,23.68 kmpl,1167 CC,72.37 bhp,179Nm@ 3355rpm,7
Skoda Octavia,2015,155500.0,83191,Diesel,Individual,Manual,Second Owner,20.41 kmpl,865 CC,110.65 bhp,222Nm@ 2818rpm,7
Skoda Octavia,2018,203400.0,100756,Petrol,Individual,Manual,First Owner,21.06 kmpl,1444 CC,70.14 bhp,164Nm@ 1697rpm,5
Mahindra XUV500,2007,87500.0,84249,Diesel,Dealer,Manual,First Owner,22.43 kmpl,1236 CC,97.06 bhp,84Nm@ 2450rpm,5
Maruti Swift,2008,55300.0,184841,Petrol,Individual,Manual,First Owner,21.21 kmpl,1157 CC,53.33 bhp,195Nm@ 1629rpm,5
Honda City,2023,271700.0,131715,Petrol,Dealer,Automatic,First Owner,20.91 kmpl,1011 CC,59.65 bhp,195Nm@ 2484rpm,5
Maruti Swift,2019,203000.0,110517,Diesel,Dealer,Manual,First Owner,24.69 kmpl,1140 CC,70.09 bhp,112Nm@ 3967rpm,5
Mahindra XUV500,2005,51800.0,145950,Petrol,Individual,Manual,First Owner,22.28 kmpl,997 CC,68.51 bhp,136Nm@ 1974rpm,5
Hyundai i20,2021,228100.0,64478,Petrol,Individual,Manual,First Owner,20.18 kmpl,777 CC,75.97 bhp,154Nm@ 2348rpm,5
Toyota Innova,2013,158000.0,102588,Diesel,Trustmark Dealer,Manual,Second Owner,14.97 kmpl,1417 CC,116.78 bhp,143Nm@ 3832rpm,5
Maruti Swift,2017,167500.0,134013,Petrol,Individual,Manual,First Owner,18.82 kmpl,700 CC,101.94 bhp,128Nm@ 1554rpm,5
Tata Nexon,2007,90200.0,86737,Petrol,Individual,Manual,First Owner,17.02 kmpl,1279 CC,100.5 bhp,107Nm@ 3990rpm,4
Skoda Octavia,2019,194200.0,121697,Petrol,Dealer,Manual,Fourth & Above Owner,19.16 kmpl,1557 CC,111.54 bhp,60Nm@ 3501rpm,8
Tata Nexon,2014,168000.0,49557,Petrol,Dealer,Manual,First Owner,24.65 kmpl,1356 CC,55.13 bhp,73Nm@ 3257rpm,5
BMW 3 Series,2006,138000.0,127155,CNG,Dealer,Manual,Second Owner,15.42 kmpl,2696 CC,265.0 bhp,286Nm@ 2020rpm,5
Skoda Octavia,2006,87700.0,92813,Diesel,Dealer,Automatic,First Owner,20.87 kmpl,1199 CC,93.56 bhp,60Nm@ 3200rpm,4
BMW 3 Series,2010,235400.0,107579,Diesel,Individual,Automatic,Third Owner,15.58 kmpl,3000 CC,283.56 bhp,60Nm@ 3099rpm,7
Hyundai i20,2015,106700.0,96124,Petrol,Dealer,Manual,Third Owner,23.55 kmpl,1025 CC,60.61 bhp,60Nm@ 2250rpm,5
Toyota Innova,2023,478700.0,51852,Petrol,Individual,Manual,Second Owner,18.65 kmpl,1407 CC,143.7 bhp,60Nm@ 1630rpm,7
Hyundai i20,2009,82300.0,162500,CNG,Dealer,Manual,First Owner,18.15 kmpl,1059 CC,81.67 bhp,200Nm@ 2723rpm,7
BMW 3 Series,2022,942200.0,22570,LPG,Trustmark Dealer,Manual,Second Owner,13.83 kmpl,2863 CC,262.01 bhp,85Nm@ 3021rpm,4
Tata Nexon,2022,251700.0,123482,Petrol,Dealer,Manual,Second Owner,11.22 kmpl,1296 CC,80.68 bhp,60Nm@ 1538rpm,5
Skoda Octavia,2021,173900.0,151483,Petrol,Individual,Manual,Third Owner,20.1 kmpl,1088 CC,69.66 bhp,188Nm@ 3414rpm,8
Tata Nexon,2018,104800.0,134810,Diesel,Individual,Manual,Third Owner,17.31 kmpl,756 CC,55.05 bhp,124Nm@ 2665rpm,7
Skoda Octavia,2022,446500.0,40855,Diesel,Individual,Automatic,First Owner,16.34 kmpl,1617 CC,90.26 bhp,140Nm@ 2963rpm,5
Skoda Octavia,2015,151900.0,100601,Diesel,Dealer,Manual,Third Owner,18.81 kmpl,1223 CC,103.68 bhp,178Nm@ 1553rpm,8
Tata Nexon,2021,269000.0,167559,Petrol,Individual,Manual,First Owner,20.77 kmpl,1539 CC,71.44 bhp,142Nm@ 2451rpm,7
Honda City,2013,127200.0,109584,CNG,Dealer,Manual,First Owner,18.79 kmpl,1101 CC,71.96 bhp,152Nm@ 3662rpm,8
Audi A4,2007,174500.0,182335,Petrol,Individual,Automatic,Second Owner,10.6 kmpl,2886 CC,266.33 bhp,199Nm@ 3216rpm,7
Audi A4,2008,204500.0,180375,Diesel,Dealer,Automatic,First Owner,15.95 kmpl,2666 CC,262.2 bhp,108Nm@ 3903rpm,5
Hyundai i20,2018,146100.0,63622,Diesel,Individual,Manual,Second Owner,22.52 kmpl,864 CC,49.15 bhp,136Nm@ 3961rpm,4
Tata Nexon,2014,108900.0,149523,Diesel,Individual,Manual,Second Owner,18.65 kmpl,1196 CC,72.06 bhp,179Nm@ 3948rpm,7
Audi A4,2005,156300.0,123470,Petrol,Individual,Manual,First Owner,19.73 kmpl,2610 CC,276.9 bhp,143Nm@ 2015rpm,7
Maruti Swift,2007,77300.0,92954,Petrol,Dealer,Manual,First Owner,19.47 kmpl,1124 CC,79.66 bhp,189Nm@ 2368rpm,5
Toyota Innova,2010,132300.0,111970,Diesel,Individual,Manual,Second Owner,22.93 kmpl,1485 CC,112.82 bhp,80Nm@ 3107rpm,7
BMW 3 Series,2021,590200.0,136928,Diesel,Dealer,Manual,Third Owner,8.0 kmpl,3000 CC,282.52 bhp,60Nm@ 2513rpm,5
Ford Ecosport,2006,78700.0,117788,Petrol,Individual,Manual,First Owner,22.34 kmpl,1587 CC,73.99 bhp,197Nm@ 1601rpm,5
BMW 3 Series,2012,262400.0,148894,Diesel,Individual,Manual,First Owner,16.54 kmpl,2405 CC,258.65 bhp,153Nm@ 3268rpm,5
Maruti Swift,2017,129500.0,89734,Diesel,Individual,Manual,Second Owner,17.8 kmpl,801 CC,53.33 bhp,233Nm@ 3425rpm,5
BMW 3 Series,2010,253100.0,175654,Diesel,Trustmark Dealer,Automatic,Second Owner,18.57 kmpl,2803 CC,279.62 bhp,189Nm@ 1521rpm,5
Audi A4,2007,142300.0,194997,Petrol,Dealer,Manual,Second Owner,12.62 kmpl,2629 CC,229.6 bhp,138Nm@ 3835rpm,7
Honda City,2016,136500.0,160464,Diesel,Trustmark Dealer,Automatic,Second Owner,20.67 kmpl,1215 CC,66.09 bhp,215Nm@ 1658rpm,5
Audi A4,2009,249500.0,85098,LPG,Individual,Automatic,Second Owner,9.61 kmpl,3000 CC,253.12 bhp,60Nm@ 2894rpm,5
Audi A4,2016,545200.0,76462,Petrol,Individual,Manual,First Owner,8.0 kmpl,3000 CC,279.13 bhp,60Nm@ 2052rpm,5
Mahindra XUV500,2019,255200.0,141978,Petrol,Individual,Manual,First Owner,24.41 kmpl,1409 CC,88.9 bhp,253Nm@ 1800rpm,4
Tata Nexon,2019,163900.0,103160,Diesel,Individual,Manual,Second Owner,18.46 kmpl,1060 CC,64.25 bhp,72Nm@ 3456rpm,5
Ford Ecosport,2016,154200.0,142507,Petrol,Individual,Automatic,First Owner,19.09 kmpl,1027 CC,73.16 bhp,193Nm@ 3666rpm,5
Honda City,2010,87900.0,130682,Petrol,Individual,Manual,Second Owner,16.67 kmpl,1106 CC,87.43 bhp,60Nm@ 2817rpm,5
Toyota Innova,2017,270900.0,70356,Diesel,Dealer,Manual,First Owner,19.8 kmpl,1393 CC,116.74 bhp,161Nm@ 2087rpm,5
Skoda Octavia,2018,201300.0,98322,CNG,Dealer,Manual,Second Owner,20.9 kmpl,1109 CC,98.64 bhp,198Nm@ 2612rpm,7
BMW 3 Series,2017,551000.0,74848,Petrol,Dealer,Automatic,First Owner,13.02 kmpl,2857 CC,254.13 bhp,208Nm@ 2210rpm,5
Ford Ecosport,2023,444400.0,37301,Diesel,Individual,Manual,First Owner,12.9 kmpl,1421 CC,96.58 bhp,60Nm@ 3875rpm,7
Hyundai i20,2010,96200.0,66926,Petrol,Individual,Manual,Second Owner,20.44 kmpl,957 CC,89.69 bhp,204Nm@ 2647rpm,7
BMW 3 Series,2008,197100.0,125388,Diesel,Individual,Manual,First Owner,15.66 kmpl,2894 CC,250.74 bhp,205Nm@ 3181rpm,5
Hyundai i20,2021,251700.0,42947,Petrol,Dealer,Manual,First Owner,20.12 kmpl,808 CC,70.31 bhp,100Nm@ 3345rpm,7
Maruti Swift,2016,90600.0,104382,CNG,Dealer,Manual,Third Owner,18.71 kmpl,759 CC,50.06 bhp,218Nm@ 3699rpm,7
Maruti Swift,2009,46200.0,165444,Petrol,Dealer,Manual,Second Owner,17.26 kmpl,851 CC,43.09 bhp,180Nm@ 2172rpm,5
Tata Nexon,2021,265100.0,60837,Diesel,Individual,Manual,First Owner,16.54 kmpl,983 CC,83.88 bhp,190Nm@ 3077rpm,5
Mahindra XUV500,2011,91900.0,156491,Petrol,Individual,Automatic,Second Owner,17.44 kmpl,1361 CC,73.68 bhp,60Nm@ 2593rpm,5
BMW 3 Series,2011,273200.0,121192,Diesel,Dealer,Manual,First Owner,11.69 kmpl,2766 CC,272.5 bhp,79Nm@ 2653rpm,5
Tata Nexon,2016,135100.0,124324,Petrol,Individual,Manual,Second Owner,25.2 kmpl,894 CC,90.87 bhp,143Nm@ 2156rpm,5
Skoda Octavia,2007,90600.0,97769,LPG,Trustmark Dealer,Manual,Third Owner,17.69 kmpl,1771 CC,111.14 bhp,118Nm@ 3023rpm,5
Hyundai i20,2018,193800.0,81821,Diesel,Individual,Manual,First Owner,18.71 kmpl,1183 CC,62.97 bhp,176Nm@ 3690rpm,5
Mahindra XUV500,2009,95300.0,128914,Diesel,Individual,Manual,Second Owner,11.59 kmpl,1554 CC,97.24 bhp,184Nm@ 1898rpm,5
Ford Ecosport,2007,65700.0,154777,Diesel,Trustmark Dealer,Manual,Second Owner,16.66 kmpl,1087 CC,93.7 bhp,110Nm@ 3460rpm,7
Mahindra XUV500,2017,251900.0,74667,Diesel,Individual,Automatic,First Owner,18.44 kmpl,1185 CC,100.63 bhp,60Nm@ 3351rpm,5
Mahindra XUV500,2015,145500.0,157576,Diesel,Individual,Manual,First Owner,22.66 kmpl,1229 CC,88.28 bhp,116Nm@ 2852rpm,8
Honda City,2011,90500.0,106413,Petrol,Trustmark Dealer,Manual,Second Owner,19.87 kmpl,1282 CC,59.16 bhp,87Nm@ 3097rpm,5
Honda City,2011,122800.0,51960,Diesel,Individual,Automatic,First Owner,27.46 kmpl,1046 CC,65.73 bhp,254Nm@ 3411rpm,7
Tata Nexon,2009,90600.0,93206,Petrol,Individual,Manual,First Owner,19.26 kmpl,854 CC,80.83 bhp,139Nm@ 3268rpm,5
Toyota Innova,2010,100000.0,141310,Diesel,Individual,Manual,Third Owner,17.94 kmpl,1479 CC,114.64 bhp,185Nm@ 2258rpm,5
Hyundai i20,2012,110600.0,125679,Petrol,Individual,Manual,First Owner,22.33 kmpl,939 CC,88.21 bhp,128Nm@ 1907rpm,7
Honda City,2021,392700.0,32850,Diesel,Dealer,Manual,First Owner,16.44 kmpl,1329 CC,92.21 bhp,186Nm@ 2462rpm,5
Maruti Swift,2008,43100.0,178486,Petrol,Individual,Manual,Fourth & Above Owner,21.67 kmpl,771 CC,73.92 bhp,237Nm@ 3898rpm,8
Hyundai i20,2015,138000.0,74983,Diesel,Individual,Manual,First Owner,20.53 kmpl,984 CC,59.89 bhp,130Nm@ 3669rpm,7
Tata Nexon,2011,80700.0,149314,Petrol,Dealer,Manual,Second Owner,16.92 kmpl,885 CC,88.97 bhp,173Nm@ 1782rpm,5
Hyundai i20,2019,153300.0,131339,Petrol,Individual,Manual,First Owner,19.99 kmpl,1034 CC,35.97 bhp,169Nm@ 2634rpm,7
Skoda Octavia,2014,170600.0,154438,Petrol,Dealer,Manual,First Owner,19.38 kmpl,1374 CC,117.49 bhp,195Nm@ 3254rpm,5
Hyundai i20,2013,99400.0,136029,Petrol,Dealer,Manual,Third Owner,13.29 kmpl,1076 CC,79.21 bhp,143Nm@ 2624rpm,7
Audi A4,2008,163700.0,186730,Petrol,Individual,Manual,Second Owner,10.25 kmpl,2616 CC,242.29 bhp,151Nm@ 1835rpm,5
Audi A4,2008,200300.0,131300,Petrol,Dealer,Manual,First Owner,12.0 kmpl,2501 CC,265.79 bhp,183Nm@ 3566rpm,7
Toyota Innova,2021,308500.0,50485,Diesel,Individual,Manual,Fourth & Above Owner,17.88 kmpl,1452 CC,125.79 bhp,223Nm@ 3510rpm,5
Mahindra XUV500,2019,229100.0,74972,Petrol,Individual,Manual,First Owner,22.27 kmpl,1228 CC,66.81 bhp,211Nm@ 2872rpm,5
Ford Ecosport,2021,206200.0,104284,Petrol,Dealer,Manual,Third Owner,19.05 kmpl,1112 CC,83.62 bhp,133Nm@ 3119rpm,4
Skoda Octavia,2008,115400.0,98607,Petrol,Trustmark Dealer,Manual,First Owner,15.78 kmpl,1211 CC,115.95 bhp,213Nm@ 3743rpm,5
Hyundai i20,2005,54000.0,138092,Diesel,Dealer,Manual,First Owner,20.26 kmpl,869 CC,76.28 bhp,182Nm@ 1664rpm,7
Audi A4,2022,632300.0,91610,Diesel,Individual,Manual,Third Owner,11.89 kmpl,2535 CC,257.54 bhp,172Nm@ 2072rpm,7
Hyundai i20,2015,135000.0,110175,Petrol,Individual,Manual,First Owner,18.83 kmpl,1008 CC,75.94 bhp,256Nm@ 2087rpm,5
Skoda Octavia,2019,248900.0,136902,Petrol,Individual,Manual,First Owner,18.81 kmpl,1165 CC,97.58 bhp,157Nm@ 3923rpm,5
Skoda Octavia,2019,306500.0,77786,LPG,Dealer,Manual,First Owner,13.95 kmpl,1483 CC,104.07 bhp,91Nm@ 3314rpm,5
BMW 3 Series,2022,883500.0,71550,Diesel,Individual,Manual,First Owner,11.37 kmpl,2537 CC,274.01 bhp,81Nm@ 3785rpm,5
Skoda Octavia,2022,312500.0,92965,Petrol,Individual,Automatic,Third Owner,16.1 kmpl,1240 CC,99.18 bhp,167Nm@ 2112rpm,5
Toyota Innova,2010,120300.0,135904,Diesel,Trustmark Dealer,Manual,First Owner,16.66 kmpl,1229 CC,134.75 bhp,173Nm@ 3678rpm,8
Maruti Swift,2008,48900.0,152287,Diesel,Dealer,Manual,Third Owner,20.98 kmpl,933 CC,79.76 bhp,131Nm@ 2887rpm,7
BMW 3 Series,2006,180100.0,144696,Petrol,Individual,Manual,First Owner,14.34 kmpl,2580 CC,284.62 bhp,102Nm@ 2598rpm,7
BMW 3 Series,2020,569800.0,139387,Petrol,Dealer,Manual,First Owner,15.54 kmpl,2602 CC,264.46 bhp,178Nm@ 3548rpm,5
Skoda Octavia,2007,91500.0,140423,Diesel,Individual,Manual,First Owner,24.46 kmpl,1409 CC,107.93 bhp,193Nm@ 2344rpm,7
Hyundai i20,2023,310600.0,81544,Petrol,Individual,Manual,First Owner,21.88 kmpl,949 CC,78.89 bhp,117Nm@ 1769rpm,5
Audi A4,2010,212900.0,148830,Diesel,Dealer,Manual,Second Owner,12.69 kmpl,2512 CC,276.29 bhp,189Nm@ 1897rpm,7
Skoda Octavia,2010,121300.0,64492,Petrol,Individual,Manual,Second Owner,20.23 kmpl,1176 CC,107.47 bhp,128Nm@ 3121rpm,7
BMW 3 Series,2020,555900.0,109700,Diesel,Individual,Automatic,Third Owner,12.05 kmpl,2553 CC,260.54 bhp,94Nm@ 3544rpm,7
BMW 3 Series,2013,294000.0,146131,Petrol,Individual,Manual,First Owner,15.5 kmpl,2569 CC,232.54 bhp,203Nm@ 1905rpm,7
Skoda Octavia,2023,322800.0,122125,Petrol,Dealer,Manual,First Owner,17.83 kmpl,1127 CC,91.27 bhp,204Nm@ 3436rpm,5
Mahindra XUV500,2012,91100.0,109519,Petrol,Individual,Manual,First Owner,14.22 kmpl,942 CC,53.86 bhp,219Nm@ 2380rpm,5
Skoda Octavia,2015,204000.0,87026,Petrol,Individual,Manual,First Owner,20.97 kmpl,1190 CC,118.04 bhp,212Nm@ 1682rpm,7
BMW 3 Series,2011,229400.0,186541,LPG,Individual,Manual,First Owner,13.82 kmpl,2339 CC,236.24 bhp,196Nm@ 3452rpm,7
Audi A4,2011,275900.0,148374,Diesel,Dealer,Manual,Second Owner,15.61 kmpl,2817 CC,276.28 bhp,217Nm@ 2636rpm,5
Maruti Swift,2016,143000.0,92130,CNG,Dealer,Manual,First Owner,18.05 kmpl,880 CC,60.28 bhp,162Nm@ 3063rpm,7
Honda City,2010,104200.0,126042,Diesel,Individual,Manual,First Owner,17.12 kmpl,1628 CC,74.14 bhp,159Nm@ 1722rpm,4
BMW 3 Series,2010,257300.0,140484,Diesel,Dealer,Manual,First Owner,16.54 kmpl,2646 CC,281.5 bhp,167Nm@ 2564rpm,7
Tata Nexon,2012,117600.0,106465,Diesel,Individual,Manual,First Owner,19.13 kmpl,1012 CC,83.37 bhp,140Nm@ 2413rpm,7
Honda City,2015,159200.0,148577,Petrol,Individual,Manual,First Owner,17.86 kmpl,1147 CC,98.8 bhp,151Nm@ 2056rpm,5
Toyota Innova,2018,290300.0,88907,Diesel,Individual,Manual,First Owner,17.18 kmpl,1526 CC,112.71 bhp,144Nm@ 3231rpm,5
Hyundai i20,2013,157200.0,108244,Diesel,Individual,Manual,First Owner,21.27 kmpl,1267 CC,95.85 bhp,136Nm@ 3077rpm,7
Hyundai i20,2017,132300.0,51849,CNG,Individual,Manual,Second Owner,17.33 kmpl,887 CC,45.76 bhp,60Nm@ 3820rpm,7
Honda City,2022,333700.0,114533,Petrol,Individual,Manual,First Owner,25.23 kmpl,1621 CC,58.88 bhp,165Nm@ 3793rpm,5
Ford Ecosport,2015,132000.0,80251,Petrol,Individual,Manual,Fourth & Above Owner,19.58 kmpl,1096 CC,91.23 bhp,146Nm@ 2194rpm,5
Audi A4,2008,230600.0,100299,Petrol,Individual,Manual,First Owner,12.04 kmpl,2911 CC,263.35 bhp,221Nm@ 3546rpm,8
Toyota Innova,2011,153900.0,160803,Petrol,Individual,Automatic,First Owner,17.67 kmpl,1880 CC,120.03 bhp,148Nm@ 3249rpm,7
Honda City,2014,153900.0,93651,Diesel,Dealer,Manual,First Owner,17.12 kmpl,985 CC,94.28 bhp,193Nm@ 3548rpm,4
Ford Ecosport,2017,134100.0,124014,Petrol,Dealer,Manual,Second Owner,21.62 kmpl,1087 CC,68.2 bhp,60Nm@ 2881rpm,5
Honda City,2012,121300.0,119737,CNG,Individual,Automatic,First Owner,18.95 kmpl,1000 CC,78.14 bhp,189Nm@ 3869rpm,5
Hyundai i20,2017,181600.0,57441,Petrol,Individual,Manual,First Owner,21.84 kmpl,1151 CC,66.58 bhp,125Nm@ 2804rpm,5
Mahindra XUV500,2021,243400.0,103728,Petrol,Dealer,Manual,Second Owner,20.22 kmpl,700 CC,120.34 bhp,84Nm@ 2553rpm,5
Toyota Innova,2017,254200.0,103920,Diesel,Individual,Automatic,Second Owner,19.57 kmpl,1221 CC,131.18 bhp,192Nm@ 3841rpm,5
Maruti Swift,2022,262400.0,3430,CNG,Individual,Automatic,Second Owner,18.71 kmpl,936 CC,44.21 bhp,201Nm@ 2318rpm,7
Honda City,2021,235700.0,101115,Petrol,Individual,Manual,Second Owner,18.85 kmpl,924 CC,87.59 bhp,139Nm@ 2022rpm,5
Maruti Swift,2008,61000.0,95061,Diesel,Dealer,Manual,First Owner,23.18 kmpl,981 CC,58.13 bhp,63Nm@ 3181rpm,5
Honda City,2016,157800.0,107697,Diesel,Dealer,Manual,Third Owner,15.38 kmpl,1260 CC,101.03 bhp,190Nm@ 3327rpm,7
Hyundai i20,2007,30000.0,173631,Diesel,Dealer,Manual,Third Owner,15.82 kmpl,745 CC,41.19 bhp,152Nm@ 2567rpm,5
Ford Ecosport,2014,126900.0,99999,Petrol,Individual,Manual,Second Owner,16.37 kmpl,1089 CC,77.49 bhp,271Nm@ 1618rpm,8
Maruti Swift,2012,69100.0,89289,Diesel,Individual,Manual,First Owner,20.41 kmpl,700 CC,40.8 bhp,187Nm@ 3559rpm,7
Ford Ecosport,2008,56300.0,167968,Petrol,Individual,Manual,Second Owner,19.75 kmpl,905 CC,71.43 bhp,167Nm@ 3704rpm,5
Hyundai i20,2006,39500.0,198501,Petrol,Individual,Automatic,Third Owner,19.61 kmpl,1028 CC,63.16 bhp,74Nm@ 3909rpm,5
BMW 3 Series,2014,454900.0,68200,LPG,Individual,Automatic,First Owner,11.18 kmpl,2924 CC,267.76 bhp,224Nm@ 3092rpm,7
BMW 3 Series,2018,660800.0,53882,CNG,Individual,Manual,First Owner,13.53 kmpl,2594 CC,263.37 bhp,139Nm@ 3849rpm,5
Honda City,2010,107000.0,74161,Diesel,Dealer,Automatic,Second Owner,18.56 kmpl,1007 CC,90.26 bhp,152Nm@ 2662rpm,8
Ford Ecosport,2022,322600.0,50917,Petrol,Trustmark Dealer,Manual,Second Owner,19.83 kmpl,1098 CC,90.01 bhp,111Nm@ 1507rpm,8
Toyota Innova,2019,247500.0,79568,Petrol,Trustmark Dealer,Manual,Third Owner,13.65 kmpl,1641 CC,122.39 bhp,203Nm@ 3718rpm,7
Ford Ecosport,2014,137400.0,138881,Petrol,Individual,Manual,First Owner,18.0 kmpl,1512 CC,77.72 bhp,104Nm@ 2166rpm,5
Hyundai i20,2023,172500.0,194355,Petrol,Dealer,Manual,First Owner,15.54 kmpl,904 CC,52.3 bhp,224Nm@ 2605rpm,5
Toyota Innova,2005,83800.0,119147,Petrol,Individual,Manual,First Owner,16.49 kmpl,1457 CC,114.3 bhp,156Nm@ 2150rpm,5
Skoda Octavia,2023,425300.0,8144,Petrol,Individual,Manual,Third Owner,16.36 kmpl,1243 CC,121.79 bhp,64Nm@ 2891rpm,7
Honda City,2020,288600.0,71181,Diesel,Individual,Automatic,First Owner,20.69 kmpl,1345 CC,75.9 bhp,224Nm@ 1789rpm,7
BMW 3 Series,2021,748900.0,17749,Diesel,Individual,Manual,Second Owner,14.96 kmpl,2564 CC,260.51 bhp,106Nm@ 1711rpm,8
Honda City,2023,233600.0,110744,Petrol,Individual,Manual,Second Owner,16.64 kmpl,922 CC,67.58 bhp,67Nm@ 2545rpm,5
Ford Ecosport,2012,106300.0,95055,Petrol,Dealer,Manual,Second Owner,20.04 kmpl,1206 CC,83.01 bhp,189Nm@ 3983rpm,4
BMW 3 Series,2009,243800.0,129166,Petrol,Individual,Automatic,Second Owner,11.13 kmpl,2916 CC,274.93 bhp,163Nm@ 1666rpm,5
BMW 3 Series,2021,667200.0,67112,Petrol,Individual,Manual,Second Owner,12.62 kmpl,2558 CC,288.14 bhp,139Nm@ 3067rpm,5
Toyota Innova,2022,438600.0,84961,Petrol,Dealer,Manual,Second Owner,17.32 kmpl,1790 CC,117.29 bhp,60Nm@ 2976rpm,5
Mahindra XUV500,2012,91400.0,133220,Petrol,Individual,Manual,Third Owner,17.42 kmpl,1104 CC,80.39 bhp,172Nm@ 2339rpm,5
Tata Nexon,2018,151100.0,130905,Petrol,Dealer,Manual,Second Owner,25.16 kmpl,1106 CC,71.83 bhp,88Nm@ 2924rpm,5
Mahindra XUV500,2005,54400.0,179317,Petrol,Individual,Manual,First Owner,18.44 kmpl,1447 CC,75.92 bhp,119Nm@ 3836rpm,5
Toyota Innova,2011,127800.0,78508,Diesel,Dealer,Manual,First Owner,19.85 kmpl,1312 CC,92.12 bhp,151Nm@ 3564rpm,8
Hyundai i20,2010,69100.0,137585,Petrol,Individual,Manual,First Owner,20.04 kmpl,762 CC,62.93 bhp,252Nm@ 3037rpm,7
Skoda Octavia,2014,204700.0,79390,Petrol,Individual,Automatic,First Owner,19.95 kmpl,1660 CC,95.82 bhp,156Nm@ 2657rpm,5
Audi A4,2013,272700.0,140657,Diesel,Individual,Manual,Third Owner,18.61 kmpl,2810 CC,265.11 bhp,249Nm@ 1524rpm,5
Maruti Swift,2021,258700.0,101742,Petrol,Trustmark Dealer,Manual,Second Owner,19.51 kmpl,1184 CC,70.46 bhp,148Nm@ 3318rpm,5
Mahindra XUV500,2022,401300.0,83885,Petrol,Individual,Manual,First Owner,17.89 kmpl,1549 CC,114.06 bhp,198Nm@ 3586rpm,7
Maruti Swift,2019,248700.0,60568,Diesel,Individual,Manual,First Owner,17.93 kmpl,1036 CC,82.31 bhp,174Nm@ 1774rpm,7
Toyota Innova,2017,323400.0,79403,Petrol,Individual,Automatic,First Owner,22.26 kmpl,1335 CC,139.19 bhp,114Nm@ 3217rpm,5
Ford Ecosport,2013,114900.0,146976,Petrol,Dealer,Manual,First Owner,18.65 kmpl,1169 CC,74.24 bhp,239Nm@ 2728rpm,5
Toyota Innova,2011,129300.0,119515,Petrol,Individual,Manual,First Owner,16.22 kmpl,1162 CC,129.34 bhp,182Nm@ 3850rpm,5
Toyota Innova,2023,415700.0,60404,Diesel,Individual,Manual,First Owner,16.45 kmpl,1144 CC,97.31 bhp,109Nm@ 2066rpm,7
Ford Ecosport,2008,60300.0,83484,Diesel,Individual,Manual,Third Owner,23.7 kmpl,1154 CC,49.08 bhp,130Nm@ 3961rpm,7
BMW 3 Series,2013,356900.0,128577,Diesel,Dealer,Manual,First Owner,11.22 kmpl,2895 CC,273.78 bhp,133Nm@ 3173rpm,5
Honda City,2008,81700.0,123080,Diesel,Individual,Manual,First Owner,18.34 kmpl,1332 CC,69.58 bhp,147Nm@ 1518rpm,5
Honda City,2014,129100.0,160141,Diesel,Individual,Manual,Second Owner,17.8 kmpl,1084 CC,110.4 bhp,171Nm@ 3564rpm,7
Tata Nexon,2017,203900.0,126045,Diesel,Individual,Manual,First Owner,18.65 kmpl,1617 CC,64.75 bhp,84Nm@ 3572rpm,7
Mahindra XUV500,2013,138600.0,155557,Petrol,Dealer,Manual,First Owner,19.4 kmpl,1152 CC,114.79 bhp,101Nm@ 2041rpm,5
BMW 3 Series,2012,220800.0,69164,Petrol,Dealer,Manual,Fourth & Above Owner,13.74 kmpl,2857 CC,216.29 bhp,145Nm@ 1502rpm,8
Mahindra XUV500,2018,228000.0,70147,Diesel,Individual,Manual,Second Owner,18.45 kmpl,1330 CC,76.27 bhp,166Nm@ 3455rpm,5
Skoda Octavia,2013,159000.0,160880,Petrol,Dealer,Manual,First Owner,19.89 kmpl,1521 CC,128.13 bhp,123Nm@ 1719rpm,7
Mahindra XUV500,2021,354600.0,102374,Diesel,Dealer,Automatic,First Owner,14.6 kmpl,1041 CC,109.25 bhp,101Nm@ 2115rpm,5
BMW 3 Series,2012,249100.0,152187,Petrol,Dealer,Manual,Second Owner,14.86 kmpl,2491 CC,263.61 bhp,183Nm@ 2892rpm,5
Mahindra XUV500,2019,235400.0,134195,Diesel,Individual,Manual,First Owner,21.18 kmpl,1379 CC,74.04 bhp,140Nm@ 2337rpm,7
Skoda Octavia,2009,118600.0,105548,Diesel,Individual,Manual,First Owner,20.01 kmpl,1503 CC,110.58 bhp,68Nm@ 1954rpm,7
Skoda Octavia,2017,240800.0,107727,Diesel,Individual,Manual,First Owner,19.59 kmpl,1458 CC,114.43 bhp,144Nm@ 3404rpm,7
Honda City,2015,171100.0,146517,Petrol,Individual,Manual,First Owner,17.56 kmpl,1359 CC,90.87 bhp,173Nm@ 2014rpm,4
Ford Ecosport,2014,179800.0,84695,Petrol,Dealer,Manual,First Owner,18.85 kmpl,1423 CC,109.54 bhp,60Nm@ 2838rpm,7
Ford Ecosport,2023,412600.0,61463,Petrol,Individual,Automatic,First Owner,10.57 kmpl,1280 CC,76.1 bhp,162Nm@ 2948rpm,5
BMW 3 Series,2013,314700.0,115330,Petrol,Dealer,Manual,First Owner,11.75 kmpl,2718 CC,251.99 bhp,139Nm@ 2819rpm,5
Mahindra XUV500,2010,121400.0,89690,Diesel,Individual,Manual,First Owner,28.19 kmpl,1230 CC,104.81 bhp,122Nm@ 2552rpm,5
Skoda Octavia,2021,248700.0,112604,Petrol,Dealer,Manual,Third Owner,19.43 kmpl,1273 CC,108.42 bhp,203Nm@ 1678rpm,7
Toyota Innova,2009,108300.0,136860,CNG,Individual,Manual,First Owner,20.75 kmpl,1310 CC,114.2 bhp,170Nm@ 2424rpm,8
Honda City,2018,172500.0,68680,Diesel,Individual,Manual,First Owner,18.82 kmpl,752 CC,74.49 bhp,77Nm@ 2361rpm,7
Skoda Octavia,2014,149000.0,81050,Petrol,Individual,Manual,Second Owner,14.75 kmpl,1224 CC,91.34 bhp,60Nm@ 3511rpm,7
Ford Ecosport,2010,85800.0,99305,Diesel,Individual,Manual,Third Owner,22.38 kmpl,1155 CC,80.86 bhp,90Nm@ 1725rpm,5
BMW 3 Series,2017,518300.0,118047,LPG,Dealer,Manual,First Owner,8.0 kmpl,2734 CC,244.41 bhp,60Nm@ 3748rpm,7
Mahindra XUV500,2023,470700.0,43948,Petrol,Individual,Manual,First Owner,19.99 kmpl,1385 CC,93.81 bhp,152Nm@ 3112rpm,7
BMW 3 Series,2018,596500.0,48835,Petrol,Individual,Manual,First Owner,15.98 kmpl,2441 CC,264.36 bhp,113Nm@ 2219rpm,5
Mahindra XUV500,2010,100300.0,126362,Diesel,Individual,Manual,First Owner,20.34 kmpl,1223 CC,80.66 bhp,118Nm@ 2650rpm,7
BMW 3 Series,2011,223400.0,172287,Petrol,Dealer,Manual,First Owner,15.58 kmpl,2546 CC,246.85 bhp,111Nm@ 2851rpm,5
Hyundai i20,2017,195200.0,100973,Petrol,Dealer,Manual,First Owner,21.65 kmpl,1069 CC,77.36 bhp,154Nm@ 2370rpm,7
Hyundai i20,2018,194600.0,78524,Diesel,Individual,Manual,First Owner,21.08 kmpl,1075 CC,65.61 bhp,110Nm@ 3215rpm,5
Maruti Swift,2013,98400.0,101939,Diesel,Individual,Manual,First Owner,20.86 kmpl,786 CC,64.94 bhp,101Nm@ 2844rpm,7
Skoda Octavia,2014,154000.0,158019,Diesel,Dealer,Manual,Second Owner,16.8 kmpl,1455 CC,106.95 bhp,155Nm@ 2756rpm,5
Maruti Swift,2007,69100.0,77428,Diesel,Individual,Manual,Second Owner,18.03 kmpl,1239 CC,76.17 bhp,202Nm@ 1792rpm,5
Honda City,2008,54100.0,155700,Diesel,Individual,Manual,First Owner,18.62 kmpl,930 CC,52.39 bhp,107Nm@ 3219rpm,7
Maruti Swift,2014,75700.0,142879,CNG,Individual,Manual,Third Owner,18.6 kmpl,964 CC,42.78 bhp,146Nm@ 3102rpm,5
Audi A4,2014,390800.0,117250,Diesel,Individual,Manual,First Owner,16.18 kmpl,2921 CC,258.29 bhp,193Nm@ 1933rpm,5
Toyota Innova,2016,188600.0,90544,Petrol,Individual,Manual,First Owner,20.07 kmpl,1247 CC,88.87 bhp,171Nm@ 2383rpm,7
Mahindra XUV500,2019,230700.0,115151,Petrol,Individual,Manual,First Owner,23.12 kmpl,1017 CC,96.16 bhp,263Nm@ 3685rpm,7
BMW 3 Series,2021,770300.0,73672,Petrol,Individual,Manual,First Owner,13.08 kmpl,2734 CC,247.46 bhp,161Nm@ 1859rpm,5
Honda City,2015,102000.0,70682,Diesel,Individual,Manual,Third Owner,19.59 kmpl,711 CC,68.52 bhp,157Nm@ 2962rpm,5
Mahindra XUV500,2012,124900.0,117048,Diesel,Dealer,Automatic,Second Owner,19.59 kmpl,1102 CC,99.64 bhp,78Nm@ 1665rpm,5
Maruti Swift,2020,122900.0,127183,Diesel,Individual,Manual,Second Owner,19.81 kmpl,741 CC,35.0 bhp,161Nm@ 3453rpm,5
Audi A4,2019,719400.0,908,Diesel,Dealer,Automatic,Second Owner,12.03 kmpl,2631 CC,262.56 bhp,166Nm@ 2503rpm,5
Honda City,2021,327700.0,37160,Petrol,Trustmark Dealer,Manual,First Owner,21.38 kmpl,1275 CC,79.31 bhp,245Nm@ 2651rpm,8
Ford Ecosport,2020,248200.0,59303,Petrol,Individual,Automatic,First Owner,16.53 kmpl,1112 CC,58.67 bhp,132Nm@ 1670rpm,7
BMW 3 Series,2011,274800.0,132374,CNG,Dealer,Manual,Second Owner,13.23 kmpl,2992 CC,251.58 bhp,106Nm@ 1670rpm,5
Tata Nexon,2009,77600.0,114113,Petrol,Individual,Manual,First Owner,18.56 kmpl,748 CC,86.86 bhp,170Nm@ 1946rpm,7
Honda City,2014,130200.0,104693,Petrol,Individual,Manual,Second Owner,20.62 kmpl,1066 CC,90.13 bhp,154Nm@ 2098rpm,7
Maruti Swift,2022,224400.0,91522,Diesel,Individual,Manual,First Owner,16.54 kmpl,834 CC,54.92 bhp,173Nm@ 2516rpm,5
Audi A4,2013,342200.0,91727,Diesel,Dealer,Automatic,First Owner,13.33 kmpl,2519 CC,245.48 bhp,126Nm@ 3278rpm,5
Hyundai i20,2007,60500.0,138543,Diesel,Dealer,Manual,First Owner,18.69 kmpl,700 CC,84.81 bhp,60Nm@ 3830rpm,8
Skoda Octavia,2011,116200.0,121385,Diesel,Individual,Manual,First Owner,15.33 kmpl,1167 CC,89.23 bhp,63Nm@ 3947rpm,5
Audi A4,2011,279200.0,119617,Diesel,Individual,Manual,First Owner,12.03 kmpl,2750 CC,242.21 bhp,113Nm@ 3183rpm,7
BMW 3 Series,2010,240600.0,87439,Diesel,Individual,Manual,Second Owner,8.79 kmpl,2915 CC,251.32 bhp,74Nm@ 2340rpm,5
Tata Nexon,2023,293200.0,20662,Petrol,Dealer,Manual,Second Owner,17.85 kmpl,872 CC,76.47 bhp,234Nm@ 3325rpm,7
Audi A4,2013,258100.0,143253,Petrol,Individual,Manual,Second Owner,19.49 kmpl,2392 CC,231.8 bhp,218Nm@ 3970rpm,5
Ford Ecosport,2015,110900.0,80959,Diesel,Dealer,Manual,First Owner,18.18 kmpl,919 CC,35.0 bhp,220Nm@ 2909rpm,5
Audi A4,2008,204000.0,116141,Petrol,Individual,Manual,Second Owner,16.68 kmpl,2355 CC,287.42 bhp,105Nm@ 1943rpm,5
Audi A4,2012,301400.0,156617,Petrol,Individual,Manual,First Owner,10.19 kmpl,2774 CC,249.58 bhp,60Nm@ 2087rpm,5
Audi A4,2013,313100.0,153832,Petrol,Individual,Manual,Second Owner,15.43 kmpl,2688 CC,286.84 bhp,124Nm@ 2026rpm,7
Ford Ecosport,2011,71700.0,92942,Diesel,Dealer,Manual,Third Owner,19.36 kmpl,879 CC,77.24 bhp,163Nm@ 2879rpm,7
Skoda Octavia,2005,69200.0,157081,Petrol,Individual,Manual,First Owner,21.95 kmpl,1262 CC,113.39 bhp,116Nm@ 3943rpm,5
Maruti Swift,2017,162400.0,103080,Petrol,Individual,Manual,First Owner,19.28 kmpl,957 CC,71.75 bhp,188Nm@ 2768rpm,5
Honda City,2021,313500.0,39674,Diesel,Dealer,Automatic,Second Owner,19.89 kmpl,1117 CC,95.29 bhp,243Nm@ 2336rpm,7
BMW 3 Series,2012,362500.0,106098,Diesel,Individual,Automatic,First Owner,12.14 kmpl,2913 CC,261.37 bhp,226Nm@ 3605rpm,8
Ford Ecosport,2019,281200.0,83761,Petrol,Individual,Manual,First Owner,13.34 kmpl,1261 CC,99.53 bhp,60Nm@ 3202rpm,5
Toyota Innova,2023,415200.0,133641,Petrol,Individual,Manual,First Owner,18.28 kmpl,1831 CC,101.92 bhp,132Nm@ 2357rpm,7
Honda City,2015,144700.0,136249,Petrol,Dealer,Automatic,First Owner,17.1 kmpl,1168 CC,78.73 bhp,109Nm@ 3407rpm,5
Mahindra XUV500,2021,361500.0,109271,Petrol,Individual,Manual,First Owner,19.72 kmpl,1096 CC,125.79 bhp,180Nm@ 3152rpm,5
Ford Ecosport,2018,141000.0,103209,CNG,Dealer,Manual,Fourth & Above Owner,19.88 kmpl,1218 CC,84.23 bhp,91Nm@ 3524rpm,7
Tata Nexon,2017,153100.0,103630,CNG,Individual,Manual,First Owner,16.42 kmpl,842 CC,81.76 bhp,80Nm@ 3626rpm,7
Skoda Octavia,2023,357200.0,43620,Diesel,Individual,Manual,Second Owner,25.3 kmpl,1247 CC,99.87 bhp,160Nm@ 2241rpm,5
Toyota Innova,2005,99200.0,134206,Diesel,Dealer,Manual,First Owner,15.39 kmpl,1847 CC,135.0 bhp,60Nm@ 3839rpm,7
Hyundai i20,2015,124800.0,134157,Diesel,Individual,Manual,First Owner,20.35 kmpl,1315 CC,41.59 bhp,222Nm@ 2801rpm,5
Hyundai i20,2016,133400.0,91917,Diesel,Individual,Manual,First Owner,21.98 kmpl,1229 CC,38.69 bhp,60Nm@ 2880rpm,7
BMW 3 Series,2014,352100.0,156270,CNG,Individual,Automatic,First Owner,13.75 kmpl,2582 CC,272.66 bhp,269Nm@ 1671rpm,5
Mahindra XUV500,2022,334200.0,105425,Diesel,Individual,Manual,First Owner,19.62 kmpl,1285 CC,99.61 bhp,218Nm@ 3569rpm,5
Hyundai i20,2016,94800.0,98001,Diesel,Individual,Manual,Third Owner,22.13 kmpl,861 CC,44.73 bhp,125Nm@ 3963rpm,4
Ford Ecosport,2009,77700.0,132934,Diesel,Dealer,Manual,First Owner,24.12 kmpl,1015 CC,75.22 bhp,117Nm@ 2088rpm,5
Honda City,2007,83000.0,174106,Diesel,Individual,Manual,First Owner,18.23 kmpl,1432 CC,109.89 bhp,182Nm@ 2516rpm,7
Tata Nexon,2019,251500.0,109292,Petrol,Individual,Manual,First Owner,20.93 kmpl,861 CC,115.27 bhp,188Nm@ 1919rpm,5
BMW 3 Series,2015,362800.0,142697,Diesel,Trustmark Dealer,Manual,First Owner,16.77 kmpl,2507 CC,267.54 bhp,218Nm@ 3684rpm,5
Skoda Octavia,2005,61300.0,162515,Diesel,Individual,Manual,First Owner,18.81 kmpl,1054 CC,112.85 bhp,130Nm@ 2087rpm,5
Hyundai i20,2019,124400.0,129322,LPG,Individual,Automatic,Third Owner,18.05 kmpl,821 CC,41.79 bhp,114Nm@ 1938rpm,5
Maruti Swift,2023,329400.0,45393,Diesel,Trustmark Dealer,Automatic,Second Owner,20.12 kmpl,1293 CC,53.22 bhp,109Nm@ 1918rpm,7
Skoda Octavia,2016,203500.0,117799,Diesel,Individual,Manual,First Owner,23.53 kmpl,1521 CC,91.48 bhp,189Nm@ 3378rpm,7
Maruti Swift,2011,89500.0,193354,Diesel,Dealer,Manual,First Owner,24.78 kmpl,966 CC,81.77 bhp,186Nm@ 1795rpm,5
Maruti Swift,2009,67900.0,95506,Diesel,Individual,Automatic,First Owner,21.7 kmpl,845 CC,50.83 bhp,162Nm@ 2748rpm,5
Skoda Octavia,2023,486500.0,101840,Diesel,Individual,Automatic,First Owner,25.0 kmpl,1494 CC,108.01 bhp,132Nm@ 2027rpm,5
Mahindra XUV500,2023,411300.0,43042,Diesel,Individual,Manual,First Owner,15.49 kmpl,1602 CC,72.8 bhp,183Nm@ 2533rpm,5
BMW 3 Series,2022,882300.0,50834,Petrol,Individual,Manual,Second Owner,9.31 kmpl,2678 CC,274.99 bhp,225Nm@ 2437rpm,5
Audi A4,2013,290100.0,123765,Diesel,Individual,Manual,Third Owner,13.32 kmpl,3000 CC,260.01 bhp,197Nm@ 3281rpm,5
Skoda Octavia,2011,113100.0,121190,CNG,Individual,Manual,Second Owner,18.98 kmpl,1109 CC,100.98 bhp,181Nm@ 2629rpm,7
Tata Nexon,2010,102800.0,89200,Diesel,Individual,Manual,First Owner,18.23 kmpl,1094 CC,78.07 bhp,177Nm@ 1716rpm,7
Tata Nexon,2007,63800.0,124130,CNG,Individual,Manual,First Owner,20.47 kmpl,894 CC,80.9 bhp,209Nm@ 3077rpm,5
Maruti Swift,2017,187100.0,76225,Petrol,Trustmark Dealer,Manual,First Owner,21.27 kmpl,1344 CC,60.13 bhp,128Nm@ 2398rpm,5
Mahindra XUV500,2018,221200.0,62884,Petrol,Individual,Automatic,Third Owner,18.67 kmpl,1389 CC,82.77 bhp,152Nm@ 2723rpm,7
Skoda Octavia,2008,90100.0,183591,Diesel,Dealer,Automatic,First Owner,22.64 kmpl,1414 CC,119.91 bhp,237Nm@ 3222rpm,7
Maruti Swift,2007,53800.0,109215,Petrol,Trustmark Dealer,Manual,First Owner,12.81 kmpl,962 CC,44.83 bhp,119Nm@ 3818rpm,5
Hyundai i20,2008,38000.0,158568,Petrol,Dealer,Manual,Fourth & Above Owner,16.81 kmpl,903 CC,64.34 bhp,161Nm@ 2605rpm,5
Mahindra XUV500,2011,110300.0,120532,Petrol,Individual,Automatic,First Owner,22.14 kmpl,1242 CC,84.91 bhp,60Nm@ 2256rpm,5
Mahindra XUV500,2007,75200.0,106512,Diesel,Individual,Automatic,Second Owner,20.21 kmpl,1032 CC,109.8 bhp,216Nm@ 3236rpm,7
Ford Ecosport,2014,99800.0,82986,Diesel,Individual,Manual,Third Owner,20.92 kmpl,893 CC,78.71 bhp,75Nm@ 3067rpm,5
Maruti Swift,2014,113200.0,104272,Petrol,Individual,Manual,Second Owner,18.64 kmpl,1127 CC,60.42 bhp,166Nm@ 3795rpm,7
Hyundai i20,2014,88800.0,48517,Petrol,Dealer,Manual,Third Owner,21.37 kmpl,972 CC,36.63 bhp,168Nm@ 3507rpm,7
Mahindra XUV500,2012,103100.0,78767,Diesel,Individual,Manual,Second Owner,16.63 kmpl,1068 CC,68.37 bhp,60Nm@ 3484rpm,5
Hyundai i20,2021,168100.0,119399,Petrol,Dealer,Manual,First Owner,16.33 kmpl,902 CC,43.02 bhp,139Nm@ 2577rpm,7
Skoda Octavia,2020,363800.0,72044,Petrol,Trustmark Dealer,Manual,First Owner,18.65 kmpl,1239 CC,128.94 bhp,93Nm@ 2604rpm,5
Ford Ecosport,2016,121800.0,122924,Petrol,Individual,Manual,First Owner,21.79 kmpl,839 CC,54.53 bhp,141Nm@ 2047rpm,4
Tata Nexon,2009,73100.0,142121,Diesel,Trustmark Dealer,Manual,Second Owner,17.71 kmpl,1332 CC,59.29 bhp,220Nm@ 3426rpm,5
BMW 3 Series,2005,114700.0,210149,Petrol,Dealer,Manual,Second Owner,16.05 kmpl,2385 CC,264.74 bhp,154Nm@ 3342rpm,5
Skoda Octavia,2020,316500.0,49518,Petrol,Individual,Manual,Second Owner,22.86 kmpl,1241 CC,117.25 bhp,128Nm@ 1600rpm,7
Ford Ecosport,2010,60400.0,131521,Diesel,Individual,Manual,Third Owner,15.14 kmpl,805 CC,72.73 bhp,103Nm@ 3915rpm,7
Skoda Octavia,2015,176900.0,92228,Diesel,Individual,Automatic,Second Owner,13.98 kmpl,1468 CC,81.07 bhp,150Nm@ 2058rpm,5
BMW 3 Series,2017,564300.0,87588,Diesel,Dealer,Automatic,First Owner,8.99 kmpl,2759 CC,258.47 bhp,60Nm@ 2286rpm,5
Maruti Swift,2016,165100.0,124250,Diesel,Individual,Manual,First Owner,21.75 kmpl,1178 CC,70.66 bhp,130Nm@ 2641rpm,7
Audi A4,2012,313900.0,90030,Petrol,Individual,Manual,First Owner,17.87 kmpl,2569 CC,246.04 bhp,60Nm@ 2959rpm,7
Toyota Innova,2015,192500.0,146950,Diesel,Trustmark Dealer,Manual,Second Owner,19.65 kmpl,1642 CC,135.72 bhp,112Nm@ 2980rpm,5
Tata Nexon,2019,242700.0,50577,Diesel,Dealer,Automatic,Third Owner,14.61 kmpl,1474 CC,80.34 bhp,60Nm@ 3032rpm,7
Mahindra XUV500,2017,162900.0,131280,Petrol,Individual,Manual,Third Owner,17.35 kmpl,1370 CC,87.79 bhp,182Nm@ 1642rpm,5
Honda City,2009,80100.0,139006,Petrol,Individual,Manual,First Owner,24.87 kmpl,1218 CC,53.28 bhp,106Nm@ 2537rpm,7
Audi A4,2016,445100.0,146000,Diesel,Dealer,Manual,First Owner,14.4 kmpl,2906 CC,275.18 bhp,90Nm@ 2604rpm,7
Audi A4,2006,179600.0,120845,Petrol,Individual,Manual,First Owner,10.97 kmpl,2562 CC,253.74 bhp,114Nm@ 2373rpm,7
Mahindra XUV500,2022,361800.0,91523,Diesel,Trustmark Dealer,Automatic,First Owner,13.89 kmpl,1436 CC,80.45 bhp,60Nm@ 2969rpm,4
Audi A4,2010,231600.0,181518,Petrol,Individual,Automatic,First Owner,15.08 kmpl,2426 CC,268.89 bhp,104Nm@ 2324rpm,5
Toyota Innova,2016,231800.0,74972,Petrol,Dealer,Manual,Second Owner,16.46 kmpl,1649 CC,113.95 bhp,118Nm@ 1934rpm,5
Hyundai i20,2022,270600.0,32765,Diesel,Individual,Manual,Second Owner,16.56 kmpl,977 CC,77.62 bhp,201Nm@ 2240rpm,7
Honda City,2020,224600.0,102093,Diesel,Individual,Automatic,Second Owner,18.69 kmpl,769 CC,85.92 bhp,161Nm@ 2773rpm,5
Hyundai i20,2015,136000.0,111886,Petrol,Dealer,Manual,First Owner,24.94 kmpl,838 CC,76.54 bhp,196Nm@ 2920rpm,4
Ford Ecosport,2015,136000.0,112760,Diesel,Individual,Manual,Third Owner,21.78 kmpl,1245 CC,98.34 bhp,184Nm@ 2399rpm,5
Audi A4,2009,237800.0,127557,Diesel,Individual,Manual,First Owner,14.38 kmpl,2672 CC,265.87 bhp,173Nm@ 2373rpm,8
BMW 3 Series,2016,345200.0,145890,Petrol,Individual,Manual,Third Owner,13.33 kmpl,2927 CC,254.19 bhp,160Nm@ 2565rpm,5
Mahindra XUV500,2008,85900.0,88253,Petrol,Trustmark Dealer,Automatic,First Owner,20.69 kmpl,1047 CC,77.36 bhp,105Nm@ 2513rpm,5
Toyota Innova,2022,426400.0,71360,Diesel,Individual,Manual,Second Owner,17.17 kmpl,1505 CC,127.09 bhp,72Nm@ 3497rpm,5
Toyota Innova,2013,185100.0,98672,Diesel,Trustmark Dealer,Manual,First Owner,16.66 kmpl,1705 CC,99.69 bhp,257Nm@ 2060rpm,5
Mahindra XUV500,2008,68300.0,106267,Petrol,Individual,Manual,Second Owner,23.97 kmpl,1177 CC,87.51 bhp,153Nm@ 2188rpm,8
Audi A4,2020,639200.0,146505,Diesel,Trustmark Dealer,Manual,First Owner,14.89 kmpl,2858 CC,276.2 bhp,187Nm@ 1706rpm,7
Tata Nexon,2020,269700.0,18831,Petrol,Dealer,Manual,First Owner,19.69 kmpl,1014 CC,70.61 bhp,60Nm@ 3975rpm,7
Ford Ecosport,2008,63800.0,171957,Diesel,Individual,Manual,First Owner,18.03 kmpl,766 CC,76.47 bhp,161Nm@ 2716rpm,5
Maruti Swift,2011,71100.0,164751,Diesel,Individual,Manual,First Owner,21.96 kmpl,1035 CC,58.01 bhp,180Nm@ 3369rpm,5
Skoda Octavia,2005,53000.0,192725,LPG,Individual,Manual,Third Owner,19.62 kmpl,1293 CC,127.68 bhp,153Nm@ 1524rpm,7
Ford Ecosport,2022,195900.0,87359,Petrol,Dealer,Manual,Second Owner,18.98 kmpl,883 CC,49.19 bhp,116Nm@ 3503rpm,7
Toyota Innova,2016,201900.0,91028,CNG,Trustmark Dealer,Manual,Second Owner,16.67 kmpl,1423 CC,125.52 bhp,129Nm@ 2542rpm,4
Maruti Swift,2009,62800.0,197591,Diesel,Individual,Automatic,Third Owner,26.84 kmpl,1402 CC,59.39 bhp,262Nm@ 3461rpm,5
BMW 3 Series,2023,1182100.0,17019,Petrol,Individual,Manual,First Owner,18.07 kmpl,2987 CC,254.79 bhp,171Nm@ 2888rpm,5
Toyota Innova,2005,83300.0,164621,Diesel,Individual,Manual,First Owner,16.08 kmpl,1657 CC,117.82 bhp,208Nm@ 3468rpm,5
Hyundai i20,2016,178400.0,127261,Petrol,Individual,Manual,First Owner,19.65 kmpl,1249 CC,71.53 bhp,216Nm@ 2921rpm,5
Toyota Innova,2011,120800.0,117906,Diesel,Individual,Manual,First Owner,19.77 kmpl,1387 CC,109.29 bhp,144Nm@ 3680rpm,5
Hyundai i20,2014,145100.0,61767,Petrol,Trustmark Dealer,Manual,Second Owner,13.56 kmpl,1073 CC,85.32 bhp,122Nm@ 1544rpm,5
Audi A4,2023,851700.0,89801,Diesel,Dealer,Manual,First Owner,12.71 kmpl,2941 CC,237.09 bhp,127Nm@ 3052rpm,5
Toyota Innova,2010,94300.0,151978,Diesel,Individual,Manual,Third Owner,21.09 kmpl,1369 CC,132.46 bhp,215Nm@ 3002rpm,5
Skoda Octavia,2016,223100.0,70017,Petrol,Individual,Manual,First Owner,18.22 kmpl,1436 CC,86.11 bhp,108Nm@ 2871rpm,8
Audi A4,2019,546200.0,127910,Petrol,Individual,Manual,Second Owner,21.5 kmpl,3000 CC,262.21 bhp,256Nm@ 2338rpm,5
Hyundai i20,2010,77300.0,124610,Diesel,Individual,Manual,First Owner,15.9 kmpl,800 CC,67.15 bhp,185Nm@ 3287rpm,7
Maruti Swift,2012,63100.0,181064,Petrol,Individual,Manual,Second Owner,22.95 kmpl,875 CC,47.93 bhp,84Nm@ 2823rpm,5
Hyundai i20,2005,52700.0,150702,Petrol,Individual,Manual,First Owner,17.25 kmpl,894 CC,75.12 bhp,196Nm@ 2422rpm,5
Audi A4,2011,215900.0,105781,Diesel,Trustmark Dealer,Manual,Third Owner,12.15 kmpl,2575 CC,265.08 bhp,200Nm@ 3726rpm,7
Tata Nexon,2008,62500.0,183052,Petrol,Dealer,Automatic,First Owner,18.81 kmpl,1000 CC,60.54 bhp,195Nm@ 1946rpm,5
Honda City,2007,59400.0,131618,Diesel,Individual,Manual,Second Owner,21.9 kmpl,959 CC,80.51 bhp,196Nm@ 3557rpm,5
Hyundai i20,2016,144700.0,123615,Diesel,Dealer,Automatic,Second Owner,19.45 kmpl,1036 CC,73.3 bhp,129Nm@ 3289rpm,7
Maruti Swift,2020,213100.0,119047,Petrol,Individual,Manual,First Owner,20.79 kmpl,1099 CC,67.94 bhp,220Nm@ 3430rpm,5
Skoda Octavia,2012,150700.0,183526,Diesel,Individual,Manual,First Owner,16.83 kmpl,1330 CC,132.28 bhp,177Nm@ 3189rpm,7
Audi A4,2020,704600.0,75566,Diesel,Trustmark Dealer,Manual,First Owner,14.86 kmpl,2502 CC,260.97 bhp,146Nm@ 3340rpm,5
Skoda Octavia,2009,83300.0,139210,Diesel,Dealer,Manual,Second Owner,20.64 kmpl,1168 CC,108.18 bhp,72Nm@ 3553rpm,5
Audi A4,2010,256000.0,161359,Petrol,Individual,Automatic,First Owner,15.66 kmpl,2690 CC,254.93 bhp,189Nm@ 2739rpm,4
Mahindra XUV500,2016,213200.0,99194,Diesel,Trustmark Dealer,Automatic,First Owner,17.1 kmpl,1332 CC,81.86 bhp,160Nm@ 3302rpm,5
Maruti Swift,2019,135600.0,118855,Petrol,Individual,Manual,Fourth & Above Owner,19.96 kmpl,868 CC,78.79 bhp,137Nm@ 1675rpm,5
Hyundai i20,2013,97000.0,65618,Petrol,Dealer,Manual,First Owner,21.56 kmpl,766 CC,61.54 bhp,200Nm@ 3115rpm,7
Audi A4,2023,1009900.0,57389,Diesel,Dealer,Manual,First Owner,15.03 kmpl,2602 CC,276.11 bhp,268Nm@ 3931rpm,7
Tata Nexon,2019,265300.0,122041,Petrol,Dealer,Automatic,First Owner,19.03 kmpl,1310 CC,99.43 bhp,194Nm@ 2254rpm,8
BMW 3 Series,2023,832600.0,81957,Diesel,Individual,Manual,First Owner,14.96 kmpl,2522 CC,262.43 bhp,188Nm@ 1599rpm,5
Hyundai i20,2013,98000.0,96318,Diesel,Dealer,Manual,First Owner,16.91 kmpl,740 CC,60.96 bhp,139Nm@ 3649rpm,7
Audi A4,2022,759400.0,70649,Petrol,Individual,Manual,Second Owner,11.75 kmpl,2598 CC,257.3 bhp,61Nm@ 2552rpm,7
Honda City,2013,130700.0,70806,Diesel,Trustmark Dealer,Manual,First Owner,24.82 kmpl,1134 CC,66.66 bhp,223Nm@ 1557rpm,7
Audi A4,2016,452700.0,105848,Diesel,Dealer,Manual,First Owner,14.12 kmpl,2361 CC,270.44 bhp,207Nm@ 2721rpm,4
Audi A4,2021,829300.0,72441,Petrol,Dealer,Manual,First Owner,16.81 kmpl,2630 CC,267.34 bhp,97Nm@ 2787rpm,5
Hyundai i20,2019,218800.0,78703,Petrol,Individual,Manual,First Owner,23.04 kmpl,700 CC,96.49 bhp,149Nm@ 1668rpm,5
Maruti Swift,2023,266200.0,59293,LPG,Individual,Manual,First Owner,21.78 kmpl,751 CC,58.46 bhp,240Nm@ 3142rpm,5
Tata Nexon,2005,87600.0,93357,Petrol,Individual,Automatic,First Owner,19.18 kmpl,1646 CC,72.53 bhp,136Nm@ 2157rpm,7
BMW 3 Series,2012,354300.0,90838,Diesel,Individual,Manual,First Owner,14.61 kmpl,2849 CC,259.66 bhp,143Nm@ 2627rpm,7
Hyundai i20,2017,126600.0,49793,Diesel,Individual,Manual,Third Owner,19.41 kmpl,862 CC,48.33 bhp,127Nm@ 2203rpm,4
Maruti Swift,2023,253700.0,88809,Diesel,Dealer,Manual,Second Owner,16.83 kmpl,1072 CC,63.77 bhp,79Nm@ 2929rpm,5
Toyota Innova,2015,233300.0,67702,Diesel,Individual,Manual,First Owner,20.28 kmpl,1397 CC,120.79 bhp,132Nm@ 2718rpm,5
Audi A4,2018,582100.0,102902,Petrol,Dealer,Manual,First Owner,11.34 kmpl,2684 CC,261.11 bhp,222Nm@ 3279rpm,5
Honda City,2016,130200.0,80751,Petrol,Trustmark Dealer,Manual,Third Owner,21.19 kmpl,1147 CC,62.11 bhp,163Nm@ 1530rpm,5
Tata Nexon,2006,71000.0,144278,Diesel,Trustmark Dealer,Automatic,Second Owner,17.69 kmpl,1199 CC,96.68 bhp,106Nm@ 3204rpm,5
BMW 3 Series,2007,137100.0,99385,Petrol,Dealer,Manual,Fourth & Above Owner,15.42 kmpl,2541 CC,260.51 bhp,196Nm@ 3934rpm,7
Ford Ecosport,2009,77400.0,184151,Diesel,Individual,Manual,First Owner,18.5 kmpl,1313 CC,77.58 bhp,185Nm@ 2148rpm,7
Skoda Octavia,2022,347000.0,77078,CNG,Dealer,Manual,First Owner,18.26 kmpl,1122 CC,87.85 bhp,121Nm@ 2015rpm,7
Audi A4,2009,244600.0,121000,Diesel,Dealer,Manual,First Owner,10.91 kmpl,2972 CC,260.4 bhp,188Nm@ 3945rpm,7
Toyota Innova,2023,516000.0,51219,Petrol,Individual,Manual,Second Owner,21.61 kmpl,1550 CC,119.21 bhp,188Nm@ 2420rpm,7
Toyota Innova,2014,253800.0,77042,Petrol,Individual,Manual,First Owner,16.72 kmpl,1844 CC,144.65 bhp,180Nm@ 3775rpm,5
Maruti Swift,2013,117200.0,49289,Petrol,Individual,Manual,First Owner,19.94 kmpl,700 CC,58.62 bhp,86Nm@ 2644rpm,7
Audi A4,2011,241900.0,166214,Diesel,Dealer,Manual,First Owner,11.38 kmpl,2530 CC,259.79 bhp,190Nm@ 1837rpm,5
Hyundai i20,2009,71500.0,163230,LPG,Individual,Manual,First Owner,23.77 kmpl,931 CC,84.73 bhp,121Nm@ 3136rpm,5
Ford Ecosport,2019,225900.0,80997,Diesel,Dealer,Manual,Second Owner,20.11 kmpl,700 CC,116.72 bhp,117Nm@ 3986rpm,8
Hyundai i20,2018,130600.0,173830,CNG,Individual,Manual,First Owner,19.22 kmpl,785 CC,68.61 bhp,121Nm@ 2317rpm,7
Tata Nexon,2017,181500.0,46585,Petrol,Dealer,Manual,First Owner,18.64 kmpl,926 CC,60.33 bhp,161Nm@ 3357rpm,5
Hyundai i20,2019,190500.0,41097,Diesel,Trustmark Dealer,Manual,Second Owner,21.23 kmpl,785 CC,76.9 bhp,176Nm@ 3827rpm,5
Mahindra XUV500,2006,68400.0,106557,Petrol,Individual,Automatic,Second Owner,20.11 kmpl,857 CC,95.69 bhp,148Nm@ 3827rpm,7
Skoda Octavia,2014,219800.0,119706,Diesel,Trustmark Dealer,Manual,First Owner,20.67 kmpl,1845 CC,117.65 bhp,113Nm@ 3458rpm,4
Tata Nexon,2018,197100.0,84997,Petrol,Individual,Manual,First Owner,17.58 kmpl,1157 CC,80.23 bhp,89Nm@ 2418rpm,5
Tata Nexon,2018,210400.0,117361,Petrol,Individual,Manual,First Owner,16.71 kmpl,1284 CC,83.51 bhp,104Nm@ 1823rpm,5
Honda City,2023,259700.0,125706,Petrol,Individual,Manual,Third Owner,22.72 kmpl,1093 CC,99.88 bhp,132Nm@ 1878rpm,8
Hyundai i20,2013,120000.0,91979,Petrol,Trustmark Dealer,Manual,Second Owner,25.9 kmpl,1135 CC,67.29 bhp,152Nm@ 3804rpm,5
Toyota Innova,2005,90800.0,104800,Diesel,Individual,Manual,First Owner,17.76 kmpl,1198 CC,132.68 bhp,94Nm@ 2801rpm,7
Skoda Octavia,2011,124500.0,173506,Diesel,Individual,Manual,First Owner,18.4 kmpl,1582 CC,106.98 bhp,272Nm@ 3324rpm,5
Maruti Swift,2017,119200.0,161027,Diesel,Dealer,Manual,First Owner,22.91 kmpl,766 CC,56.63 bhp,143Nm@ 2420rpm,5
Maruti Swift,2021,251200.0,77975,Diesel,Individual,Manual,First Owner,20.73 kmpl,1193 CC,52.83 bhp,106Nm@ 2938rpm,7
Mahindra XUV500,2015,175600.0,121173,Petrol,Individual,Manual,First Owner,20.38 kmpl,1142 CC,115.7 bhp,89Nm@ 1844rpm,5
Skoda Octavia,2016,230000.0,93492,Petrol,Individual,Manual,First Owner,13.84 kmpl,1564 CC,105.46 bhp,180Nm@ 2164rpm,7
Tata Nexon,2017,213500.0,104137,Petrol,Individual,Manual,First Owner,22.06 kmpl,1276 CC,112.29 bhp,179Nm@ 1891rpm,7
Maruti Swift,2005,42000.0,143485,Diesel,Individual,Automatic,Second Owner,14.6 kmpl,855 CC,64.29 bhp,77Nm@ 2116rpm,7
Toyota Innova,2016,234100.0,80002,Diesel,Individual,Automatic,Second Owner,16.66 kmpl,1579 CC,126.93 bhp,206Nm@ 2841rpm,5
Ford Ecosport,2022,279500.0,121607,Petrol,Individual,Manual,First Owner,17.81 kmpl,931 CC,81.17 bhp,83Nm@ 3768rpm,7
Mahindra XUV500,2018,192500.0,57468,Petrol,Individual,Manual,Fourth & Above Owner,21.55 kmpl,978 CC,122.78 bhp,117Nm@ 2389rpm,5
Maruti Swift,2018,135900.0,69609,Petrol,Individual,Manual,Fourth & Above Owner,20.44 kmpl,1040 CC,65.27 bhp,263Nm@ 3592rpm,7
Maruti Swift,2008,75900.0,100817,Diesel,Dealer,Manual,Second Owner,22.16 kmpl,1031 CC,80.49 bhp,200Nm@ 1822rpm,5
Hyundai i20,2023,196000.0,85947,Diesel,Individual,Manual,Third Owner,19.69 kmpl,819 CC,50.81 bhp,89Nm@ 1548rpm,5
Toyota Innova,2009,114200.0,120743,Diesel,Individual,Automatic,Second Owner,21.03 kmpl,1432 CC,113.17 bhp,60Nm@ 2094rpm,5
Audi A4,2009,202100.0,141742,Petrol,Individual,Manual,Second Owner,15.36 kmpl,2561 CC,250.11 bhp,124Nm@ 3776rpm,7
Hyundai i20,2013,89300.0,139932,Petrol,Individual,Manual,First Owner,16.4 kmpl,913 CC,36.06 bhp,158Nm@ 1591rpm,5
Maruti Swift,2005,30000.0,233291,Diesel,Dealer,Manual,First Owner,21.95 kmpl,701 CC,51.69 bhp,125Nm@ 1999rpm,5
Ford Ecosport,2017,210200.0,51077,Petrol,Individual,Manual,First Owner,23.14 kmpl,1134 CC,82.33 bhp,140Nm@ 2019rpm,7
Skoda Octavia,2007,81100.0,123087,Petrol,Individual,Manual,First Owner,19.28 kmpl,1418 CC,96.37 bhp,96Nm@ 3129rpm,5
Honda City,2020,283100.0,94594,Diesel,Individual,Automatic,First Owner,19.97 kmpl,700 CC,112.36 bhp,112Nm@ 3702rpm,5
Audi A4,2017,495400.0,101711,Petrol,Dealer,Manual,First Owner,12.75 kmpl,2573 CC,245.38 bhp,220Nm@ 2839rpm,5
Toyota Innova,2016,204600.0,92790,Petrol,Individual,Manual,First Owner,16.57 kmpl,1398 CC,105.81 bhp,115Nm@ 3933rpm,7
Mahindra XUV500,2019,216100.0,87063,Petrol,Individual,Manual,Third Owner,23.37 kmpl,1261 CC,103.25 bhp,92Nm@ 3395rpm,7
Toyota Innova,2006,97800.0,98414,Diesel,Dealer,Manual,First Owner,18.5 kmpl,1325 CC,135.45 bhp,122Nm@ 3943rpm,7
Mahindra XUV500,2022,360200.0,52518,Petrol,Dealer,Manual,Third Owner,21.67 kmpl,1587 CC,112.64 bhp,184Nm@ 2446rpm,5
Honda City,2015,126000.0,203431,Diesel,Individual,Manual,First Owner,24.26 kmpl,1207 CC,89.88 bhp,90Nm@ 1925rpm,5
Audi A4,2023,820200.0,115629,Diesel,Individual,Manual,First Owner,9.2 kmpl,2603 CC,238.95 bhp,111Nm@ 2478rpm,7
Toyota Innova,2012,144400.0,115164,Diesel,Individual,Manual,First Owner,11.9 kmpl,1509 CC,105.12 bhp,295Nm@ 1870rpm,5
Ford Ecosport,2011,89200.0,110465,Petrol,Individual,Manual,First Owner,23.06 kmpl,790 CC,78.12 bhp,90Nm@ 3496rpm,7
Hyundai i20,2006,50000.0,154310,Petrol,Dealer,Automatic,Second Owner,18.27 kmpl,887 CC,77.28 bhp,152Nm@ 2594rpm,7
Skoda Octavia,2016,188100.0,142891,Petrol,Trustmark Dealer,Manual,First Owner,18.09 kmpl,1247 CC,100.73 bhp,129Nm@ 2551rpm,5
Toyota Innova,2020,235500.0,75180,Diesel,Dealer,Manual,Fourth & Above Owner,14.67 kmpl,1382 CC,109.84 bhp,60Nm@ 3439rpm,5
Audi A4,2013,342800.0,42061,Diesel,Individual,Manual,Second Owner,18.3 kmpl,2524 CC,247.13 bhp,127Nm@ 3333rpm,8
Honda City,2021,291400.0,62888,Diesel,Individual,Manual,First Owner,24.12 kmpl,873 CC,80.41 bhp,140Nm@ 2301rpm,5
Audi A4,2010,300700.0,86666,CNG,Individual,Automatic,First Owner,14.15 kmpl,2792 CC,257.18 bhp,98Nm@ 2662rpm,5
Ford Ecosport,2015,158700.0,91570,Diesel,Individual,Manual,First Owner,15.46 kmpl,1311 CC,59.28 bhp,164Nm@ 2067rpm,5
Mahindra XUV500,2023,390400.0,52110,Diesel,Dealer,Manual,First Owner,21.02 kmpl,1106 CC,82.99 bhp,98Nm@ 2326rpm,5
BMW 3 Series,2020,656600.0,65571,Petrol,Individual,Manual,First Owner,12.43 kmpl,2623 CC,230.36 bhp,91Nm@ 1949rpm,7
BMW 3 Series,2007,181200.0,180081,Petrol,Individual,Manual,First Owner,13.74 kmpl,2727 CC,281.13 bhp,200Nm@ 2659rpm,5
Honda City,2007,66900.0,112297,Diesel,Dealer,Manual,Third Owner,23.11 kmpl,1134 CC,90.42 bhp,196Nm@ 2369rpm,5
Ford Ecosport,2008,60200.0,202498,Diesel,Individual,Manual,Third Owner,21.27 kmpl,1125 CC,113.85 bhp,145Nm@ 2965rpm,5
Ford Ecosport,2006,85300.0,71143,Petrol,Dealer,Manual,First Owner,19.29 kmpl,1395 CC,87.15 bhp,174Nm@ 2123rpm,5
Hyundai i20,2021,359400.0,500,Diesel,Dealer,Manual,First Owner,16.06 kmpl,1158 CC,77.92 bhp,60Nm@ 3050rpm,8
Hyundai i20,2018,125400.0,59166,Diesel,Individual,Manual,Third Owner,19.31 kmpl,753 CC,54.54 bhp,96Nm@ 3374rpm,5
Hyundai i20,2005,48800.0,127073,Diesel,Individual,Manual,First Owner,22.45 kmpl,876 CC,60.25 bhp,257Nm@ 1509rpm,7
Maruti Swift,2011,72600.0,105290,Diesel,Dealer,Manual,First Owner,20.33 kmpl,1022 CC,35.0 bhp,105Nm@ 3166rpm,4
BMW 3 Series,2013,400300.0,82027,Petrol,Dealer,Manual,First Owner,12.17 kmpl,2958 CC,248.76 bhp,177Nm@ 2120rpm,5
Toyota Innova,2005,71000.0,122716,Petrol,Individual,Automatic,Third Owner,20.63 kmpl,1331 CC,126.8 bhp,127Nm@ 3853rpm,5
BMW 3 Series,2007,195800.0,133774,Petrol,Individual,Automatic,First Owner,9.65 kmpl,2490 CC,259.61 bhp,173Nm@ 3221rpm,7
BMW 3 Series,2020,580100.0,153779,Petrol,Individual,Manual,First Owner,11.17 kmpl,2708 CC,272.07 bhp,188Nm@ 1823rpm,4
Maruti Swift,2021,220800.0,73886,Diesel,Individual,Manual,First Owner,20.08 kmpl,916 CC,53.42 bhp,149Nm@ 2874rpm,5
Audi A4,2009,210700.0,142330,Diesel,Individual,Automatic,Second Owner,13.17 kmpl,2662 CC,258.45 bhp,179Nm@ 1794rpm,4
Ford Ecosport,2007,89300.0,91516,Petrol,Dealer,Manual,First Owner,18.22 kmpl,1224 CC,107.93 bhp,155Nm@ 3443rpm,7
Honda City,2005,57000.0,138106,Diesel,Trustmark Dealer,Manual,First Owner,18.38 kmpl,904 CC,88.58 bhp,186Nm@ 3300rpm,5
Tata Nexon,2013,94800.0,124299,Diesel,Trustmark Dealer,Manual,Second Owner,17.95 kmpl,1033 CC,59.5 bhp,129Nm@ 2234rpm,7
Ford Ecosport,2006,60600.0,167524,Petrol,Individual,Manual,Second Owner,17.68 kmpl,971 CC,104.95 bhp,214Nm@ 3158rpm,7
Ford Ecosport,2010,91600.0,95425,Petrol,Dealer,Manual,Second Owner,22.16 kmpl,940 CC,77.31 bhp,114Nm@ 3903rpm,8
Audi A4,2021,809500.0,74562,Petrol,Individual,Manual,First Owner,8.05 kmpl,2766 CC,257.04 bhp,197Nm@ 2370rpm,5
Honda City,2008,66200.0,144590,CNG,Trustmark Dealer,Manual,First Owner,17.86 kmpl,891 CC,82.15 bhp,115Nm@ 2722rpm,7
Honda City,2011,121500.0,75615,Diesel,Individual,Manual,Second Owner,18.85 kmpl,1435 CC,89.29 bhp,117Nm@ 1864rpm,7
Audi A4,2013,246400.0,189871,Diesel,Individual,Manual,Second Owner,18.46 kmpl,2821 CC,254.95 bhp,176Nm@ 1941rpm,5
BMW 3 Series,2019,595500.0,90244,Petrol,Dealer,Manual,First Owner,13.08 kmpl,2446 CC,262.03 bhp,223Nm@ 3401rpm,5
Mahindra XUV500,2015,129600.0,123457,Diesel,Individual,Manual,First Owner,13.29 kmpl,1046 CC,84.28 bhp,130Nm@ 2954rpm,7
Audi A4,2009,235000.0,135329,Diesel,Dealer,Automatic,Second Owner,12.32 kmpl,2714 CC,275.52 bhp,154Nm@ 3815rpm,7
Ford Ecosport,2010,91100.0,123373,Diesel,Trustmark Dealer,Manual,First Owner,16.43 kmpl,1371 CC,61.09 bhp,60Nm@ 3084rpm,5
Toyota Innova,2022,440900.0,57846,Petrol,Individual,Automatic,First Owner,20.85 kmpl,1218 CC,96.07 bhp,106Nm@ 2212rpm,5
Mahindra XUV500,2016,212800.0,45467,Petrol,Individual,Manual,First Owner,27.5 kmpl,1043 CC,102.35 bhp,177Nm@ 1736rpm,5
Honda City,2018,236300.0,137134,Diesel,Individual,Manual,First Owner,19.46 kmpl,1398 CC,97.06 bhp,270Nm@ 2143rpm,7
Ford Ecosport,2008,89900.0,98368,Petrol,Dealer,Manual,First Owner,20.95 kmpl,864 CC,105.5 bhp,107Nm@ 3172rpm,5
Hyundai i20,2014,117500.0,80664,Petrol,Individual,Manual,First Owner,20.71 kmpl,1233 CC,36.8 bhp,75Nm@ 3373rpm,5
Tata Nexon,2006,70100.0,100981,Diesel,Trustmark Dealer,Manual,First Owner,22.95 kmpl,1071 CC,81.94 bhp,60Nm@ 1963rpm,7
Honda City,2021,175200.0,90977,Diesel,Individual,Manual,Second Owner,21.36 kmpl,749 CC,63.39 bhp,171Nm@ 2613rpm,5
Toyota Innova,2017,253000.0,121234,Petrol,Individual,Manual,First Owner,16.65 kmpl,1462 CC,110.09 bhp,95Nm@ 3472rpm,5
Toyota Innova,2023,379300.0,117454,Petrol,Individual,Automatic,Second Owner,26.08 kmpl,1294 CC,109.08 bhp,172Nm@ 3832rpm,5
BMW 3 Series,2005,125600.0,134598,Petrol,Trustmark Dealer,Manual,Third Owner,18.5 kmpl,2570 CC,267.64 bhp,157Nm@ 2645rpm,7
Honda City,2010,74900.0,158353,LPG,Dealer,Manual,First Owner,20.18 kmpl,1064 CC,56.09 bhp,136Nm@ 1643rpm,5
Maruti Swift,2017,176400.0,99255,Petrol,Dealer,Manual,First Owner,20.31 kmpl,1239 CC,70.56 bhp,158Nm@ 2088rpm,7
Honda City,2022,265800.0,76929,Diesel,Dealer,Manual,Third Owner,19.2 kmpl,1178 CC,93.37 bhp,97Nm@ 3856rpm,5
Tata Nexon,2005,51900.0,130052,Petrol,Individual,Manual,First Owner,20.82 kmpl,1125 CC,65.49 bhp,60Nm@ 2684rpm,7
Maruti Swift,2012,72300.0,157334,Diesel,Individual,Manual,First Owner,21.21 kmpl,920 CC,35.0 bhp,99Nm@ 1886rpm,5
Hyundai i20,2005,30600.0,169588,Diesel,Individual,Manual,Third Owner,18.5 kmpl,892 CC,44.89 bhp,173Nm@ 3316rpm,5
BMW 3 Series,2005,142100.0,148701,LPG,Individual,Manual,Second Owner,12.06 kmpl,2840 CC,252.08 bhp,142Nm@ 3811rpm,7
Maruti Swift,2009,65500.0,81098,Petrol,Individual,Manual,Second Owner,19.35 kmpl,746 CC,64.89 bhp,208Nm@ 3891rpm,7
Skoda Octavia,2010,103800.0,108422,CNG,Dealer,Manual,First Owner,19.41 kmpl,1025 CC,98.52 bhp,288Nm@ 1596rpm,7
Honda City,2013,119700.0,153662,Petrol,Individual,Manual,Second Owner,22.41 kmpl,875 CC,113.14 bhp,121Nm@ 3541rpm,7
BMW 3 Series,2009,236300.0,96350,Petrol,Individual,Automatic,Third Owner,12.36 kmpl,2787 CC,268.37 bhp,175Nm@ 3984rpm,7
BMW 3 Series,2010,211900.0,104278,Petrol,Individual,Automatic,Fourth & Above Owner,13.9 kmpl,2814 CC,244.87 bhp,98Nm@ 3085rpm,5
Skoda Octavia,2016,226400.0,90016,Diesel,Individual,Manual,First Owner,15.41 kmpl,1496 CC,107.29 bhp,141Nm@ 1816rpm,8
Mahindra XUV500,2021,442200.0,30061,Diesel,Individual,Manual,First Owner,19.21 kmpl,1364 CC,105.59 bhp,133Nm@ 3414rpm,7
Tata Nexon,2009,81700.0,91194,Petrol,Individual,Manual,Third Owner,15.9 kmpl,1384 CC,74.42 bhp,150Nm@ 1914rpm,5
Maruti Swift,2009,64500.0,129726,Petrol,Individual,Manual,Second Owner,22.17 kmpl,732 CC,76.46 bhp,129Nm@ 3839rpm,5
Maruti Swift,2013,91200.0,154070,Petrol,Individual,Manual,First Owner,19.6 kmpl,912 CC,52.64 bhp,114Nm@ 3089rpm,7
Toyota Innova,2023,467200.0,48169,Diesel,Individual,Manual,First Owner,12.65 kmpl,1255 CC,123.64 bhp,142Nm@ 2780rpm,7
Skoda Octavia,2020,289800.0,78305,CNG,Individual,Manual,First Owner,16.03 kmpl,1353 CC,94.47 bhp,187Nm@ 3305rpm,7
Skoda Octavia,2020,375700.0,55117,Petrol,Trustmark Dealer,Manual,First Owner,19.82 kmpl,1570 CC,101.84 bhp,312Nm@ 3721rpm,7
Mahindra XUV500,2022,376000.0,71993,Petrol,Individual,Manual,Second Owner,19.44 kmpl,1434 CC,115.8 bhp,100Nm@ 1802rpm,5
Tata Nexon,2005,48200.0,159942,Diesel,Dealer,Manual,Second Owner,18.71 kmpl,1237 CC,79.85 bhp,204Nm@ 1930rpm,7
Skoda Octavia,2011,128300.0,45131,Petrol,Individual,Manual,First Owner,18.21 kmpl,1234 CC,83.74 bhp,103Nm@ 2667rpm,7
Skoda Octavia,2009,91000.0,153360,Diesel,Individual,Manual,First Owner,19.99 kmpl,1275 CC,91.47 bhp,60Nm@ 1944rpm,5
Hyundai i20,2021,160300.0,142455,Petrol,Dealer,Automatic,First Owner,20.95 kmpl,700 CC,44.49 bhp,161Nm@ 2689rpm,5
Ford Ecosport,2019,182200.0,166342,Petrol,Individual,Automatic,Second Owner,16.54 kmpl,947 CC,79.9 bhp,175Nm@ 3854rpm,5
Mahindra XUV500,2020,283600.0,95226,Diesel,Dealer,Manual,First Owner,16.48 kmpl,817 CC,115.45 bhp,136Nm@ 2091rpm,7
Audi A4,2016,565600.0,40900,Diesel,Individual,Automatic,First Owner,10.05 kmpl,2974 CC,267.42 bhp,211Nm@ 2474rpm,7
Hyundai i20,2020,168800.0,139294,Diesel,Individual,Manual,First Owner,16.29 kmpl,820 CC,70.79 bhp,96Nm@ 3524rpm,5
Tata Nexon,2007,77300.0,119792,Petrol,Dealer,Manual,First Owner,10.7 kmpl,1131 CC,95.9 bhp,199Nm@ 1742rpm,5
Skoda Octavia,2020,302400.0,68022,Petrol,Dealer,Manual,First Owner,22.5 kmpl,1465 CC,88.46 bhp,137Nm@ 3004rpm,5
Tata Nexon,2016,184200.0,59952,Petrol,Individual,Manual,First Owner,15.96 kmpl,1145 CC,74.38 bhp,91Nm@ 3752rpm,5
Mahindra XUV500,2019,300800.0,9992,Petrol,Dealer,Manual,First Owner,17.79 kmpl,1268 CC,78.51 bhp,140Nm@ 2158rpm,7
Tata Nexon,2019,160600.0,123397,Petrol,Dealer,Automatic,Fourth & Above Owner,21.42 kmpl,1252 CC,69.81 bhp,188Nm@ 2816rpm,5
Honda City,2007,63500.0,137276,Diesel,Trustmark Dealer,Manual,Second Owner,22.09 kmpl,909 CC,91.04 bhp,87Nm@ 1819rpm,5
Audi A4,2017,473200.0,87549,Petrol,Dealer,Manual,First Owner,18.4 kmpl,2514 CC,242.99 bhp,97Nm@ 2354rpm,5
BMW 3 Series,2022,814600.0,86734,Petrol,Individual,Automatic,Second Owner,12.35 kmpl,2960 CC,249.63 bhp,145Nm@ 2004rpm,5
Toyota Innova,2021,408600.0,36614,Petrol,Dealer,Manual,Second Owner,20.11 kmpl,1605 CC,115.55 bhp,174Nm@ 3576rpm,5
BMW 3 Series,2023,832700.0,113859,Diesel,Individual,Manual,First Owner,12.97 kmpl,2443 CC,270.76 bhp,143Nm@ 1581rpm,5
Skoda Octavia,2019,217900.0,93101,Diesel,Individual,Automatic,Third Owner,22.72 kmpl,1362 CC,98.52 bhp,136Nm@ 3025rpm,7
BMW 3 Series,2023,909400.0,106067,Diesel,Individual,Manual,First Owner,15.87 kmpl,3000 CC,272.33 bhp,60Nm@ 1644rpm,5
Toyota Innova,2006,84900.0,153861,Diesel,Individual,Manual,Second Owner,16.24 kmpl,1463 CC,143.11 bhp,141Nm@ 3149rpm,7
Toyota Innova,2013,134000.0,151161,CNG,Dealer,Manual,Third Owner,22.11 kmpl,1379 CC,133.62 bhp,151Nm@ 2270rpm,5
Toyota Innova,2014,205400.0,99025,Petrol,Dealer,Automatic,First Owner,14.27 kmpl,1160 CC,123.72 bhp,200Nm@ 2517rpm,5
Mahindra XUV500,2015,174900.0,103523,Diesel,Dealer,Manual,Second Owner,17.86 kmpl,1464 CC,99.73 bhp,147Nm@ 2937rpm,8
Audi A4,2008,174300.0,157816,Petrol,Trustmark Dealer,Manual,Second Owner,11.88 kmpl,2669 CC,250.39 bhp,60Nm@ 2501rpm,8
Audi A4,2023,783000.0,74017,Petrol,Individual,Manual,Second Owner,12.43 kmpl,2438 CC,249.84 bhp,155Nm@ 2899rpm,7
Honda City,2007,57400.0,107496,Diesel,Dealer,Automatic,First Owner,23.86 kmpl,967 CC,42.16 bhp,120Nm@ 2926rpm,5
Honda City,2005,52100.0,161686,Petrol,Individual,Manual,First Owner,20.94 kmpl,1249 CC,67.96 bhp,123Nm@ 3480rpm,4
Audi A4,2014,374300.0,83263,Diesel,Individual,Manual,Second Owner,15.09 kmpl,2827 CC,287.03 bhp,136Nm@ 2869rpm,7
Maruti Swift,2005,47800.0,138662,Diesel,Individual,Manual,First Owner,18.96 kmpl,700 CC,74.9 bhp,60Nm@ 1767rpm,5
Ford Ecosport,2014,101500.0,90544,Diesel,Individual,Manual,Fourth & Above Owner,17.35 kmpl,1005 CC,103.86 bhp,166Nm@ 3803rpm,4
Ford Ecosport,2009,68100.0,171647,Petrol,Dealer,Manual,Second Owner,21.96 kmpl,1070 CC,74.45 bhp,187Nm@ 3791rpm,7
Toyota Innova,2005,73400.0,135998,Diesel,Individual,Manual,First Owner,17.69 kmpl,1593 CC,92.14 bhp,231Nm@ 2705rpm,7
Audi A4,2018,628400.0,52953,Petrol,Dealer,Manual,First Owner,13.95 kmpl,2762 CC,244.6 bhp,200Nm@ 1638rpm,5
Audi A4,2014,393000.0,108685,CNG,Dealer,Manual,First Owner,11.59 kmpl,2815 CC,266.9 bhp,136Nm@ 3336rpm,7
Tata Nexon,2014,98700.0,138745,Diesel,Individual,Manual,First Owner,16.31 kmpl,912 CC,54.45 bhp,60Nm@ 1645rpm,5
Honda City,2007,51900.0,149692,Petrol,Individual,Manual,Second Owner,21.1 kmpl,1036 CC,60.39 bhp,141Nm@ 3015rpm,5
Ford Ecosport,2008,69700.0,122289,Diesel,Individual,Manual,First Owner,15.59 kmpl,994 CC,66.62 bhp,78Nm@ 1746rpm,7
Audi A4,2005,102000.0,169508,Diesel,Individual,Manual,Third Owner,15.78 kmpl,2423 CC,263.31 bhp,165Nm@ 2977rpm,5
BMW 3 Series,2020,587900.0,74551,Petrol,Dealer,Manual,Second Owner,9.37 kmpl,2523 CC,264.04 bhp,60Nm@ 1598rpm,5
Hyundai i20,2006,61200.0,122349,Petrol,Individual,Manual,First Owner,18.11 kmpl,1103 CC,68.71 bhp,176Nm@ 2715rpm,5
BMW 3 Series,2016,441300.0,107154,Diesel,Trustmark Dealer,Manual,Second Owner,11.63 kmpl,2844 CC,284.68 bhp,196Nm@ 3928rpm,5
Audi A4,2018,644600.0,41644,Diesel,Individual,Manual,First Owner,13.32 kmpl,2773 CC,259.41 bhp,84Nm@ 2831rpm,5
Skoda Octavia,2015,181000.0,83314,Petrol,Individual,Manual,First Owner,19.96 kmpl,1228 CC,93.8 bhp,133Nm@ 3558rpm,5
Ford Ecosport,2012,97700.0,115269,Diesel,Individual,Manual,Second Owner,14.13 kmpl,986 CC,84.6 bhp,153Nm@ 3781rpm,7
Maruti Swift,2018,155700.0,63692,Petrol,Dealer,Manual,Third Owner,17.17 kmpl,944 CC,65.73 bhp,125Nm@ 1714rpm,5
Skoda Octavia,2021,302300.0,156331,CNG,Individual,Manual,Second Owner,20.18 kmpl,1495 CC,122.88 bhp,118Nm@ 2040rpm,5
Mahindra XUV500,2017,188100.0,101031,CNG,Dealer,Manual,First Owner,18.75 kmpl,885 CC,94.55 bhp,131Nm@ 2256rpm,5
Maruti Swift,2006,48900.0,140564,Diesel,Individual,Manual,First Owner,20.43 kmpl,994 CC,49.46 bhp,196Nm@ 2860rpm,4
Ford Ecosport,2023,213000.0,117922,Petrol,Individual,Manual,Fourth & Above Owner,22.17 kmpl,1076 CC,93.42 bhp,60Nm@ 2145rpm,7
Tata Nexon,2014,112100.0,106387,Petrol,Dealer,Manual,Third Owner,18.18 kmpl,1100 CC,76.29 bhp,60Nm@ 1816rpm,7
Toyota Innova,2006,89400.0,147815,Petrol,Dealer,Manual,First Owner,21.24 kmpl,1696 CC,118.1 bhp,101Nm@ 2666rpm,5
Maruti Swift,2019,160600.0,146852,Diesel,Individual,Manual,Second Owner,17.35 kmpl,1062 CC,64.98 bhp,199Nm@ 3744rpm,5
Ford Ecosport,2015,179900.0,59544,Diesel,Individual,Automatic,First Owner,18.7 kmpl,1330 CC,62.29 bhp,118Nm@ 3678rpm,5
BMW 3 Series,2008,218900.0,125099,Petrol,Dealer,Manual,First Owner,9.48 kmpl,2881 CC,266.7 bhp,199Nm@ 3478rpm,4
Ford Ecosport,2005,40800.0,154159,Petrol,Individual,Manual,Third Owner,12.9 kmpl,1059 CC,63.59 bhp,84Nm@ 1829rpm,5
Toyota Innova,2013,123300.0,140843,LPG,Individual,Manual,Fourth & Above Owner,17.79 kmpl,1654 CC,117.27 bhp,60Nm@ 3445rpm,4
Tata Nexon,2012,122700.0,155136,Diesel,Individual,Manual,First Owner,22.95 kmpl,1200 CC,89.72 bhp,242Nm@ 2262rpm,5
Skoda Octavia,2017,167200.0,140754,Petrol,Individual,Manual,Third Owner,11.91 kmpl,970 CC,129.5 bhp,89Nm@ 3316rpm,7
Toyota Innova,2020,296700.0,83283,CNG,Individual,Automatic,Third Owner,20.16 kmpl,1510 CC,101.74 bhp,327Nm@ 3102rpm,4
Tata Nexon,2020,170200.0,174512,Diesel,Individual,Automatic,Fourth & Above Owner,19.33 kmpl,1413 CC,67.85 bhp,69Nm@ 2050rpm,5
Hyundai i20,2005,38000.0,209487,Diesel,Individual,Manual,Second Owner,17.38 kmpl,939 CC,69.52 bhp,194Nm@ 3301rpm,5
Mahindra XUV500,2010,136200.0,96435,Petrol,Dealer,Manual,First Owner,16.38 kmpl,1370 CC,102.65 bhp,100Nm@ 2373rpm,5
Honda City,2012,132800.0,131463,Petrol,Dealer,Manual,Second Owner,18.56 kmpl,1394 CC,98.27 bhp,96Nm@ 2102rpm,5
Skoda Octavia,2014,152400.0,97471,Diesel,Trustmark Dealer,Manual,First Owner,13.76 kmpl,1343 CC,93.02 bhp,60Nm@ 3165rpm,5
Honda City,2016,142400.0,58279,Diesel,Individual,Manual,Second Owner,19.41 kmpl,968 CC,70.0 bhp,106Nm@ 3956rpm,5
Mahindra XUV500,2020,252100.0,65273,Petrol,Individual,Manual,Second Owner,19.98 kmpl,1253 CC,68.09 bhp,147Nm@ 2203rpm,7
Tata Nexon,2010,117300.0,149667,Diesel,Individual,Automatic,First Owner,17.19 kmpl,1252 CC,110.0 bhp,255Nm@ 3856rpm,5
Honda City,2009,77700.0,128375,Petrol,Individual,Manual,First Owner,20.98 kmpl,700 CC,82.56 bhp,147Nm@ 2114rpm,5
Hyundai i20,2018,163100.0,62945,Diesel,Individual,Manual,Second Owner,22.82 kmpl,766 CC,65.35 bhp,60Nm@ 2943rpm,4
Tata Nexon,2020,201400.0,61659,LPG,Individual,Manual,Third Owner,18.63 kmpl,1294 CC,61.45 bhp,62Nm@ 3879rpm,5
Skoda Octavia,2010,82300.0,148182,Diesel,Individual,Manual,Third Owner,18.7 kmpl,1326 CC,96.34 bhp,179Nm@ 3419rpm,7
Toyota Innova,2022,386900.0,77817,LPG,Dealer,Manual,First Owner,14.21 kmpl,1181 CC,116.98 bhp,157Nm@ 3054rpm,7
BMW 3 Series,2011,210700.0,142225,Petrol,Dealer,Manual,Third Owner,12.52 kmpl,2655 CC,239.04 bhp,232Nm@ 2186rpm,7
Hyundai i20,2009,69200.0,132144,Diesel,Dealer,Automatic,First Owner,22.39 kmpl,700 CC,72.46 bhp,143Nm@ 2323rpm,4
Toyota Innova,2006,82100.0,151113,Diesel,Individual,Manual,First Owner,17.4 kmpl,1422 CC,127.55 bhp,122Nm@ 3119rpm,5
Hyundai i20,2023,265100.0,109723,Petrol,Individual,Manual,First Owner,20.2 kmpl,871 CC,65.85 bhp,239Nm@ 3463rpm,8
BMW 3 Series,2009,180500.0,129132,Petrol,Individual,Manual,Third Owner,20.53 kmpl,2539 CC,255.62 bhp,117Nm@ 3841rpm,5
Hyundai i20,2012,100600.0,122190,Diesel,Dealer,Automatic,First Owner,18.69 kmpl,1116 CC,53.6 bhp,184Nm@ 3631rpm,5
Maruti Swift,2020,232900.0,43260,Petrol,Dealer,Automatic,First Owner,18.93 kmpl,700 CC,64.66 bhp,113Nm@ 3142rpm,5
Audi A4,2021,609200.0,133762,Petrol,Individual,Manual,Second Owner,15.79 kmpl,2623 CC,256.91 bhp,60Nm@ 3505rpm,5
Tata Nexon,2012,116100.0,157177,Petrol,Dealer,Manual,First Owner,17.04 kmpl,906 CC,103.64 bhp,170Nm@ 2190rpm,7
Toyota Innova,2020,403400.0,65197,Petrol,Individual,Manual,First Owner,22.0 kmpl,1580 CC,123.86 bhp,60Nm@ 2592rpm,5
Tata Nexon,2005,63700.0,113288,Diesel,Individual,Manual,First Owner,15.14 kmpl,1113 CC,76.96 bhp,147Nm@ 2095rpm,5
Honda City,2014,116400.0,108777,Petrol,Individual,Manual,First Owner,22.61 kmpl,901 CC,69.16 bhp,151Nm@ 3341rpm,5
Mahindra XUV500,2021,317400.0,112856,LPG,Individual,Manual,First Owner,23.25 kmpl,1557 CC,79.77 bhp,60Nm@ 2549rpm,5
Hyundai i20,2012,67400.0,122770,Diesel,Individual,Manual,Fourth & Above Owner,23.86 kmpl,843 CC,70.12 bhp,174Nm@ 3563rpm,5
Skoda Octavia,2011,141000.0,100643,CNG,Individual,Automatic,First Owner,21.05 kmpl,1111 CC,105.78 bhp,180Nm@ 2791rpm,7
Tata Nexon,2019,220900.0,57315,Diesel,Individual,Manual,Second Owner,21.34 kmpl,921 CC,75.38 bhp,78Nm@ 2800rpm,5
Mahindra XUV500,2014,110100.0,112341,Petrol,Individual,Manual,Third Owner,24.69 kmpl,1437 CC,64.96 bhp,221Nm@ 3499rpm,7
Hyundai i20,2021,310900.0,69307,Petrol,Individual,Manual,Second Owner,24.02 kmpl,1125 CC,92.7 bhp,193Nm@ 1752rpm,5
Maruti Swift,2011,97900.0,111810,CNG,Individual,Manual,Second Owner,22.59 kmpl,928 CC,85.1 bhp,166Nm@ 2677rpm,5
Tata Nexon,2022,308300.0,56198,CNG,Individual,Manual,First Owner,22.91 kmpl,1180 CC,65.18 bhp,106Nm@ 2269rpm,5
Hyundai i20,2011,93100.0,112855,Diesel,Individual,Manual,First Owner,29.28 kmpl,953 CC,72.31 bhp,198Nm@ 3949rpm,7
Honda City,2018,163400.0,106137,Petrol,Dealer,Manual,First Owner,19.01 kmpl,893 CC,67.44 bhp,98Nm@ 3253rpm,7
Honda City,2020,277700.0,79882,Diesel,Individual,Manual,Second Owner,19.4 kmpl,1304 CC,95.93 bhp,176Nm@ 1747rpm,7
Toyota Innova,2020,364000.0,109170,CNG,Individual,Manual,First Owner,23.75 kmpl,1811 CC,117.32 bhp,200Nm@ 3452rpm,7
Honda City,2023,262400.0,102589,Petrol,Individual,Manual,Second Owner,19.59 kmpl,749 CC,84.97 bhp,140Nm@ 3943rpm,7
BMW 3 Series,2014,368900.0,116213,Diesel,Individual,Manual,First Owner,12.9 kmpl,2400 CC,277.4 bhp,135Nm@ 3889rpm,5
Honda City,2019,216200.0,85571,Petrol,Individual,Manual,First Owner,25.03 kmpl,1061 CC,80.45 bhp,100Nm@ 3978rpm,7
Honda City,2010,87600.0,141342,Diesel,Individual,Manual,Second Owner,17.57 kmpl,1322 CC,88.83 bhp,86Nm@ 3029rpm,4
Hyundai i20,2012,74800.0,189023,Diesel,Dealer,Manual,First Owner,20.77 kmpl,837 CC,62.93 bhp,188Nm@ 3156rpm,5
Audi A4,2013,367500.0,136579,Petrol,Individual,Manual,First Owner,18.41 kmpl,3000 CC,294.09 bhp,164Nm@ 1803rpm,5
Toyota Innova,2005,73000.0,142719,Petrol,Individual,Manual,First Owner,13.07 kmpl,1584 CC,103.5 bhp,72Nm@ 3841rpm,5
Maruti Swift,2014,107700.0,75958,Petrol,Individual,Manual,Second Owner,20.38 kmpl,961 CC,56.53 bhp,73Nm@ 2092rpm,7
Mahindra XUV500,2023,431900.0,50402,Petrol,Dealer,Manual,First Owner,15.67 kmpl,1042 CC,115.81 bhp,162Nm@ 3974rpm,5
Toyota Innova,2013,145900.0,125105,Petrol,Individual,Manual,Third Owner,20.99 kmpl,1520 CC,123.99 bhp,176Nm@ 2422rpm,5
Tata Nexon,2023,250400.0,134862,Diesel,Individual,Manual,Second Owner,20.56 kmpl,1218 CC,60.59 bhp,207Nm@ 3651rpm,5
Skoda Octavia,2019,244500.0,116567,Diesel,Dealer,Manual,First Owner,15.47 kmpl,1441 CC,79.51 bhp,213Nm@ 2859rpm,5
Honda City,2017,124100.0,176107,CNG,Trustmark Dealer,Manual,Second Owner,14.07 kmpl,1088 CC,77.71 bhp,180Nm@ 3628rpm,5
Audi A4,2021,916600.0,30160,Petrol,Individual,Manual,First Owner,12.52 kmpl,2932 CC,271.74 bhp,103Nm@ 2269rpm,5
Mahindra XUV500,2010,78800.0,152254,Petrol,Individual,Manual,Third Owner,19.1 kmpl,1054 CC,107.47 bhp,224Nm@ 1943rpm,7
Tata Nexon,2015,149500.0,66782,Diesel,Individual,Manual,First Owner,22.42 kmpl,969 CC,61.21 bhp,91Nm@ 2703rpm,5
BMW 3 Series,2008,190200.0,120233,Diesel,Individual,Manual,Second Owner,15.8 kmpl,2591 CC,273.53 bhp,163Nm@ 2047rpm,8
Maruti Swift,2008,45100.0,179793,CNG,Trustmark Dealer,Automatic,First Owner,19.83 kmpl,791 CC,35.0 bhp,136Nm@ 2753rpm,7
Ford Ecosport,2020,332400.0,58567,Diesel,Dealer,Manual,First Owner,18.82 kmpl,1546 CC,82.24 bhp,100Nm@ 2518rpm,5
Ford Ecosport,2021,330500.0,500,CNG,Individual,Manual,Second Owner,18.82 kmpl,1243 CC,82.93 bhp,97Nm@ 2113rpm,5
Honda City,2009,68600.0,112873,Petrol,Individual,Manual,Second Owner,16.98 kmpl,913 CC,70.77 bhp,181Nm@ 3638rpm,5
Mahindra XUV500,2017,157700.0,131557,Diesel,Individual,Manual,Second Owner,17.79 kmpl,1217 CC,86.73 bhp,72Nm@ 3207rpm,5
Hyundai i20,2009,68800.0,149345,Diesel,Trustmark Dealer,Manual,Second Owner,19.81 kmpl,1133 CC,69.44 bhp,265Nm@ 1813rpm,5
Toyota Innova,2012,180200.0,62877,Petrol,Dealer,Manual,First Owner,19.78 kmpl,1406 CC,135.52 bhp,188Nm@ 3185rpm,5
Audi A4,2022,848300.0,59161,Diesel,Trustmark Dealer,Manual,First Owner,12.01 kmpl,2557 CC,258.05 bhp,242Nm@ 2632rpm,5
Audi A4,2006,160400.0,153247,Diesel,Individual,Manual,First Owner,12.23 kmpl,2457 CC,248.94 bhp,221Nm@ 3423rpm,5
Honda City,2011,76700.0,151159,Diesel,Dealer,Manual,Fourth & Above Owner,22.53 kmpl,1177 CC,93.55 bhp,99Nm@ 2800rpm,7
Honda City,2020,296300.0,77063,Petrol,Dealer,Manual,First Owner,21.56 kmpl,1187 CC,94.42 bhp,135Nm@ 3457rpm,5
Audi A4,2023,978000.0,92182,Diesel,Dealer,Manual,First Owner,15.8 kmpl,2642 CC,242.47 bhp,215Nm@ 3623rpm,7
Audi A4,2019,407900.0,183266,CNG,Individual,Manual,Second Owner,16.53 kmpl,2378 CC,265.92 bhp,192Nm@ 1953rpm,5
Honda City,2017,143300.0,62929,Diesel,Individual,Manual,Second Owner,24.95 kmpl,700 CC,77.33 bhp,60Nm@ 1674rpm,7
Honda City,2005,82200.0,72149,Petrol,Individual,Manual,First Owner,15.81 kmpl,1136 CC,106.51 bhp,109Nm@ 2575rpm,7
Skoda Octavia,2015,191000.0,104162,CNG,Trustmark Dealer,Automatic,First Owner,21.29 kmpl,1232 CC,98.13 bhp,83Nm@ 3725rpm,7
Ford Ecosport,2010,113000.0,99454,Diesel,Dealer,Manual,First Owner,16.73 kmpl,1291 CC,94.96 bhp,116Nm@ 2583rpm,5
Toyota Innova,2016,241100.0,125317,Diesel,Dealer,Manual,Second Owner,16.82 kmpl,1887 CC,120.07 bhp,125Nm@ 2727rpm,5
BMW 3 Series,2020,669100.0,40334,Petrol,Dealer,Automatic,Third Owner,17.95 kmpl,2432 CC,278.7 bhp,165Nm@ 1957rpm,7
Maruti Swift,2021,184300.0,91645,Petrol,Individual,Automatic,Third Owner,16.0 kmpl,850 CC,65.0 bhp,182Nm@ 3837rpm,7
BMW 3 Series,2023,872100.0,116882,Diesel,Individual,Manual,First Owner,22.92 kmpl,2575 CC,258.58 bhp,224Nm@ 2299rpm,5
Maruti Swift,2021,171500.0,83084,Petrol,Individual,Manual,Second Owner,19.58 kmpl,732 CC,54.03 bhp,60Nm@ 2514rpm,5
Tata Nexon,2014,143100.0,99991,Diesel,Dealer,Manual,First Owner,19.49 kmpl,1228 CC,75.86 bhp,150Nm@ 2751rpm,7
Audi A4,2020,773600.0,90727,Diesel,Individual,Manual,First Owner,16.94 kmpl,2845 CC,283.09 bhp,115Nm@ 1819rpm,7
Honda City,2019,252500.0,65712,Diesel,Dealer,Manual,Second Owner,20.4 kmpl,1536 CC,82.29 bhp,156Nm@ 2570rpm,8
Mahindra XUV500,2018,303400.0,18648,Diesel,Individual,Manual,Second Owner,18.36 kmpl,1367 CC,113.27 bhp,107Nm@ 3348rpm,5
Honda City,2010,78400.0,139823,Diesel,Individual,Manual,Second Owner,15.39 kmpl,700 CC,103.85 bhp,184Nm@ 2091rpm,5
Audi A4,2011,271800.0,99736,Petrol,Individual,Manual,Second Owner,11.31 kmpl,2601 CC,264.26 bhp,206Nm@ 3624rpm,7
Toyota Innova,2013,158500.0,76441,Petrol,Dealer,Manual,Third Owner,17.18 kmpl,1214 CC,150.05 bhp,133Nm@ 3562rpm,7
Hyundai i20,2020,180800.0,107035,Petrol,Dealer,Manual,First Owner,18.74 kmpl,791 CC,57.48 bhp,197Nm@ 2056rpm,5
Maruti Swift,2016,128600.0,55764,Diesel,Individual,Manual,First Owner,22.9 kmpl,1017 CC,35.0 bhp,65Nm@ 1875rpm,7
Toyota Innova,2015,198400.0,134106,Petrol,Individual,Manual,Second Owner,20.72 kmpl,1987 CC,103.61 bhp,252Nm@ 3522rpm,5
Hyundai i20,2018,122800.0,88888,Diesel,Individual,Manual,Fourth & Above Owner,17.86 kmpl,700 CC,81.9 bhp,185Nm@ 1646rpm,7
Mahindra XUV500,2020,275000.0,80063,Petrol,Individual,Manual,Second Owner,14.45 kmpl,1195 CC,103.26 bhp,135Nm@ 2317rpm,7
BMW 3 Series,2009,208800.0,156809,Petrol,Individual,Automatic,Second Owner,10.7 kmpl,2661 CC,266.83 bhp,118Nm@ 3092rpm,7
Mahindra XUV500,2008,81400.0,122837,Diesel,Dealer,Manual,Second Owner,26.61 kmpl,1296 CC,92.24 bhp,140Nm@ 3286rpm,7
BMW 3 Series,2017,459400.0,106526,Petrol,Individual,Automatic,Third Owner,16.3 kmpl,2759 CC,271.14 bhp,130Nm@ 3555rpm,5
Mahindra XUV500,2021,386200.0,66548,Petrol,Dealer,Manual,First Owner,17.49 kmpl,1381 CC,91.99 bhp,60Nm@ 2137rpm,5
Mahindra XUV500,2006,54700.0,142655,Petrol,Individual,Manual,Second Owner,21.56 kmpl,882 CC,88.96 bhp,176Nm@ 3026rpm,7
Honda City,2017,187600.0,113815,Diesel,Trustmark Dealer,Manual,First Owner,22.82 kmpl,959 CC,80.13 bhp,231Nm@ 2474rpm,8
Skoda Octavia,2019,292000.0,72010,Diesel,Dealer,Manual,First Owner,23.0 kmpl,1039 CC,121.3 bhp,174Nm@ 3727rpm,5
Maruti Swift,2014,92000.0,76466,Diesel,Individual,Manual,First Owner,16.79 kmpl,700 CC,53.55 bhp,182Nm@ 3198rpm,5
Honda City,2006,64800.0,121700,Diesel,Dealer,Manual,First Owner,17.16 kmpl,933 CC,84.75 bhp,169Nm@ 2024rpm,7
Skoda Octavia,2006,62300.0,151139,Petrol,Trustmark Dealer,Manual,Second Owner,21.93 kmpl,1195 CC,104.52 bhp,169Nm@ 3987rpm,4
Skoda Octavia,2011,126800.0,118844,Petrol,Individual,Manual,Second Owner,17.13 kmpl,1327 CC,127.71 bhp,203Nm@ 3306rpm,7
Ford Ecosport,2010,120100.0,4097,Petrol,Individual,Manual,First Owner,13.84 kmpl,1066 CC,65.2 bhp,130Nm@ 1878rpm,7
Skoda Octavia,2021,344900.0,16580,Petrol,Individual,Manual,First Owner,15.79 kmpl,982 CC,106.48 bhp,265Nm@ 3485rpm,5
Honda City,2020,263000.0,2155,Diesel,Dealer,Manual,Third Owner,17.51 kmpl,1080 CC,82.47 bhp,63Nm@ 2253rpm,5
Skoda Octavia,2020,229700.0,142085,LPG,Dealer,Manual,Second Owner,17.84 kmpl,1040 CC,112.04 bhp,180Nm@ 3686rpm,7
Tata Nexon,2019,190900.0,90766,CNG,Individual,Manual,Second Owner,18.49 kmpl,1113 CC,83.69 bhp,176Nm@ 2125rpm,7
Tata Nexon,2014,132000.0,171360,Petrol,Individual,Manual,First Owner,20.55 kmpl,1265 CC,75.35 bhp,171Nm@ 2264rpm,5
Hyundai i20,2005,46900.0,145661,Diesel,Dealer,Manual,First Owner,14.59 kmpl,840 CC,66.17 bhp,137Nm@ 3792rpm,7
Audi A4,2006,151400.0,141466,Petrol,Individual,Manual,Second Owner,21.91 kmpl,2787 CC,262.5 bhp,147Nm@ 1604rpm,7
Audi A4,2016,418800.0,24151,Diesel,Trustmark Dealer,Manual,Third Owner,11.27 kmpl,3000 CC,254.43 bhp,92Nm@ 2517rpm,7
Audi A4,2019,560200.0,144935,Petrol,Trustmark Dealer,Manual,First Owner,13.13 kmpl,2723 CC,264.84 bhp,198Nm@ 2522rpm,5
Mahindra XUV500,2006,60400.0,158300,Petrol,Individual,Manual,Second Owner,20.78 kmpl,1075 CC,106.24 bhp,162Nm@ 2820rpm,5
Hyundai i20,2023,188900.0,81776,Diesel,Trustmark Dealer,Manual,Fourth & Above Owner,19.39 kmpl,941 CC,59.17 bhp,60Nm@ 3580rpm,5
Tata Nexon,2017,189600.0,39398,CNG,Individual,Manual,First Owner,20.4 kmpl,803 CC,74.45 bhp,173Nm@ 2389rpm,5
Skoda Octavia,2006,86300.0,114941,Diesel,Dealer,Automatic,First Owner,21.47 kmpl,1241 CC,112.0 bhp,342Nm@ 2716rpm,4
Tata Nexon,2018,248200.0,83034,Diesel,Dealer,Manual,First Owner,23.18 kmpl,1268 CC,86.05 bhp,121Nm@ 2817rpm,7
Ford Ecosport,2005,67100.0,98213,Diesel,Individual,Manual,First Owner,20.04 kmpl,1242 CC,71.7 bhp,174Nm@ 2182rpm,4
Ford Ecosport,2019,252200.0,77019,CNG,Dealer,Automatic,Third Owner,18.58 kmpl,1512 CC,90.39 bhp,282Nm@ 1651rpm,5
Skoda Octavia,2005,63900.0,147052,Diesel,Dealer,Manual,Second Owner,19.77 kmpl,1197 CC,106.46 bhp,161Nm@ 2984rpm,5
Maruti Swift,2008,67200.0,114267,Diesel,Individual,Manual,First Owner,20.72 kmpl,700 CC,74.5 bhp,121Nm@ 3615rpm,7
Toyota Innova,2017,204100.0,71535,Diesel,Individual,Manual,Third Owner,22.68 kmpl,1113 CC,134.98 bhp,96Nm@ 3977rpm,5
BMW 3 Series,2019,694700.0,30751,Diesel,Individual,Manual,First Owner,13.19 kmpl,2791 CC,260.36 bhp,125Nm@ 2634rpm,7
Skoda Octavia,2005,62900.0,214332,Petrol,Dealer,Manual,First Owner,15.51 kmpl,1254 CC,114.63 bhp,99Nm@ 3538rpm,5
Ford Ecosport,2021,270600.0,85999,Diesel,Individual,Manual,First Owner,21.12 kmpl,1155 CC,66.36 bhp,297Nm@ 3011rpm,5
Tata Nexon,2021,275800.0,54823,Petrol,Dealer,Automatic,Second Owner,19.51 kmpl,1081 CC,79.88 bhp,181Nm@ 2346rpm,7
Tata Nexon,2005,49500.0,227420,Petrol,Dealer,Manual,First Owner,19.01 kmpl,1249 CC,87.05 bhp,237Nm@ 2713rpm,5
Ford Ecosport,2010,80600.0,153102,CNG,Individual,Manual,First Owner,21.75 kmpl,964 CC,77.45 bhp,92Nm@ 3019rpm,5
Toyota Innova,2021,392100.0,90005,Diesel,Trustmark Dealer,Automatic,First Owner,18.85 kmpl,1369 CC,99.31 bhp,258Nm@ 2946rpm,5
Toyota Innova,2016,213100.0,151466,Diesel,Individual,Manual,First Owner,15.73 kmpl,1441 CC,117.23 bhp,60Nm@ 3307rpm,5
Hyundai i20,2018,177500.0,44107,Diesel,Individual,Manual,Second Owner,19.39 kmpl,832 CC,73.5 bhp,200Nm@ 2412rpm,5
Toyota Innova,2017,370700.0,52581,Diesel,Individual,Automatic,First Owner,18.03 kmpl,1818 CC,137.58 bhp,127Nm@ 2225rpm,7
Toyota Innova,2008,76000.0,130012,Diesel,Individual,Manual,Third Owner,15.61 kmpl,1149 CC,110.6 bhp,172Nm@ 2936rpm,7
Honda City,2013,133200.0,71217,Petrol,Trustmark Dealer,Automatic,First Owner,14.56 kmpl,1000 CC,65.45 bhp,198Nm@ 2786rpm,5
Audi A4,2021,660800.0,83241,Diesel,Individual,Manual,Second Owner,17.73 kmpl,2582 CC,241.2 bhp,145Nm@ 3190rpm,5
BMW 3 Series,2008,232700.0,149316,Petrol,Individual,Automatic,First Owner,9.16 kmpl,2788 CC,262.73 bhp,164Nm@ 2880rpm,7
Toyota Innova,2019,320800.0,7302,Petrol,Individual,Manual,Third Owner,23.27 kmpl,1838 CC,97.27 bhp,115Nm@ 3787rpm,5
BMW 3 Series,2021,763300.0,95677,Petrol,Individual,Manual,First Owner,14.97 kmpl,2613 CC,284.91 bhp,104Nm@ 3181rpm,5
Skoda Octavia,2014,174500.0,96382,Petrol,Dealer,Manual,First Owner,17.3 kmpl,1188 CC,111.15 bhp,139Nm@ 2592rpm,5
Honda City,2011,73800.0,161544,Diesel,Dealer,Manual,Second Owner,16.64 kmpl,949 CC,62.58 bhp,60Nm@ 1581rpm,8
Audi A4,2005,98500.0,168210,Diesel,Dealer,Manual,Fourth & Above Owner,12.63 kmpl,2615 CC,260.7 bhp,171Nm@ 3470rpm,7
Skoda Octavia,2015,169800.0,103085,Diesel,Dealer,Manual,Second Owner,15.13 kmpl,1352 CC,96.02 bhp,127Nm@ 2672rpm,4
BMW 3 Series,2014,339900.0,147855,Petrol,Individual,Manual,First Owner,20.28 kmpl,2544 CC,278.17 bhp,143Nm@ 2627rpm,7
Maruti Swift,2023,212900.0,99685,Diesel,Trustmark Dealer,Manual,Fourth & Above Owner,16.1 kmpl,1212 CC,59.63 bhp,130Nm@ 3306rpm,4
Toyota Innova,2017,309700.0,85039,Diesel,Individual,Manual,First Owner,9.52 kmpl,1640 CC,138.84 bhp,60Nm@ 2075rpm,5
Ford Ecosport,2012,88700.0,110501,Diesel,Individual,Manual,Second Owner,18.82 kmpl,1038 CC,70.47 bhp,97Nm@ 2945rpm,7
Honda City,2006,54200.0,115447,Diesel,Individual,Manual,Third Owner,22.61 kmpl,888 CC,87.46 bhp,205Nm@ 1806rpm,7
Toyota Innova,2013,159600.0,114127,Diesel,Trustmark Dealer,Automatic,First Owner,24.06 kmpl,1327 CC,112.47 bhp,152Nm@ 3945rpm,5
BMW 3 Series,2019,698500.0,18504,Petrol,Individual,Manual,Second Owner,17.92 kmpl,3000 CC,278.42 bhp,173Nm@ 1885rpm,5
Hyundai i20,2013,83100.0,50102,Diesel,Dealer,Manual,Second Owner,18.66 kmpl,712 CC,35.0 bhp,106Nm@ 2516rpm,5
Hyundai i20,2023,187400.0,92064,Petrol,Individual,Manual,Fourth & Above Owner,16.45 kmpl,746 CC,74.82 bhp,178Nm@ 1992rpm,7
Honda City,2022,340200.0,69167,Petrol,Individual,Manual,First Owner,17.18 kmpl,1262 CC,72.85 bhp,123Nm@ 3877rpm,5
Hyundai i20,2023,273900.0,88021,Petrol,Individual,Manual,First Owner,25.97 kmpl,1038 CC,65.41 bhp,134Nm@ 2711rpm,5
Skoda Octavia,2022,365800.0,99446,Diesel,Individual,Manual,First Owner,25.41 kmpl,1304 CC,101.04 bhp,113Nm@ 2623rpm,5
Toyota Innova,2007,104300.0,158641,Diesel,Individual,Automatic,First Owner,16.23 kmpl,1717 CC,134.34 bhp,81Nm@ 3558rpm,5
Hyundai i20,2007,53400.0,91172,Petrol,Individual,Manual,Third Owner,17.52 kmpl,1157 CC,57.45 bhp,237Nm@ 2973rpm,7
Audi A4,2022,832100.0,140401,Diesel,Individual,Automatic,First Owner,16.7 kmpl,2939 CC,272.58 bhp,154Nm@ 3881rpm,5
Audi A4,2008,205300.0,159875,Petrol,Individual,Manual,First Owner,18.99 kmpl,2776 CC,271.98 bhp,213Nm@ 3007rpm,7
BMW 3 Series,2013,304800.0,129488,Petrol,Individual,Automatic,Second Owner,15.97 kmpl,2718 CC,272.44 bhp,164Nm@ 3142rpm,5
Tata Nexon,2007,49800.0,129090,Petrol,Individual,Manual,Third Owner,18.43 kmpl,814 CC,82.92 bhp,158Nm@ 2636rpm,7
Honda City,2006,60600.0,135766,Diesel,Dealer,Manual,First Owner,23.01 kmpl,1083 CC,77.49 bhp,134Nm@ 3321rpm,5
Toyota Innova,2016,183100.0,113687,Petrol,Trustmark Dealer,Manual,First Owner,22.63 kmpl,1132 CC,91.55 bhp,216Nm@ 3418rpm,5
Audi A4,2014,472800.0,31889,Diesel,Individual,Manual,First Owner,9.75 kmpl,2887 CC,245.46 bhp,78Nm@ 1552rpm,4
Ford Ecosport,2010,98300.0,133878,Diesel,Trustmark Dealer,Automatic,First Owner,14.87 kmpl,1421 CC,86.27 bhp,169Nm@ 3506rpm,5
Mahindra XUV500,2008,75700.0,186439,Diesel,Dealer,Manual,Second Owner,18.48 kmpl,1156 CC,119.1 bhp,184Nm@ 1507rpm,5
Ford Ecosport,2023,271600.0,83695,Diesel,Dealer,Manual,Second Owner,20.77 kmpl,724 CC,85.72 bhp,78Nm@ 2462rpm,7
Ford Ecosport,2016,159800.0,135546,Petrol,Individual,Manual,First Owner,19.92 kmpl,935 CC,91.28 bhp,196Nm@ 2972rpm,5
Audi A4,2018,453900.0,106533,Diesel,Individual,Manual,Second Owner,15.59 kmpl,2601 CC,246.81 bhp,190Nm@ 3968rpm,7
Tata Nexon,2021,226000.0,5985,Petrol,Dealer,Manual,Second Owner,18.09 kmpl,861 CC,54.19 bhp,171Nm@ 2253rpm,7
Toyota Innova,2021,384500.0,84749,Petrol,Individual,Manual,First Owner,16.09 kmpl,1127 CC,123.44 bhp,77Nm@ 3100rpm,5
Skoda Octavia,2016,226000.0,112606,Petrol,Dealer,Automatic,Second Owner,19.12 kmpl,1659 CC,118.18 bhp,165Nm@ 1585rpm,8
Tata Nexon,2013,126400.0,136522,Diesel,Individual,Manual,First Owner,20.89 kmpl,1413 CC,88.36 bhp,157Nm@ 1911rpm,7
Ford Ecosport,2005,49300.0,157117,Petrol,Dealer,Manual,First Owner,20.07 kmpl,890 CC,76.51 bhp,129Nm@ 2162rpm,7
Maruti Swift,2021,263000.0,76493,CNG,Individual,Manual,First Owner,18.15 kmpl,1286 CC,59.05 bhp,199Nm@ 2113rpm,5
Tata Nexon,2019,172800.0,33083,Petrol,Dealer,Manual,First Owner,16.88 kmpl,700 CC,49.17 bhp,307Nm@ 2011rpm,5
Honda City,2017,198400.0,90939,Diesel,Individual,Automatic,Second Owner,23.98 kmpl,1203 CC,85.97 bhp,170Nm@ 2524rpm,7
BMW 3 Series,2012,317400.0,82798,Diesel,Dealer,Manual,Second Owner,11.17 kmpl,2761 CC,270.53 bhp,143Nm@ 3786rpm,5
Audi A4,2020,636700.0,49818,Diesel,Individual,Manual,Second Owner,14.48 kmpl,2812 CC,270.27 bhp,105Nm@ 3760rpm,5
Hyundai i20,2012,72900.0,134230,Diesel,Individual,Manual,First Owner,18.71 kmpl,700 CC,46.85 bhp,69Nm@ 2100rpm,5
Audi A4,2021,774100.0,95309,Diesel,Individual,Manual,First Owner,11.75 kmpl,2798 CC,280.29 bhp,178Nm@ 2892rpm,5
Hyundai i20,2009,82500.0,93278,Petrol,Individual,Manual,First Owner,21.08 kmpl,1021 CC,65.73 bhp,60Nm@ 3453rpm,5
Hyundai i20,2020,165400.0,43297,Diesel,Dealer,Manual,Fourth & Above Owner,18.86 kmpl,972 CC,58.95 bhp,227Nm@ 1943rpm,5
Tata Nexon,2019,176900.0,82586,Diesel,Individual,Manual,Second Owner,19.18 kmpl,771 CC,87.1 bhp,173Nm@ 3429rpm,5
Audi A4,2009,212200.0,156294,Petrol,Dealer,Manual,First Owner,13.61 kmpl,2633 CC,239.85 bhp,246Nm@ 1500rpm,7
Skoda Octavia,2008,104300.0,86048,LPG,Individual,Manual,First Owner,24.71 kmpl,1302 CC,108.61 bhp,172Nm@ 2354rpm,7
Toyota Innova,2017,243300.0,137891,Diesel,Dealer,Manual,First Owner,17.48 kmpl,1606 CC,107.12 bhp,181Nm@ 3656rpm,5
Skoda Octavia,2011,128200.0,182895,Diesel,Individual,Manual,First Owner,23.23 kmpl,1674 CC,97.64 bhp,245Nm@ 3871rpm,5
Ford Ecosport,2013,107500.0,110972,Petrol,Individual,Manual,Third Owner,20.54 kmpl,1136 CC,85.86 bhp,60Nm@ 3102rpm,5
Maruti Swift,2007,46200.0,129233,Diesel,Dealer,Manual,Second Owner,22.69 kmpl,885 CC,54.97 bhp,139Nm@ 1769rpm,8
Hyundai i20,2017,143500.0,83266,Diesel,Dealer,Manual,Second Owner,21.47 kmpl,715 CC,72.41 bhp,96Nm@ 3106rpm,7
Mahindra XUV500,2017,174700.0,108801,Diesel,Individual,Manual,First Owner,22.49 kmpl,860 CC,77.52 bhp,143Nm@ 1650rpm,5
BMW 3 Series,2022,810800.0,62667,Diesel,Trustmark Dealer,Manual,First Owner,14.94 kmpl,3000 CC,254.12 bhp,159Nm@ 1802rpm,8
Mahindra XUV500,2018,141800.0,91409,Petrol,Dealer,Manual,Third Owner,20.97 kmpl,953 CC,68.51 bhp,222Nm@ 1784rpm,5
Tata Nexon,2009,74900.0,143323,Diesel,Individual,Manual,Second Owner,21.86 kmpl,1004 CC,85.79 bhp,260Nm@ 3301rpm,7
Toyota Innova,2010,97100.0,161175,Petrol,Individual,Manual,Second Owner,17.32 kmpl,1397 CC,137.8 bhp,169Nm@ 2862rpm,5
Toyota Innova,2010,101800.0,130826,Petrol,Dealer,Manual,Second Owner,21.51 kmpl,1109 CC,119.17 bhp,60Nm@ 2672rpm,5
BMW 3 Series,2013,290600.0,132023,Diesel,Dealer,Manual,First Owner,12.86 kmpl,2510 CC,259.84 bhp,124Nm@ 2771rpm,7
Honda City,2011,137500.0,58392,Petrol,Individual,Manual,First Owner,21.31 kmpl,1107 CC,107.1 bhp,201Nm@ 3187rpm,5
Skoda Octavia,2017,226300.0,87976,Petrol,Dealer,Manual,First Owner,12.62 kmpl,1097 CC,118.26 bhp,126Nm@ 3926rpm,7
Hyundai i20,2017,123000.0,105964,CNG,Individual,Manual,Third Owner,22.39 kmpl,967 CC,66.11 bhp,76Nm@ 3970rpm,7
Mahindra XUV500,2022,342400.0,38515,Petrol,Individual,Manual,Second Owner,22.1 kmpl,935 CC,128.14 bhp,60Nm@ 2541rpm,5
Skoda Octavia,2014,157200.0,123294,Petrol,Dealer,Manual,Second Owner,21.05 kmpl,1511 CC,105.42 bhp,145Nm@ 2085rpm,7
Toyota Innova,2022,347500.0,58578,Petrol,Individual,Manual,Third Owner,21.62 kmpl,1521 CC,119.09 bhp,62Nm@ 3783rpm,8
Ford Ecosport,2013,63500.0,150267,CNG,Individual,Manual,Third Owner,16.1 kmpl,802 CC,54.65 bhp,161Nm@ 3587rpm,5
BMW 3 Series,2006,177400.0,134090,Petrol,Individual,Manual,First Owner,14.65 kmpl,2626 CC,263.53 bhp,104Nm@ 3328rpm,5
Skoda Octavia,2013,118200.0,109913,CNG,Individual,Manual,Fourth & Above Owner,18.43 kmpl,1697 CC,115.6 bhp,232Nm@ 2621rpm,5
Hyundai i20,2008,48300.0,132912,Petrol,Individual,Manual,Second Owner,18.9 kmpl,932 CC,45.63 bhp,180Nm@ 3493rpm,7
Toyota Innova,2022,424300.0,84569,Diesel,Individual,Manual,First Owner,22.11 kmpl,1530 CC,121.42 bhp,186Nm@ 2036rpm,7
Skoda Octavia,2017,238400.0,60582,Diesel,Individual,Automatic,Second Owner,15.1 kmpl,1324 CC,90.12 bhp,99Nm@ 2212rpm,7
Maruti Swift,2020,191400.0,98992,Petrol,Individual,Manual,First Owner,21.18 kmpl,700 CC,66.11 bhp,69Nm@ 3910rpm,5
Ford Ecosport,2020,263800.0,74109,Diesel,Trustmark Dealer,Manual,First Owner,18.09 kmpl,1319 CC,83.59 bhp,182Nm@ 2119rpm,7
BMW 3 Series,2009,164000.0,70018,Petrol,Dealer,Manual,Fourth & Above Owner,19.59 kmpl,2674 CC,239.94 bhp,142Nm@ 3509rpm,7
Toyota Innova,2021,415400.0,63765,Diesel,Trustmark Dealer,Automatic,First Owner,14.99 kmpl,1324 CC,111.05 bhp,313Nm@ 3760rpm,5
Toyota Innova,2020,250300.0,101666,Petrol,Individual,Manual,Second Owner,17.6 kmpl,1219 CC,98.09 bhp,233Nm@ 3949rpm,7
Audi A4,2011,281700.0,140741,Petrol,Dealer,Manual,First Owner,15.15 kmpl,2474 CC,290.07 bhp,60Nm@ 2607rpm,5
Honda City,2010,79400.0,145323,Petrol,Dealer,Manual,First Owner,18.36 kmpl,700 CC,88.67 bhp,167Nm@ 3764rpm,7
Hyundai i20,2017,158000.0,102223,Petrol,Dealer,Manual,Second Owner,20.02 kmpl,846 CC,88.9 bhp,119Nm@ 2802rpm,5
Maruti Swift,2005,37400.0,210825,Petrol,Individual,Manual,First Owner,16.89 kmpl,841 CC,53.32 bhp,60Nm@ 3123rpm,5
Honda City,2013,159900.0,67932,Diesel,Dealer,Manual,First Owner,16.34 kmpl,933 CC,107.63 bhp,196Nm@ 1875rpm,7
Ford Ecosport,2015,102900.0,126291,Petrol,Individual,Manual,Fourth & Above Owner,17.93 kmpl,1235 CC,75.53 bhp,148Nm@ 3507rpm,4
Hyundai i20,2007,59000.0,162399,Petrol,Individual,Manual,Second Owner,21.67 kmpl,1297 CC,64.85 bhp,136Nm@ 1980rpm,7
Ford Ecosport,2011,113100.0,90591,Diesel,Dealer,Manual,First Owner,18.16 kmpl,1138 CC,84.82 bhp,165Nm@ 3322rpm,5
Hyundai i20,2016,151100.0,65772,Petrol,Individual,Automatic,First Owner,18.09 kmpl,1093 CC,49.93 bhp,90Nm@ 1678rpm,5
Maruti Swift,2016,128300.0,86837,Petrol,Dealer,Manual,First Owner,19.76 kmpl,933 CC,46.32 bhp,177Nm@ 3554rpm,5
Toyota Innova,2011,149300.0,106642,CNG,Individual,Manual,First Owner,20.51 kmpl,1569 CC,106.16 bhp,142Nm@ 3005rpm,5
Toyota Innova,2009,80600.0,117537,Petrol,Dealer,Manual,Third Owner,18.97 kmpl,1249 CC,107.2 bhp,222Nm@ 2539rpm,5
Ford Ecosport,2016,154300.0,76031,Petrol,Individual,Manual,First Owner,19.07 kmpl,700 CC,81.9 bhp,212Nm@ 1931rpm,7
Honda City,2006,58600.0,158846,Petrol,Dealer,Manual,Second Owner,15.92 kmpl,872 CC,92.46 bhp,171Nm@ 2201rpm,5
Audi A4,2013,402400.0,22785,Diesel,Individual,Manual,Second Owner,14.77 kmpl,2572 CC,250.59 bhp,93Nm@ 2387rpm,5
Mahindra XUV500,2011,137800.0,105836,Diesel,Individual,Automatic,First Owner,13.07 kmpl,1158 CC,97.05 bhp,260Nm@ 2642rpm,5
Hyundai i20,2006,44900.0,136406,Diesel,Dealer,Manual,Second Owner,17.7 kmpl,1154 CC,49.65 bhp,72Nm@ 3308rpm,7
Toyota Innova,2022,429500.0,53483,Petrol,Dealer,Manual,First Owner,21.18 kmpl,1410 CC,116.88 bhp,196Nm@ 3156rpm,7
Hyundai i20,2017,150900.0,139187,Diesel,Dealer,Automatic,First Owner,17.67 kmpl,853 CC,67.17 bhp,60Nm@ 2886rpm,5
Ford Ecosport,2023,327100.0,56935,Petrol,Individual,Manual,First Owner,25.38 kmpl,1029 CC,69.38 bhp,98Nm@ 3428rpm,7
Ford Ecosport,2014,109900.0,111217,Diesel,Individual,Manual,First Owner,20.1 kmpl,1004 CC,57.96 bhp,174Nm@ 1782rpm,5
Skoda Octavia,2013,168500.0,119827,Petrol,Dealer,Manual,First Owner,12.57 kmpl,1398 CC,123.83 bhp,117Nm@ 3394rpm,5
Skoda Octavia,2020,351000.0,70661,Diesel,Individual,Manual,Second Owner,19.86 kmpl,1542 CC,107.97 bhp,76Nm@ 2590rpm,5
Honda City,2005,55800.0,174000,Petrol,Individual,Manual,First Owner,23.93 kmpl,1118 CC,90.96 bhp,231Nm@ 2432rpm,5
Audi A4,2015,370500.0,139947,Diesel,Dealer,Manual,First Owner,12.06 kmpl,2736 CC,273.38 bhp,185Nm@ 3449rpm,5
Audi A4,2007,147100.0,175612,Petrol,Individual,Manual,Second Owner,14.2 kmpl,2308 CC,268.67 bhp,93Nm@ 2707rpm,5
Honda City,2021,264800.0,6612,Diesel,Individual,Manual,Second Owner,18.8 kmpl,1065 CC,59.32 bhp,168Nm@ 3052rpm,8
Hyundai i20,2012,115900.0,125816,Diesel,Dealer,Manual,First Owner,17.97 kmpl,1051 CC,80.32 bhp,84Nm@ 3217rpm,5
Toyota Innova,2016,260100.0,86742,Petrol,Individual,Manual,First Owner,13.65 kmpl,1532 CC,134.57 bhp,169Nm@ 1594rpm,5
Toyota Innova,2015,156200.0,119400,CNG,Dealer,Manual,Second Owner,21.82 kmpl,1506 CC,97.01 bhp,81Nm@ 3788rpm,7
Audi A4,2014,323900.0,106720,Diesel,Trustmark Dealer,Manual,First Owner,19.71 kmpl,2478 CC,244.87 bhp,101Nm@ 3296rpm,5
Ford Ecosport,2012,82800.0,120332,Petrol,Individual,Manual,First Owner,19.67 kmpl,911 CC,46.88 bhp,114Nm@ 2105rpm,7
Honda City,2022,373700.0,61540,Diesel,Individual,Manual,First Owner,19.78 kmpl,1274 CC,89.18 bhp,91Nm@ 2344rpm,5
BMW 3 Series,2009,204500.0,98747,Diesel,Individual,Automatic,Third Owner,14.99 kmpl,2751 CC,237.36 bhp,60Nm@ 2661rpm,8
BMW 3 Series,2012,323800.0,103943,Diesel,Individual,Manual,First Owner,18.29 kmpl,2765 CC,254.41 bhp,77Nm@ 3514rpm,5
Audi A4,2007,175800.0,169471,Diesel,Dealer,Manual,First Owner,18.44 kmpl,2317 CC,290.63 bhp,155Nm@ 3979rpm,4
Skoda Octavia,2005,61500.0,157999,Petrol,Dealer,Manual,First Owner,19.14 kmpl,1085 CC,110.09 bhp,195Nm@ 3070rpm,5
Tata Nexon,2005,44200.0,157548,Diesel,Individual,Manual,Second Owner,13.74 kmpl,762 CC,88.47 bhp,77Nm@ 3531rpm,5
Hyundai i20,2020,185200.0,118560,Petrol,Dealer,Automatic,Second Owner,23.27 kmpl,1018 CC,38.13 bhp,202Nm@ 2137rpm,5
Skoda Octavia,2011,149100.0,64389,CNG,Individual,Manual,First Owner,19.84 kmpl,1439 CC,97.59 bhp,142Nm@ 1515rpm,7
BMW 3 Series,2005,151600.0,103871,Petrol,Individual,Manual,Second Owner,8.0 kmpl,2299 CC,272.66 bhp,187Nm@ 3128rpm,5
Ford Ecosport,2007,76700.0,100341,Diesel,Individual,Manual,Second Owner,16.91 kmpl,1297 CC,98.96 bhp,223Nm@ 3167rpm,5
Maruti Swift,2013,116800.0,89067,Petrol,Dealer,Manual,First Owner,19.69 kmpl,894 CC,54.98 bhp,166Nm@ 2264rpm,4
Ford Ecosport,2006,58200.0,120072,Diesel,Individual,Manual,Fourth & Above Owner,21.13 kmpl,1204 CC,112.24 bhp,173Nm@ 3751rpm,7
Ford Ecosport,2006,39100.0,144045,Petrol,Trustmark Dealer,Manual,Third Owner,19.27 kmpl,1104 CC,63.01 bhp,79Nm@ 1549rpm,7
Ford Ecosport,2008,54200.0,121130,Petrol,Dealer,Manual,Third Owner,21.66 kmpl,868 CC,70.23 bhp,142Nm@ 3766rpm,5
Toyota Innova,2017,232500.0,139818,Diesel,Individual,Manual,First Owner,21.03 kmpl,1325 CC,113.09 bhp,215Nm@ 3567rpm,7
Tata Nexon,2012,118400.0,143337,Diesel,Trustmark Dealer,Manual,Second Owner,11.75 kmpl,1370 CC,87.37 bhp,112Nm@ 3634rpm,5
Ford Ecosport,2005,55100.0,135909,Petrol,Dealer,Manual,Second Owner,21.8 kmpl,1081 CC,82.13 bhp,60Nm@ 3336rpm,5
Skoda Octavia,2023,416300.0,64585,Petrol,Dealer,Manual,Second Owner,16.42 kmpl,1378 CC,134.47 bhp,146Nm@ 1658rpm,7
Audi A4,2022,766600.0,56139,Petrol,Individual,Manual,First Owner,19.4 kmpl,2231 CC,250.79 bhp,281Nm@ 3311rpm,7
Mahindra XUV500,2015,158900.0,135137,LPG,Individual,Manual,Second Owner,22.08 kmpl,1276 CC,103.01 bhp,250Nm@ 3546rpm,7
BMW 3 Series,2005,178800.0,118094,Diesel,Individual,Manual,First Owner,14.52 kmpl,2768 CC,255.13 bhp,182Nm@ 3077rpm,5
Hyundai i20,2008,45700.0,96556,Diesel,Individual,Manual,Third Owner,14.65 kmpl,700 CC,56.49 bhp,60Nm@ 3198rpm,5
Honda City,2017,253300.0,38188,Diesel,Dealer,Automatic,First Owner,19.46 kmpl,1243 CC,82.36 bhp,143Nm@ 3155rpm,5
Maruti Swift,2006,60400.0,146081,Diesel,Individual,Manual,First Owner,17.45 kmpl,1056 CC,72.58 bhp,205Nm@ 3946rpm,5
Mahindra XUV500,2019,243800.0,124347,Petrol,Dealer,Manual,Second Owner,17.86 kmpl,1561 CC,101.63 bhp,114Nm@ 2069rpm,5
Honda City,2023,310600.0,12338,Petrol,Dealer,Manual,Third Owner,19.11 kmpl,1193 CC,73.31 bhp,94Nm@ 2665rpm,5
Tata Nexon,2014,138800.0,77658,Petrol,Dealer,Manual,First Owner,18.95 kmpl,863 CC,87.35 bhp,150Nm@ 3152rpm,4
Honda City,2022,342500.0,52048,Diesel,Individual,Manual,Second Owner,16.04 kmpl,1417 CC,88.71 bhp,153Nm@ 3093rpm,8
Maruti Swift,2021,231700.0,116436,Diesel,Individual,Manual,First Owner,28.63 kmpl,990 CC,66.44 bhp,201Nm@ 3855rpm,7
Audi A4,2012,377600.0,36853,Petrol,Individual,Manual,First Owner,14.7 kmpl,2527 CC,243.59 bhp,169Nm@ 2526rpm,5
Mahindra XUV500,2010,122800.0,85950,Diesel,Dealer,Manual,First Owner,17.33 kmpl,1190 CC,90.17 bhp,112Nm@ 2317rpm,7
Hyundai i20,2010,63500.0,116325,Diesel,Dealer,Manual,First Owner,27.49 kmpl,700 CC,52.49 bhp,250Nm@ 3733rpm,5
Skoda Octavia,2010,118200.0,121616,Petrol,Dealer,Manual,First Owner,15.69 kmpl,1343 CC,105.28 bhp,148Nm@ 2529rpm,5
Audi A4,2020,613600.0,95352,CNG,Individual,Manual,First Owner,10.89 kmpl,2528 CC,255.9 bhp,124Nm@ 3130rpm,5
Toyota Innova,2007,91900.0,159571,CNG,Individual,Manual,First Owner,15.21 kmpl,1457 CC,139.08 bhp,145Nm@ 3303rpm,8
Maruti Swift,2019,189300.0,59700,Diesel,Individual,Manual,First Owner,21.11 kmpl,965 CC,47.78 bhp,121Nm@ 3891rpm,7
Toyota Innova,2012,121000.0,79911,Petrol,Dealer,Manual,Third Owner,16.75 kmpl,1282 CC,114.13 bhp,269Nm@ 1900rpm,8
Hyundai i20,2022,277800.0,76513,Petrol,Dealer,Automatic,First Owner,14.25 kmpl,849 CC,59.41 bhp,60Nm@ 1911rpm,7
Mahindra XUV500,2020,369400.0,54733,Petrol,Dealer,Automatic,First Owner,18.2 kmpl,1133 CC,101.82 bhp,237Nm@ 3156rpm,4
Audi A4,2012,220100.0,120586,CNG,Trustmark Dealer,Manual,Third Owner,16.91 kmpl,2211 CC,259.94 bhp,150Nm@ 2345rpm,7
Ford Ecosport,2006,65700.0,162167,Diesel,Individual,Manual,First Owner,15.14 kmpl,1292 CC,83.98 bhp,103Nm@ 3447rpm,7
Mahindra XUV500,2009,88800.0,93047,Petrol,Individual,Manual,First Owner,16.04 kmpl,1256 CC,64.3 bhp,219Nm@ 2032rpm,5
Maruti Swift,2011,62100.0,109390,LPG,Individual,Manual,Second Owner,22.27 kmpl,815 CC,37.54 bhp,70Nm@ 2780rpm,7
BMW 3 Series,2018,534300.0,103527,Petrol,Individual,Manual,First Owner,11.24 kmpl,2790 CC,256.66 bhp,144Nm@ 3457rpm,5
Tata Nexon,2006,58000.0,139500,Diesel,Dealer,Manual,First Owner,18.77 kmpl,1040 CC,68.37 bhp,195Nm@ 3349rpm,7
BMW 3 Series,2011,219100.0,164631,Petrol,Individual,Manual,Third Owner,15.53 kmpl,2785 CC,277.45 bhp,99Nm@ 1768rpm,8
Ford Ecosport,2013,132200.0,147064,Petrol,Individual,Automatic,Second Owner,20.56 kmpl,1200 CC,110.47 bhp,114Nm@ 2085rpm,4
Ford Ecosport,2005,75900.0,77859,Diesel,Individual,Manual,First Owner,18.67 kmpl,1025 CC,107.34 bhp,175Nm@ 1891rpm,5
Skoda Octavia,2009,102000.0,118855,Petrol,Individual,Automatic,Second Owner,19.39 kmpl,1134 CC,99.1 bhp,98Nm@ 3158rpm,5
Toyota Innova,2013,203900.0,70455,Diesel,Dealer,Automatic,First Owner,17.41 kmpl,1379 CC,118.86 bhp,60Nm@ 2387rpm,5
BMW 3 Series,2021,674400.0,86379,CNG,Dealer,Manual,Second Owner,10.06 kmpl,2545 CC,252.01 bhp,89Nm@ 3945rpm,5
Honda City,2022,252300.0,31922,Diesel,Individual,Manual,Third Owner,18.14 kmpl,1061 CC,75.34 bhp,110Nm@ 2449rpm,5
Ford Ecosport,2019,168800.0,124562,Petrol,Individual,Manual,Third Owner,13.38 kmpl,959 CC,77.66 bhp,179Nm@ 3173rpm,5
Skoda Octavia,2007,60900.0,155662,Petrol,Individual,Manual,Third Owner,19.43 kmpl,1448 CC,102.6 bhp,218Nm@ 1661rpm,7
Hyundai i20,2009,82400.0,100900,Diesel,Dealer,Automatic,Second Owner,19.26 kmpl,1113 CC,74.25 bhp,75Nm@ 2742rpm,5
Audi A4,2010,253700.0,128146,Petrol,Individual,Manual,First Owner,10.6 kmpl,2674 CC,251.64 bhp,258Nm@ 1977rpm,5
Tata Nexon,2015,126700.0,122263,Petrol,Individual,Manual,Second Owner,21.67 kmpl,1201 CC,82.37 bhp,205Nm@ 3784rpm,5
Ford Ecosport,2021,175900.0,58008,Petrol,Individual,Manual,Fourth & Above Owner,18.76 kmpl,700 CC,83.14 bhp,150Nm@ 3713rpm,5
Maruti Swift,2011,57600.0,149921,Petrol,Dealer,Manual,Third Owner,20.03 kmpl,709 CC,67.6 bhp,60Nm@ 2478rpm,5
Mahindra XUV500,2006,55600.0,167378,Diesel,Individual,Automatic,First Owner,22.13 kmpl,901 CC,82.07 bhp,100Nm@ 3119rpm,5
Mahindra XUV500,2006,70800.0,155686,Diesel,Individual,Manual,First Owner,16.9 kmpl,1488 CC,82.61 bhp,133Nm@ 3101rpm,7
Skoda Octavia,2009,81800.0,86816,Diesel,Individual,Manual,Second Owner,22.39 kmpl,918 CC,94.64 bhp,108Nm@ 3026rpm,5
Mahindra XUV500,2022,240800.0,47323,Petrol,Dealer,Manual,Fourth & Above Owner,22.48 kmpl,1100 CC,79.04 bhp,244Nm@ 2982rpm,5
Audi A4,2022,815300.0,50923,Petrol,Dealer,Manual,Second Owner,19.22 kmpl,2766 CC,237.05 bhp,135Nm@ 3278rpm,8
Maruti Swift,2006,45500.0,104716,Petrol,Individual,Manual,First Owner,20.25 kmpl,758 CC,56.09 bhp,161Nm@ 2635rpm,5
Mahindra XUV500,2018,213900.0,61283,Petrol,Individual,Manual,Second Owner,20.66 kmpl,1099 CC,98.18 bhp,141Nm@ 2660rpm,5
Tata Nexon,2017,173900.0,127441,Diesel,Dealer,Automatic,First Owner,22.77 kmpl,1246 CC,53.85 bhp,211Nm@ 2979rpm,5
Tata Nexon,2023,254000.0,111568,Diesel,Dealer,Automatic,First Owner,19.45 kmpl,768 CC,63.23 bhp,145Nm@ 3555rpm,7
Audi A4,2012,228000.0,167183,Diesel,Individual,Manual,Third Owner,8.0 kmpl,2821 CC,254.09 bhp,126Nm@ 2486rpm,7
Audi A4,2009,212500.0,162739,Diesel,Dealer,Manual,Second Owner,13.25 kmpl,2899 CC,295.53 bhp,217Nm@ 2026rpm,7
BMW 3 Series,2021,685000.0,96172,CNG,Individual,Manual,Second Owner,12.58 kmpl,2697 CC,247.52 bhp,210Nm@ 1949rpm,5
Hyundai i20,2011,57700.0,133602,Diesel,Individual,Manual,First Owner,19.12 kmpl,823 CC,35.0 bhp,226Nm@ 2562rpm,5
Mahindra XUV500,2016,198300.0,115295,Petrol,Dealer,Manual,First Owner,18.58 kmpl,1232 CC,88.65 bhp,137Nm@ 2186rpm,5
Ford Ecosport,2006,72000.0,173582,Diesel,Dealer,Manual,First Owner,16.36 kmpl,1212 CC,109.09 bhp,133Nm@ 2992rpm,5
Mahindra XUV500,2018,241400.0,88413,Petrol,Dealer,Manual,First Owner,19.86 kmpl,1266 CC,96.33 bhp,172Nm@ 2857rpm,7
Audi A4,2016,407400.0,116002,Petrol,Individual,Manual,Third Owner,18.06 kmpl,2959 CC,249.29 bhp,204Nm@ 3179rpm,7
Toyota Innova,2006,102100.0,98652,Petrol,Individual,Manual,First Owner,17.69 kmpl,1277 CC,144.04 bhp,102Nm@ 2183rpm,7
Honda City,2023,409900.0,69111,Petrol,Dealer,Automatic,First Owner,21.33 kmpl,1363 CC,74.61 bhp,162Nm@ 3731rpm,7
Tata Nexon,2013,115800.0,161151,Diesel,Individual,Manual,Third Owner,20.09 kmpl,1263 CC,95.15 bhp,60Nm@ 2030rpm,4
BMW 3 Series,2008,177500.0,80299,Diesel,Dealer,Manual,Third Owner,12.47 kmpl,2594 CC,272.07 bhp,60Nm@ 1541rpm,5
Ford Ecosport,2011,110400.0,130555,Diesel,Individual,Manual,First Owner,18.58 kmpl,1137 CC,90.12 bhp,109Nm@ 2396rpm,7
Honda City,2018,159200.0,82016,Petrol,Dealer,Manual,Second Owner,17.13 kmpl,844 CC,75.42 bhp,151Nm@ 2352rpm,7
Mahindra XUV500,2016,209100.0,49908,Diesel,Individual,Automatic,Third Owner,13.23 kmpl,1209 CC,104.57 bhp,108Nm@ 2653rpm,5
Mahindra XUV500,2020,288500.0,113393,Diesel,Dealer,Automatic,First Owner,19.9 kmpl,1366 CC,90.42 bhp,168Nm@ 1631rpm,5
Audi A4,2023,788000.0,105871,Diesel,Dealer,Manual,Second Owner,19.78 kmpl,2739 CC,274.4 bhp,191Nm@ 2707rpm,5
Honda City,2022,314300.0,74858,Petrol,Individual,Manual,First Owner,16.02 kmpl,1089 CC,73.56 bhp,169Nm@ 2338rpm,5
Tata Nexon,2012,107700.0,151172,Diesel,Dealer,Manual,Second Owner,24.15 kmpl,1112 CC,95.12 bhp,87Nm@ 3128rpm,5
Ford Ecosport,2015,235700.0,500,Petrol,Individual,Manual,Second Owner,24.09 kmpl,1268 CC,101.66 bhp,118Nm@ 1957rpm,5
Maruti Swift,2017,147600.0,136112,Petrol,Dealer,Manual,First Owner,26.72 kmpl,819 CC,67.6 bhp,319Nm@ 2421rpm,5
Tata Nexon,2013,84200.0,102943,CNG,Individual,Manual,Third Owner,17.87 kmpl,712 CC,74.19 bhp,161Nm@ 3501rpm,7
Ford Ecosport,2022,288800.0,86085,LPG,Individual,Manual,First Owner,15.57 kmpl,1178 CC,65.21 bhp,143Nm@ 3322rpm,5
Ford Ecosport,2019,213200.0,84021,Petrol,Individual,Manual,Second Owner,19.56 kmpl,1198 CC,76.7 bhp,194Nm@ 3350rpm,8
Toyota Innova,2017,257200.0,59033,Diesel,Individual,Automatic,Third Owner,16.09 kmpl,1356 CC,132.58 bhp,60Nm@ 3712rpm,5
BMW 3 Series,2018,485200.0,62973,Petrol,Dealer,Manual,Third Owner,15.77 kmpl,2623 CC,256.89 bhp,107Nm@ 2949rpm,7
Mahindra XUV500,2016,151300.0,140676,Diesel,Individual,Manual,First Owner,21.7 kmpl,1061 CC,84.38 bhp,209Nm@ 2648rpm,5
Maruti Swift,2013,115600.0,99947,Diesel,Dealer,Manual,First Owner,17.02 kmpl,736 CC,82.93 bhp,132Nm@ 3318rpm,5
Hyundai i20,2017,111600.0,145667,Petrol,Dealer,Automatic,First Owner,14.08 kmpl,700 CC,49.1 bhp,193Nm@ 2934rpm,5
Maruti Swift,2021,220000.0,50676,Petrol,Dealer,Automatic,Third Owner,17.47 kmpl,916 CC,67.1 bhp,235Nm@ 2261rpm,7
Ford Ecosport,2020,248800.0,60304,Petrol,Individual,Manual,First Owner,18.23 kmpl,789 CC,89.66 bhp,280Nm@ 2314rpm,5
Toyota Innova,2013,196900.0,130236,Diesel,Individual,Manual,First Owner,18.77 kmpl,1970 CC,129.07 bhp,91Nm@ 1915rpm,7
Honda City,2007,78700.0,137237,Diesel,Individual,Manual,First Owner,16.1 kmpl,1011 CC,109.19 bhp,164Nm@ 1712rpm,5
Tata Nexon,2013,141600.0,114401,Diesel,Individual,Manual,First Owner,22.54 kmpl,1161 CC,90.27 bhp,111Nm@ 2651rpm,7
Mahindra XUV500,2012,109700.0,152154,Petrol,Individual,Manual,First Owner,14.87 kmpl,1461 CC,75.76 bhp,60Nm@ 2938rpm,8
Tata Nexon,2012,114100.0,126126,Petrol,Individual,Manual,Second Owner,18.85 kmpl,1214 CC,88.55 bhp,155Nm@ 1916rpm,5
Honda City,2015,170400.0,91589,Petrol,Dealer,Manual,First Owner,17.72 kmpl,1230 CC,78.41 bhp,125Nm@ 3737rpm,4
Mahindra XUV500,2017,174000.0,129047,Petrol,Dealer,Manual,Second Owner,19.59 kmpl,1180 CC,105.01 bhp,160Nm@ 2491rpm,5
Ford Ecosport,2020,241300.0,79361,Petrol,Individual,Manual,First Owner,19.57 kmpl,876 CC,98.17 bhp,217Nm@ 3691rpm,7
BMW 3 Series,2022,778600.0,51337,CNG,Individual,Manual,Second Owner,16.31 kmpl,2483 CC,251.87 bhp,119Nm@ 2044rpm,7
Ford Ecosport,2012,133500.0,100004,Diesel,Dealer,Manual,First Owner,20.03 kmpl,1233 CC,83.31 bhp,195Nm@ 3231rpm,4
Honda City,2010,73900.0,128353,Diesel,Individual,Manual,Third Owner,24.15 kmpl,972 CC,90.03 bhp,136Nm@ 1715rpm,5
Ford Ecosport,2020,297500.0,90396,Petrol,Dealer,Manual,First Owner,23.03 kmpl,1266 CC,109.13 bhp,111Nm@ 1882rpm,4
Honda City,2008,94000.0,131850,Diesel,Dealer,Manual,First Owner,21.94 kmpl,1055 CC,114.0 bhp,138Nm@ 2490rpm,7
BMW 3 Series,2016,365800.0,92653,Petrol,Individual,Manual,Third Owner,15.06 kmpl,2761 CC,254.92 bhp,79Nm@ 3826rpm,5
Maruti Swift,2007,52600.0,127341,Petrol,Individual,Manual,First Owner,27.43 kmpl,1258 CC,36.91 bhp,60Nm@ 3029rpm,7
BMW 3 Series,2013,404900.0,92647,Diesel,Individual,Automatic,First Owner,10.83 kmpl,2464 CC,283.44 bhp,65Nm@ 3680rpm,7
Ford Ecosport,2021,281100.0,86562,Diesel,Dealer,Manual,First Owner,18.77 kmpl,1030 CC,90.64 bhp,60Nm@ 3387rpm,5
Skoda Octavia,2016,209200.0,110359,Diesel,Dealer,Manual,First Owner,21.66 kmpl,1612 CC,84.71 bhp,89Nm@ 2222rpm,5
Audi A4,2014,351000.0,137517,Petrol,Individual,Manual,First Owner,11.18 kmpl,2745 CC,280.21 bhp,147Nm@ 3302rpm,5
Skoda Octavia,2005,72500.0,74080,Diesel,Dealer,Manual,First Owner,14.49 kmpl,1490 CC,84.72 bhp,141Nm@ 3827rpm,5
Mahindra XUV500,2010,119700.0,90422,Diesel,Individual,Automatic,First Owner,15.45 kmpl,966 CC,115.39 bhp,232Nm@ 1986rpm,7
Audi A4,2021,739200.0,78871,Petrol,Individual,Manual,First Owner,9.49 kmpl,2606 CC,264.78 bhp,122Nm@ 3006rpm,5
Mahindra XUV500,2008,69400.0,143724,Petrol,Individual,Manual,Second Owner,24.52 kmpl,1052 CC,86.84 bhp,203Nm@ 2581rpm,5
BMW 3 Series,2008,183300.0,163629,Petrol,Dealer,Manual,Second Owner,12.57 kmpl,2495 CC,283.59 bhp,132Nm@ 2566rpm,7
BMW 3 Series,2014,386100.0,77006,Diesel,Dealer,Automatic,Second Owner,12.91 kmpl,2713 CC,242.82 bhp,166Nm@ 2114rpm,7
Tata Nexon,2008,85400.0,148934,Diesel,Dealer,Manual,First Owner,19.23 kmpl,1365 CC,80.73 bhp,196Nm@ 1800rpm,5
Skoda Octavia,2019,247300.0,96118,CNG,Individual,Manual,First Owner,15.28 kmpl,1181 CC,82.29 bhp,153Nm@ 3905rpm,7
Honda City,2023,257600.0,106477,Petrol,Individual,Manual,Fourth & Above Owner,20.42 kmpl,1267 CC,86.51 bhp,216Nm@ 3777rpm,5
Skoda Octavia,2013,164600.0,53498,Diesel,Dealer,Manual,First Owner,21.2 kmpl,1016 CC,102.7 bhp,130Nm@ 2723rpm,7
Tata Nexon,2008,61500.0,177405,Petrol,Dealer,Manual,Third Owner,19.12 kmpl,1340 CC,77.56 bhp,182Nm@ 3890rpm,5
Tata Nexon,2017,175300.0,85336,Petrol,Individual,Manual,First Owner,21.22 kmpl,982 CC,72.82 bhp,236Nm@ 2820rpm,5
Maruti Swift,2008,45000.0,139442,Petrol,Individual,Manual,Fourth & Above Owner,16.73 kmpl,1070 CC,67.87 bhp,112Nm@ 3292rpm,4
Honda City,2020,240800.0,150124,Diesel,Dealer,Manual,First Owner,19.39 kmpl,1519 CC,76.38 bhp,118Nm@ 3108rpm,5
Hyundai i20,2012,62900.0,121517,Diesel,Individual,Manual,Fourth & Above Owner,20.89 kmpl,1131 CC,56.4 bhp,203Nm@ 2358rpm,7
Hyundai i20,2016,72400.0,89480,Diesel,Trustmark Dealer,Manual,Fourth & Above Owner,18.59 kmpl,776 CC,35.0 bhp,130Nm@ 2990rpm,5
Skoda Octavia,2005,58900.0,173755,Petrol,Individual,Manual,Second Owner,23.83 kmpl,1446 CC,114.93 bhp,181Nm@ 3751rpm,5
Ford Ecosport,2023,338900.0,103737,Diesel,Individual,Automatic,Second Owner,20.57 kmpl,1168 CC,91.79 bhp,198Nm@ 1531rpm,7
Hyundai i20,2023,329200.0,29741,Diesel,Trustmark Dealer,Manual,First Owner,23.14 kmpl,974 CC,58.12 bhp,180Nm@ 3550rpm,7
Mahindra XUV500,2012,138500.0,124035,Petrol,Individual,Automatic,First Owner,16.83 kmpl,1184 CC,85.6 bhp,158Nm@ 3024rpm,5
Hyundai i20,2012,73900.0,158933,Diesel,Individual,Manual,Second Owner,21.28 kmpl,1030 CC,42.39 bhp,194Nm@ 1649rpm,7
Honda City,2014,122500.0,70203,Diesel,Individual,Manual,First Owner,19.86 kmpl,822 CC,80.33 bhp,116Nm@ 2894rpm,5
BMW 3 Series,2022,686500.0,67160,Diesel,Individual,Manual,Third Owner,10.29 kmpl,2833 CC,252.5 bhp,135Nm@ 1676rpm,5
Ford Ecosport,2005,64600.0,160759,Diesel,Individual,Manual,First Owner,19.28 kmpl,1263 CC,92.79 bhp,105Nm@ 2648rpm,8
Hyundai i20,2020,194800.0,39126,Petrol,Individual,Manual,Third Owner,16.66 kmpl,860 CC,77.54 bhp,99Nm@ 2509rpm,5
Toyota Innova,2007,93600.0,116214,Diesel,Individual,Manual,First Owner,19.22 kmpl,1540 CC,96.43 bhp,171Nm@ 2123rpm,5
Tata Nexon,2022,273300.0,57959,Petrol,Dealer,Manual,Third Owner,19.44 kmpl,1212 CC,84.13 bhp,136Nm@ 3743rpm,7
Hyundai i20,2005,63800.0,111516,Diesel,Individual,Manual,First Owner,23.25 kmpl,719 CC,98.72 bhp,121Nm@ 3308rpm,7
Maruti Swift,2015,106600.0,115894,Diesel,Dealer,Manual,First Owner,16.81 kmpl,700 CC,65.7 bhp,60Nm@ 2569rpm,5
Mahindra XUV500,2012,123200.0,70065,Diesel,Dealer,Automatic,First Owner,22.16 kmpl,1192 CC,54.42 bhp,130Nm@ 3760rpm,5
Skoda Octavia,2014,127600.0,127589,Diesel,Individual,Manual,Second Owner,22.92 kmpl,1208 CC,81.23 bhp,175Nm@ 3960rpm,5
Mahindra XUV500,2019,269400.0,43244,LPG,Individual,Manual,First Owner,15.32 kmpl,1081 CC,92.98 bhp,234Nm@ 1723rpm,5
Audi A4,2010,250300.0,132279,LPG,Dealer,Manual,First Owner,12.75 kmpl,2629 CC,256.82 bhp,183Nm@ 2059rpm,5
Tata Nexon,2010,65000.0,126872,Petrol,Individual,Manual,Third Owner,20.81 kmpl,966 CC,63.56 bhp,131Nm@ 3710rpm,4
Honda City,2006,61600.0,67236,Diesel,Dealer,Manual,Third Owner,19.96 kmpl,966 CC,90.01 bhp,76Nm@ 3058rpm,7
Hyundai i20,2018,152500.0,125997,Petrol,Dealer,Manual,Second Owner,24.11 kmpl,793 CC,79.04 bhp,219Nm@ 2170rpm,7
Ford Ecosport,2020,278100.0,8062,Petrol,Individual,Manual,Second Owner,21.5 kmpl,883 CC,91.7 bhp,175Nm@ 3055rpm,8
Tata Nexon,2010,110000.0,82740,Diesel,Dealer,Automatic,First Owner,18.34 kmpl,1037 CC,86.79 bhp,154Nm@ 3455rpm,7
Maruti Swift,2011,62900.0,102349,Petrol,Individual,Manual,Third Owner,19.68 kmpl,851 CC,58.43 bhp,129Nm@ 3239rpm,7
Honda City,2019,343800.0,38541,Diesel,Individual,Automatic,First Owner,21.65 kmpl,1463 CC,105.46 bhp,230Nm@ 2585rpm,5
Toyota Innova,2021,343600.0,123848,CNG,Dealer,Manual,First Owner,17.05 kmpl,1270 CC,115.61 bhp,122Nm@ 2571rpm,8
Audi A4,2006,149800.0,150707,Petrol,Individual,Manual,Third Owner,13.45 kmpl,2791 CC,289.4 bhp,129Nm@ 2700rpm,4
BMW 3 Series,2017,438900.0,116665,Diesel,Dealer,Automatic,Third Owner,14.65 kmpl,2377 CC,285.07 bhp,126Nm@ 3873rpm,5
Audi A4,2009,142700.0,130070,Petrol,Individual,Manual,Third Owner,12.81 kmpl,2582 CC,228.53 bhp,240Nm@ 3529rpm,8
BMW 3 Series,2018,411000.0,108958,Petrol,Trustmark Dealer,Automatic,Fourth & Above Owner,17.02 kmpl,2419 CC,282.93 bhp,184Nm@ 2661rpm,5
Maruti Swift,2015,124800.0,101147,Diesel,Dealer,Manual,First Owner,22.35 kmpl,798 CC,72.22 bhp,242Nm@ 2644rpm,5
Ford Ecosport,2010,66700.0,169723,Petrol,Individual,Manual,Second Owner,21.0 kmpl,1019 CC,68.45 bhp,197Nm@ 2061rpm,7
Honda City,2008,87400.0,93354,Diesel,Individual,Manual,Second Owner,16.48 kmpl,1329 CC,89.03 bhp,232Nm@ 2266rpm,5
Toyota Innova,2017,223000.0,99951,CNG,Dealer,Manual,Third Owner,23.86 kmpl,1654 CC,137.36 bhp,246Nm@ 3096rpm,5
Ford Ecosport,2007,94700.0,77857,Petrol,Dealer,Manual,First Owner,24.01 kmpl,1318 CC,79.95 bhp,199Nm@ 1978rpm,5
Maruti Swift,2007,51700.0,80481,Diesel,Individual,Manual,Third Owner,17.14 kmpl,728 CC,76.87 bhp,151Nm@ 3063rpm,7
Tata Nexon,2005,41300.0,162167,Diesel,Individual,Manual,Second Owner,17.9 kmpl,835 CC,67.68 bhp,149Nm@ 3767rpm,5
Tata Nexon,2016,159100.0,88100,Diesel,Dealer,Manual,First Owner,25.22 kmpl,847 CC,83.45 bhp,85Nm@ 1500rpm,4
Tata Nexon,2012,140100.0,55072,Petrol,Individual,Automatic,First Owner,20.42 kmpl,1047 CC,89.7 bhp,196Nm@ 1711rpm,7
BMW 3 Series,2017,409800.0,126907,Petrol,Individual,Manual,Second Owner,19.18 kmpl,2550 CC,247.83 bhp,200Nm@ 3869rpm,5
Mahindra XUV500,2017,234600.0,119538,Petrol,Dealer,Manual,First Owner,19.74 kmpl,1662 CC,96.44 bhp,119Nm@ 2544rpm,5
Ford Ecosport,2010,92400.0,144938,Petrol,Dealer,Manual,First Owner,20.35 kmpl,1182 CC,86.22 bhp,229Nm@ 3102rpm,5
Ford Ecosport,2005,44600.0,204525,LPG,Individual,Manual,First Owner,14.88 kmpl,1107 CC,73.0 bhp,189Nm@ 1738rpm,5
Tata Nexon,2015,147900.0,146292,Diesel,Individual,Automatic,Second Owner,19.85 kmpl,957 CC,119.89 bhp,162Nm@ 1790rpm,5
Audi A4,2016,375200.0,84258,Diesel,Dealer,Manual,Third Owner,17.86 kmpl,3000 CC,254.17 bhp,199Nm@ 1948rpm,5
Ford Ecosport,2021,247400.0,79219,Petrol,Dealer,Manual,Second Owner,20.39 kmpl,1212 CC,66.8 bhp,132Nm@ 2204rpm,5
Audi A4,2008,213300.0,52086,Petrol,Trustmark Dealer,Manual,Third Owner,13.36 kmpl,2946 CC,266.56 bhp,215Nm@ 3310rpm,5
Hyundai i20,2015,121600.0,124452,Diesel,Individual,Manual,Second Owner,17.04 kmpl,1348 CC,51.02 bhp,215Nm@ 2013rpm,5
Maruti Swift,2005,44400.0,133911,Petrol,Individual,Manual,Second Owner,17.53 kmpl,875 CC,88.95 bhp,153Nm@ 2832rpm,5
Tata Nexon,2014,103400.0,87126,Diesel,Individual,Manual,Second Owner,19.45 kmpl,700 CC,72.45 bhp,126Nm@ 3263rpm,5
Mahindra XUV500,2007,110600.0,76143,Diesel,Dealer,Manual,First Owner,22.11 kmpl,1151 CC,132.04 bhp,264Nm@ 2865rpm,5
Tata Nexon,2017,175000.0,104878,Petrol,Dealer,Manual,First Owner,15.41 kmpl,872 CC,85.32 bhp,174Nm@ 2441rpm,7
Hyundai i20,2009,60300.0,176642,Diesel,Individual,Manual,First Owner,25.78 kmpl,1088 CC,42.15 bhp,126Nm@ 2364rpm,5
Skoda Octavia,2018,249100.0,78842,Diesel,Individual,Manual,Second Owner,19.43 kmpl,1178 CC,130.12 bhp,170Nm@ 3717rpm,7
Maruti Swift,2023,216200.0,142622,Diesel,Dealer,Manual,First Owner,20.13 kmpl,1154 CC,35.0 bhp,60Nm@ 3950rpm,5
Honda City,2008,73700.0,121578,Diesel,Trustmark Dealer,Manual,Second Owner,22.27 kmpl,1048 CC,75.35 bhp,259Nm@ 3060rpm,7
Honda City,2011,105800.0,109869,Petrol,Individual,Manual,First Owner,19.38 kmpl,1169 CC,82.05 bhp,92Nm@ 3124rpm,5
Honda City,2017,154100.0,103121,Petrol,Individual,Manual,First Owner,15.12 kmpl,700 CC,76.91 bhp,118Nm@ 3111rpm,7
Toyota Innova,2015,216100.0,91126,Petrol,Individual,Manual,First Owner,20.21 kmpl,1560 CC,109.43 bhp,173Nm@ 3059rpm,7
Toyota Innova,2018,174200.0,128028,Petrol,Individual,Manual,Third Owner,16.87 kmpl,1224 CC,115.84 bhp,220Nm@ 2539rpm,5
Ford Ecosport,2017,154000.0,144464,Petrol,Dealer,Manual,First Owner,18.13 kmpl,892 CC,75.5 bhp,60Nm@ 2104rpm,5
Ford Ecosport,2018,191600.0,109420,Petrol,Dealer,Manual,Second Owner,17.77 kmpl,1529 CC,73.27 bhp,175Nm@ 1774rpm,5
Mahindra XUV500,2014,110600.0,126104,Petrol,Individual,Manual,Second Owner,18.64 kmpl,1117 CC,78.42 bhp,201Nm@ 3000rpm,5
Maruti Swift,2018,185100.0,122305,Petrol,Dealer,Automatic,First Owner,23.21 kmpl,1003 CC,73.04 bhp,214Nm@ 1824rpm,7
BMW 3 Series,2020,695400.0,29629,Diesel,Dealer,Manual,Second Owner,13.64 kmpl,2529 CC,267.51 bhp,170Nm@ 3470rpm,4
BMW 3 Series,2005,161200.0,96983,Petrol,Dealer,Manual,First Owner,8.81 kmpl,2707 CC,254.32 bhp,95Nm@ 3500rpm,5
Ford Ecosport,2005,45400.0,141516,Diesel,Dealer,Manual,First Owner,21.95 kmpl,820 CC,63.16 bhp,154Nm@ 1692rpm,5
Audi A4,2010,293700.0,94049,Petrol,Trustmark Dealer,Manual,First Owner,15.2 kmpl,2748 CC,295.04 bhp,271Nm@ 2266rpm,5
Maruti Swift,2012,114200.0,96852,Petrol,Individual,Manual,First Owner,22.27 kmpl,1192 CC,58.0 bhp,176Nm@ 3004rpm,5
Audi A4,2023,856500.0,99996,Diesel,Dealer,Manual,First Owner,15.6 kmpl,2460 CC,270.38 bhp,206Nm@ 3580rpm,5
Maruti Swift,2012,97300.0,48934,Petrol,Individual,Manual,Second Owner,16.91 kmpl,941 CC,56.86 bhp,147Nm@ 1642rpm,5
Audi A4,2015,465200.0,63535,Petrol,Individual,Automatic,First Owner,10.67 kmpl,2914 CC,272.22 bhp,124Nm@ 2573rpm,5
Hyundai i20,2010,71800.0,87629,Petrol,Trustmark Dealer,Manual,Second Owner,21.97 kmpl,1081 CC,39.95 bhp,243Nm@ 3396rpm,8
Skoda Octavia,2021,340300.0,103846,CNG,Dealer,Manual,Second Owner,12.21 kmpl,1651 CC,115.98 bhp,146Nm@ 3478rpm,7
Honda City,2014,140600.0,107886,Petrol,Individual,Automatic,First Owner,20.03 kmpl,977 CC,71.54 bhp,210Nm@ 2627rpm,7
Tata Nexon,2016,166400.0,129917,Petrol,Dealer,Manual,Second Owner,17.75 kmpl,1202 CC,101.35 bhp,99Nm@ 3855rpm,5
Mahindra XUV500,2017,181900.0,110102,Diesel,Dealer,Manual,Second Owner,15.39 kmpl,1269 CC,97.98 bhp,227Nm@ 2404rpm,5
BMW 3 Series,2016,503200.0,74057,Diesel,Individual,Manual,First Owner,20.66 kmpl,2645 CC,266.05 bhp,206Nm@ 3916rpm,5
Skoda Octavia,2022,371400.0,87517,Petrol,Dealer,Manual,First Owner,14.11 kmpl,1242 CC,106.7 bhp,60Nm@ 1930rpm,7
Toyota Innova,2022,456600.0,65134,Petrol,Dealer,Manual,First Owner,18.73 kmpl,1370 CC,138.89 bhp,121Nm@ 3936rpm,5
Tata Nexon,2010,76300.0,152011,Petrol,Dealer,Manual,Third Owner,24.24 kmpl,1295 CC,93.72 bhp,128Nm@ 3004rpm,5
Honda City,2019,227000.0,81629,Petrol,Dealer,Automatic,Third Owner,17.78 kmpl,1104 CC,94.87 bhp,113Nm@ 2065rpm,5
Audi A4,2008,168400.0,163169,Diesel,Dealer,Manual,Second Owner,16.71 kmpl,2571 CC,259.62 bhp,170Nm@ 2240rpm,5
Audi A4,2017,583000.0,84370,Diesel,Individual,Manual,First Owner,12.16 kmpl,2925 CC,284.03 bhp,103Nm@ 2859rpm,7
BMW 3 Series,2005,122700.0,210167,Petrol,Dealer,Manual,First Owner,16.52 kmpl,2709 CC,251.05 bhp,170Nm@ 2946rpm,7
Ford Ecosport,2022,334000.0,77060,Petrol,Individual,Manual,First Owner,20.5 kmpl,1158 CC,78.82 bhp,144Nm@ 2214rpm,5
Audi A4,2017,525700.0,94924,Diesel,Dealer,Manual,First Owner,21.07 kmpl,2771 CC,255.44 bhp,86Nm@ 1522rpm,5
Tata Nexon,2020,249800.0,45593,Diesel,Individual,Manual,Second Owner,21.18 kmpl,823 CC,93.83 bhp,124Nm@ 2761rpm,5
BMW 3 Series,2009,272400.0,117841,Diesel,Individual,Manual,First Owner,8.0 kmpl,2709 CC,276.15 bhp,108Nm@ 1733rpm,5
Honda City,2013,116900.0,130227,Petrol,Dealer,Manual,Second Owner,17.88 kmpl,1042 CC,90.18 bhp,197Nm@ 3723rpm,7
Honda City,2013,148900.0,144716,Petrol,Individual,Manual,First Owner,25.84 kmpl,1444 CC,103.21 bhp,133Nm@ 3824rpm,5
Honda City,2006,76100.0,164839,Diesel,Trustmark Dealer,Manual,First Owner,19.16 kmpl,1166 CC,119.46 bhp,88Nm@ 3493rpm,4
Hyundai i20,2015,162200.0,79646,Petrol,Individual,Automatic,First Owner,19.45 kmpl,1278 CC,59.9 bhp,191Nm@ 3965rpm,5
Skoda Octavia,2014,244000.0,28438,Diesel,Dealer,Manual,First Owner,18.95 kmpl,1625 CC,94.44 bhp,129Nm@ 2096rpm,7
BMW 3 Series,2007,131600.0,180942,Diesel,Individual,Automatic,Third Owner,13.49 kmpl,2455 CC,272.97 bhp,176Nm@ 1839rpm,5
Mahindra XUV500,2010,100400.0,140295,Petrol,Individual,Manual,First Owner,15.62 kmpl,1164 CC,89.35 bhp,163Nm@ 1649rpm,7
Hyundai i20,2020,185400.0,44724,Diesel,Dealer,Manual,First Owner,22.42 kmpl,700 CC,43.24 bhp,138Nm@ 3215rpm,8
Audi A4,2007,142800.0,169726,Petrol,Individual,Manual,Second Owner,14.89 kmpl,2612 CC,266.54 bhp,195Nm@ 3309rpm,7
Toyota Innova,2016,212800.0,151747,Petrol,Trustmark Dealer,Manual,First Owner,15.15 kmpl,1484 CC,137.79 bhp,93Nm@ 2208rpm,5
Tata Nexon,2010,91100.0,129728,Diesel,Individual,Manual,Second Owner,18.45 kmpl,1272 CC,83.62 bhp,192Nm@ 1946rpm,5
Skoda Octavia,2013,125000.0,167773,Petrol,Individual,Manual,First Owner,20.56 kmpl,1116 CC,112.02 bhp,104Nm@ 2724rpm,7
Skoda Octavia,2017,209500.0,95823,Diesel,Trustmark Dealer,Manual,First Owner,17.31 kmpl,1151 CC,107.0 bhp,72Nm@ 1625rpm,7
Mahindra XUV500,2016,166700.0,30386,Diesel,Dealer,Manual,Second Owner,19.09 kmpl,1234 CC,60.63 bhp,150Nm@ 3177rpm,7
Ford Ecosport,2009,74000.0,103389,Petrol,Dealer,Manual,First Owner,14.76 kmpl,868 CC,70.43 bhp,111Nm@ 2171rpm,5
Maruti Swift,2020,161600.0,71523,Diesel,Trustmark Dealer,Manual,Second Owner,18.71 kmpl,700 CC,51.1 bhp,181Nm@ 1523rpm,5
Ford Ecosport,2017,125500.0,72250,Petrol,Individual,Manual,Fourth & Above Owner,14.42 kmpl,1086 CC,80.43 bhp,215Nm@ 1725rpm,5
Honda City,2020,276000.0,45696,Diesel,Individual,Manual,First Owner,23.14 kmpl,1044 CC,78.11 bhp,163Nm@ 1885rpm,5
Audi A4,2006,169200.0,170173,Diesel,Individual,Manual,First Owner,10.38 kmpl,2822 CC,265.22 bhp,151Nm@ 2053rpm,4
Ford Ecosport,2012,86300.0,159825,Diesel,Individual,Manual,Third Owner,18.99 kmpl,1151 CC,93.36 bhp,218Nm@ 2921rpm,5
Honda City,2013,127000.0,126848,Petrol,Trustmark Dealer,Manual,Second Owner,19.07 kmpl,1287 CC,94.37 bhp,120Nm@ 3355rpm,7
Ford Ecosport,2006,49300.0,170042,Petrol,Dealer,Manual,First Owner,18.09 kmpl,802 CC,74.2 bhp,125Nm@ 2753rpm,7
Tata Nexon,2006,59800.0,116916,Diesel,Dealer,Manual,Second Owner,20.35 kmpl,922 CC,94.17 bhp,62Nm@ 2818rpm,7
Skoda Octavia,2008,85900.0,142828,Diesel,Dealer,Manual,First Owner,23.48 kmpl,1579 CC,84.74 bhp,163Nm@ 2409rpm,7
Audi A4,2010,251000.0,149151,Diesel,Dealer,Manual,First Owner,13.15 kmpl,2611 CC,277.14 bhp,145Nm@ 2052rpm,7
BMW 3 Series,2006,167300.0,157578,CNG,Dealer,Automatic,First Owner,9.13 kmpl,2637 CC,257.41 bhp,155Nm@ 3045rpm,7
Ford Ecosport,2005,67100.0,141973,Petrol,Dealer,Automatic,Second Owner,15.88 kmpl,1117 CC,97.69 bhp,117Nm@ 2294rpm,5
Toyota Innova,2007,66900.0,149876,Diesel,Individual,Manual,Second Owner,21.17 kmpl,1348 CC,86.72 bhp,66Nm@ 2815rpm,7
Skoda Octavia,2008,74800.0,125560,Diesel,Individual,Manual,Second Owner,20.16 kmpl,1182 CC,85.24 bhp,209Nm@ 3601rpm,5
Maruti Swift,2017,153100.0,78662,Petrol,Individual,Automatic,First Owner,18.72 kmpl,966 CC,49.54 bhp,135Nm@ 2878rpm,5
Hyundai i20,2021,148600.0,54644,Diesel,Individual,Manual,Fourth & Above Owner,13.95 kmpl,946 CC,44.13 bhp,128Nm@ 3072rpm,8
Hyundai i20,2016,191700.0,48994,Diesel,Individual,Manual,First Owner,26.05 kmpl,1376 CC,76.49 bhp,71Nm@ 3108rpm,7
Hyundai i20,2017,110000.0,94873,Petrol,Individual,Manual,Third Owner,20.71 kmpl,1036 CC,37.43 bhp,79Nm@ 3022rpm,5
Toyota Innova,2016,235900.0,110655,Petrol,Individual,Manual,First Owner,18.98 kmpl,1321 CC,132.36 bhp,189Nm@ 1980rpm,4
Ford Ecosport,2005,55000.0,149528,Petrol,Dealer,Manual,First Owner,17.76 kmpl,1294 CC,64.6 bhp,60Nm@ 3015rpm,5
Audi A4,2008,177700.0,132483,CNG,Dealer,Manual,Second Owner,10.81 kmpl,2646 CC,240.9 bhp,193Nm@ 2525rpm,5
Mahindra XUV500,2011,134800.0,63618,Petrol,Individual,Manual,Second Owner,22.15 kmpl,1373 CC,98.11 bhp,217Nm@ 1713rpm,8
Mahindra XUV500,2019,264500.0,130318,Diesel,Individual,Manual,First Owner,22.29 kmpl,1105 CC,118.98 bhp,160Nm@ 3138rpm,7
Audi A4,2007,168100.0,139373,Petrol,Individual,Manual,Second Owner,15.64 kmpl,2738 CC,269.63 bhp,120Nm@ 3507rpm,7
Skoda Octavia,2019,179700.0,108620,Petrol,Individual,Manual,Fourth & Above Owner,20.32 kmpl,1229 CC,106.78 bhp,89Nm@ 2407rpm,4
Maruti Swift,2008,43000.0,141855,Petrol,Dealer,Manual,Second Owner,19.45 kmpl,700 CC,43.2 bhp,60Nm@ 2315rpm,7
Tata Nexon,2009,73900.0,142016,Petrol,Individual,Manual,Second Owner,20.34 kmpl,1046 CC,80.07 bhp,115Nm@ 1828rpm,5
Skoda Octavia,2006,60000.0,184112,Diesel,Dealer,Manual,First Owner,16.96 kmpl,1407 CC,78.61 bhp,163Nm@ 2591rpm,7
Hyundai i20,2020,248800.0,61608,Diesel,Individual,Manual,First Owner,23.83 kmpl,1249 CC,59.05 bhp,147Nm@ 2188rpm,5
Mahindra XUV500,2007,85400.0,136677,LPG,Individual,Manual,First Owner,20.75 kmpl,1117 CC,108.57 bhp,129Nm@ 1545rpm,5
Hyundai i20,2005,46600.0,134265,Diesel,Individual,Manual,First Owner,22.85 kmpl,864 CC,61.32 bhp,141Nm@ 2997rpm,7
BMW 3 Series,2016,316700.0,160948,Petrol,Individual,Manual,Second Owner,22.53 kmpl,2533 CC,243.73 bhp,130Nm@ 2193rpm,7
Skoda Octavia,2008,110300.0,70693,Petrol,Individual,Manual,First Owner,14.52 kmpl,1324 CC,121.7 bhp,185Nm@ 3178rpm,5
Audi A4,2022,703400.0,87700,Diesel,Trustmark Dealer,Manual,Second Owner,18.37 kmpl,2960 CC,242.19 bhp,199Nm@ 1530rpm,5
Toyota Innova,2013,187700.0,153915,Diesel,Dealer,Manual,First Owner,18.67 kmpl,1593 CC,153.13 bhp,170Nm@ 2266rpm,7
Ford Ecosport,2011,118500.0,96503,Petrol,Individual,Automatic,Second Owner,17.92 kmpl,1315 CC,77.02 bhp,218Nm@ 1615rpm,5
Honda City,2023,337000.0,90367,Diesel,Individual,Manual,First Owner,16.72 kmpl,911 CC,93.29 bhp,60Nm@ 2611rpm,5
Mahindra XUV500,2023,323400.0,44053,Petrol,Individual,Manual,First Owner,13.56 kmpl,805 CC,76.17 bhp,150Nm@ 3047rpm,7
Toyota Innova,2012,140700.0,103507,Diesel,Individual,Manual,First Owner,14.87 kmpl,1339 CC,106.81 bhp,214Nm@ 3720rpm,7
Toyota Innova,2015,220300.0,62831,Diesel,Dealer,Manual,Second Owner,16.44 kmpl,1631 CC,116.72 bhp,198Nm@ 2481rpm,5
Maruti Swift,2017,152600.0,113853,Petrol,Individual,Manual,Second Owner,18.28 kmpl,1272 CC,50.56 bhp,62Nm@ 1745rpm,5
Audi A4,2021,741800.0,69576,CNG,Individual,Manual,First Owner,14.14 kmpl,2397 CC,253.33 bhp,221Nm@ 2098rpm,5
Ford Ecosport,2022,374900.0,38617,CNG,Trustmark Dealer,Manual,Second Owner,18.27 kmpl,1360 CC,83.58 bhp,153Nm@ 2177rpm,7
Maruti Swift,2018,144400.0,103433,Diesel,Individual,Automatic,Second Owner,20.56 kmpl,792 CC,53.48 bhp,103Nm@ 2441rpm,5
Mahindra XUV500,2020,205000.0,154005,Petrol,Individual,Manual,First Owner,20.55 kmpl,932 CC,70.7 bhp,101Nm@ 1771rpm,7
Honda City,2008,69800.0,95442,Diesel,Individual,Manual,First Owner,22.43 kmpl,816 CC,75.26 bhp,114Nm@ 3827rpm,7
Mahindra XUV500,2005,60600.0,200779,Diesel,Individual,Manual,Second Owner,13.63 kmpl,1411 CC,111.39 bhp,106Nm@ 1822rpm,5
Honda City,2012,108300.0,79128,Petrol,Dealer,Manual,First Owner,20.22 kmpl,964 CC,62.65 bhp,143Nm@ 2577rpm,4
Maruti Swift,2005,30000.0,136365,Petrol,Dealer,Manual,Third Owner,18.17 kmpl,702 CC,35.0 bhp,140Nm@ 2795rpm,8
Maruti Swift,2019,177600.0,109346,Petrol,Individual,Manual,First Owner,19.57 kmpl,780 CC,66.46 bhp,75Nm@ 3581rpm,7
Hyundai i20,2006,52700.0,134480,Petrol,Dealer,Manual,Second Owner,24.28 kmpl,1194 CC,63.21 bhp,172Nm@ 3871rpm,5
Toyota Innova,2011,162800.0,108187,Diesel,Individual,Manual,First Owner,19.97 kmpl,1778 CC,116.06 bhp,114Nm@ 3043rpm,5
Mahindra XUV500,2006,61600.0,126477,Diesel,Individual,Manual,First Owner,21.05 kmpl,1296 CC,73.98 bhp,223Nm@ 2883rpm,7
Hyundai i20,2008,58300.0,150267,Petrol,Individual,Manual,Second Owner,19.28 kmpl,839 CC,77.28 bhp,191Nm@ 1592rpm,5
Ford Ecosport,2010,50900.0,173809,Petrol,Individual,Manual,Third Owner,19.02 kmpl,1007 CC,52.12 bhp,182Nm@ 3845rpm,5
Hyundai i20,2022,241000.0,108023,Petrol,Dealer,Manual,First Owner,20.04 kmpl,810 CC,70.14 bhp,76Nm@ 3114rpm,7
Tata Nexon,2012,70200.0,147438,Petrol,Individual,Manual,Third Owner,18.87 kmpl,1115 CC,61.75 bhp,158Nm@ 3213rpm,7
Audi A4,2005,115400.0,78354,Diesel,Dealer,Manual,Fourth & Above Owner,17.33 kmpl,2660 CC,246.6 bhp,60Nm@ 3180rpm,8
Tata Nexon,2015,163800.0,55171,Petrol,Individual,Manual,Third Owner,16.62 kmpl,1491 CC,83.74 bhp,96Nm@ 2041rpm,5
Tata Nexon,2014,180200.0,93458,Diesel,Individual,Manual,First Owner,18.73 kmpl,1060 CC,114.09 bhp,121Nm@ 3470rpm,5
Skoda Octavia,2022,326600.0,76955,Petrol,Dealer,Manual,Second Owner,20.68 kmpl,1466 CC,68.88 bhp,107Nm@ 3179rpm,5
Ford Ecosport,2016,159300.0,89176,Petrol,Individual,Manual,First Owner,18.63 kmpl,1117 CC,67.09 bhp,154Nm@ 3521rpm,5
Toyota Innova,2013,157400.0,120908,Petrol,Individual,Automatic,Third Owner,15.24 kmpl,1472 CC,121.84 bhp,236Nm@ 3513rpm,7
Skoda Octavia,2012,106000.0,78142,Petrol,Individual,Manual,Fourth & Above Owner,14.14 kmpl,1198 CC,117.63 bhp,83Nm@ 3565rpm,5
Skoda Octavia,2021,310100.0,143850,Diesel,Individual,Manual,First Owner,18.89 kmpl,1573 CC,109.58 bhp,128Nm@ 2570rpm,5
Tata Nexon,2011,99200.0,134681,Petrol,Individual,Manual,Second Owner,23.85 kmpl,1314 CC,72.52 bhp,60Nm@ 3183rpm,7
Skoda Octavia,2019,192300.0,143741,Petrol,Individual,Manual,Second Owner,22.91 kmpl,1263 CC,79.66 bhp,122Nm@ 2966rpm,7
Audi A4,2015,472600.0,79578,Petrol,Dealer,Automatic,First Owner,15.84 kmpl,2703 CC,274.36 bhp,121Nm@ 2724rpm,7
Toyota Innova,2006,96000.0,88924,Diesel,Individual,Manual,First Owner,14.12 kmpl,1403 CC,123.72 bhp,172Nm@ 3282rpm,7
BMW 3 Series,2019,500200.0,101213,Petrol,Individual,Manual,Third Owner,14.85 kmpl,3000 CC,254.34 bhp,265Nm@ 2114rpm,5
Honda City,2017,165100.0,70955,Petrol,Individual,Manual,Second Owner,16.24 kmpl,1095 CC,66.63 bhp,60Nm@ 3174rpm,5
Audi A4,2020,735300.0,68507,Petrol,Dealer,Manual,First Owner,12.43 kmpl,2803 CC,241.08 bhp,175Nm@ 1637rpm,5
Tata Nexon,2020,222000.0,57870,Petrol,Dealer,Automatic,First Owner,20.61 kmpl,700 CC,65.58 bhp,172Nm@ 3988rpm,7
Maruti Swift,2011,77900.0,107754,CNG,Individual,Manual,Second Owner,18.07 kmpl,717 CC,74.9 bhp,125Nm@ 2193rpm,5
Maruti Swift,2012,68500.0,160616,Petrol,Individual,Manual,Third Owner,21.3 kmpl,1074 CC,52.24 bhp,256Nm@ 2232rpm,7
Audi A4,2013,228100.0,223530,Diesel,Dealer,Manual,Second Owner,18.03 kmpl,2864 CC,262.11 bhp,162Nm@ 3577rpm,5
BMW 3 Series,2006,155200.0,126790,LPG,Individual,Manual,Second Owner,14.16 kmpl,2620 CC,259.21 bhp,151Nm@ 3035rpm,7
Mahindra XUV500,2017,184100.0,122376,Petrol,Individual,Manual,First Owner,12.93 kmpl,1129 CC,78.39 bhp,144Nm@ 3492rpm,7
Audi A4,2014,391700.0,113207,Petrol,Dealer,Manual,First Owner,16.63 kmpl,2727 CC,260.83 bhp,100Nm@ 2053rpm,5
Hyundai i20,2021,225000.0,45513,Petrol,Individual,Manual,First Owner,17.36 kmpl,870 CC,51.84 bhp,60Nm@ 3206rpm,4
BMW 3 Series,2023,936800.0,45336,Diesel,Individual,Manual,First Owner,13.44 kmpl,2444 CC,261.59 bhp,311Nm@ 3799rpm,7
Tata Nexon,2015,143400.0,128816,Petrol,Individual,Manual,First Owner,13.69 kmpl,1042 CC,83.09 bhp,193Nm@ 3511rpm,5
Ford Ecosport,2007,62600.0,113864,Diesel,Individual,Manual,Fourth & Above Owner,15.44 kmpl,1353 CC,89.0 bhp,173Nm@ 3274rpm,5
Tata Nexon,2021,197000.0,153704,Petrol,Dealer,Automatic,Fourth & Above Owner,21.65 kmpl,987 CC,92.85 bhp,116Nm@ 2968rpm,5
Honda City,2022,309500.0,63010,Diesel,Dealer,Manual,First Owner,12.46 kmpl,1055 CC,87.61 bhp,97Nm@ 2995rpm,5
Ford Ecosport,2021,320400.0,58836,Diesel,Individual,Manual,First Owner,13.1 kmpl,1113 CC,79.26 bhp,114Nm@ 3454rpm,5
Mahindra XUV500,2011,107700.0,170405,Petrol,Individual,Manual,First Owner,14.52 kmpl,1036 CC,105.11 bhp,140Nm@ 1863rpm,4
Tata Nexon,2016,174300.0,128137,Petrol,Trustmark Dealer,Manual,Second Owner,19.57 kmpl,1117 CC,102.85 bhp,259Nm@ 1606rpm,5
Maruti Swift,2019,210100.0,103046,Petrol,Individual,Manual,First Owner,25.09 kmpl,1198 CC,50.7 bhp,145Nm@ 1588rpm,5
Hyundai i20,2010,69800.0,59468,Petrol,Dealer,Manual,Fourth & Above Owner,17.47 kmpl,1041 CC,73.46 bhp,234Nm@ 3725rpm,7
Tata Nexon,2019,237900.0,67892,Diesel,Trustmark Dealer,Manual,Second Owner,19.9 kmpl,1150 CC,98.54 bhp,136Nm@ 2026rpm,5
Tata Nexon,2017,130400.0,130261,Diesel,Individual,Manual,First Owner,21.89 kmpl,700 CC,66.22 bhp,169Nm@ 3363rpm,5
Hyundai i20,2018,150100.0,71171,Petrol,Individual,Manual,Third Owner,22.08 kmpl,998 CC,80.57 bhp,243Nm@ 2538rpm,7
Audi A4,2016,475300.0,43667,Diesel,Dealer,Manual,Third Owner,16.28 kmpl,3000 CC,248.89 bhp,88Nm@ 2524rpm,7
Tata Nexon,2022,254000.0,105656,Diesel,Individual,Manual,Second Owner,20.05 kmpl,1093 CC,74.0 bhp,60Nm@ 2883rpm,7
Hyundai i20,2014,100900.0,89234,Petrol,Individual,Manual,Second Owner,16.64 kmpl,811 CC,51.91 bhp,197Nm@ 2336rpm,4
Maruti Swift,2022,236600.0,144895,Diesel,Dealer,Manual,First Owner,17.93 kmpl,1043 CC,73.68 bhp,121Nm@ 2913rpm,7
Audi A4,2009,179000.0,151412,Petrol,Individual,Manual,Third Owner,12.21 kmpl,2809 CC,251.38 bhp,79Nm@ 2455rpm,8
Audi A4,2005,145700.0,159178,Diesel,Individual,Manual,First Owner,17.13 kmpl,2614 CC,250.07 bhp,85Nm@ 2896rpm,5
Maruti Swift,2007,49700.0,120132,Petrol,Individual,Manual,Third Owner,26.94 kmpl,956 CC,65.65 bhp,147Nm@ 2606rpm,5
Skoda Octavia,2010,121400.0,135547,Diesel,Dealer,Manual,First Owner,18.84 kmpl,1262 CC,119.54 bhp,60Nm@ 1982rpm,7
Tata Nexon,2013,127700.0,100806,Diesel,Trustmark Dealer,Manual,Second Owner,16.3 kmpl,1170 CC,90.75 bhp,82Nm@ 2776rpm,5
Ford Ecosport,2006,76300.0,150109,Diesel,Dealer,Automatic,First Owner,24.11 kmpl,1215 CC,92.68 bhp,148Nm@ 3244rpm,7
Skoda Octavia,2022,454700.0,500,Diesel,Dealer,Manual,First Owner,11.08 kmpl,1160 CC,103.16 bhp,60Nm@ 1685rpm,4
Tata Nexon,2012,96900.0,139275,Diesel,Individual,Manual,First Owner,19.48 kmpl,1209 CC,61.44 bhp,288Nm@ 3878rpm,5
Ford Ecosport,2010,78700.0,118087,Diesel,Dealer,Manual,First Owner,18.98 kmpl,966 CC,66.44 bhp,221Nm@ 3946rpm,5
Toyota Innova,2006,102000.0,106971,Petrol,Individual,Manual,First Owner,12.56 kmpl,1486 CC,136.36 bhp,229Nm@ 1516rpm,7
Hyundai i20,2018,174700.0,104760,Petrol,Individual,Manual,First Owner,16.23 kmpl,700 CC,73.66 bhp,63Nm@ 3688rpm,5
Honda City,2021,273400.0,69452,Petrol,Individual,Manual,Second Owner,16.29 kmpl,976 CC,89.68 bhp,190Nm@ 3095rpm,7
Maruti Swift,2021,291600.0,90519,Petrol,Individual,Automatic,First Owner,13.29 kmpl,1083 CC,70.04 bhp,158Nm@ 2082rpm,5
Hyundai i20,2010,108800.0,92444,Diesel,Dealer,Manual,Second Owner,13.46 kmpl,1262 CC,100.12 bhp,79Nm@ 2739rpm,7
BMW 3 Series,2007,200800.0,159328,Petrol,Trustmark Dealer,Manual,First Owner,16.02 kmpl,2991 CC,256.89 bhp,150Nm@ 3646rpm,4
Hyundai i20,2013,82200.0,127763,Petrol,Dealer,Manual,Third Owner,21.98 kmpl,1042 CC,56.06 bhp,218Nm@ 3563rpm,5
Ford Ecosport,2008,67900.0,107759,Petrol,Individual,Manual,First Owner,22.68 kmpl,952 CC,78.75 bhp,60Nm@ 2806rpm,5
BMW 3 Series,2012,303000.0,114672,Diesel,Dealer,Manual,First Owner,19.22 kmpl,2804 CC,239.99 bhp,153Nm@ 1984rpm,7
Mahindra XUV500,2011,117900.0,151338,CNG,Dealer,Manual,First Owner,15.84 kmpl,1657 CC,80.81 bhp,84Nm@ 3950rpm,5
Hyundai i20,2014,92200.0,154265,Diesel,Individual,Manual,First Owner,19.79 kmpl,962 CC,56.4 bhp,173Nm@ 2541rpm,5
Maruti Swift,2005,44900.0,151590,Diesel,Individual,Manual,First Owner,20.1 kmpl,846 CC,64.41 bhp,212Nm@ 2216rpm,7
BMW 3 Series,2014,308200.0,143526,Diesel,Individual,Manual,Second Owner,17.03 kmpl,2744 CC,249.16 bhp,243Nm@ 3104rpm,5
Hyundai i20,2019,128800.0,102611,Diesel,Dealer,Manual,Second Owner,20.17 kmpl,724 CC,47.22 bhp,116Nm@ 2677rpm,7
Tata Nexon,2010,94500.0,143546,Petrol,Dealer,Manual,First Owner,22.86 kmpl,1006 CC,102.85 bhp,175Nm@ 2612rpm,8
Honda City,2018,231200.0,30716,Petrol,Dealer,Manual,First Owner,17.69 kmpl,1159 CC,75.27 bhp,127Nm@ 1591rpm,5
Mahindra XUV500,2005,55400.0,222239,Petrol,Individual,Manual,First Owner,21.43 kmpl,1038 CC,121.86 bhp,60Nm@ 3471rpm,7
Mahindra XUV500,2005,74100.0,129389,Diesel,Trustmark Dealer,Manual,First Owner,21.97 kmpl,1474 CC,82.11 bhp,60Nm@ 3538rpm,5
Ford Ecosport,2021,334900.0,20001,Petrol,Individual,Manual,Second Owner,15.55 kmpl,1157 CC,86.14 bhp,147Nm@ 2911rpm,5
Tata Nexon,2018,148600.0,112314,Petrol,Individual,Manual,Fourth & Above Owner,22.0 kmpl,1252 CC,89.22 bhp,227Nm@ 2646rpm,4
Maruti Swift,2021,162600.0,69011,Diesel,Individual,Manual,Second Owner,19.86 kmpl,737 CC,45.91 bhp,60Nm@ 2321rpm,7
Honda City,2007,42600.0,211260,Diesel,Dealer,Automatic,Third Owner,16.34 kmpl,918 CC,70.26 bhp,63Nm@ 1701rpm,8
Maruti Swift,2014,85700.0,128370,Diesel,Individual,Manual,Second Owner,18.93 kmpl,884 CC,44.18 bhp,123Nm@ 3486rpm,7
Toyota Innova,2022,428100.0,106180,Diesel,Dealer,Automatic,First Owner,16.31 kmpl,1691 CC,106.56 bhp,67Nm@ 1556rpm,5
Mahindra XUV500,2019,275400.0,95752,Diesel,Individual,Automatic,Third Owner,14.73 kmpl,1515 CC,113.95 bhp,72Nm@ 1976rpm,7
Toyota Innova,2018,259900.0,91619,Diesel,Trustmark Dealer,Manual,Third Owner,14.58 kmpl,1549 CC,122.25 bhp,80Nm@ 1575rpm,5
Tata Nexon,2013,147500.0,78580,Diesel,Individual,Manual,First Owner,19.19 kmpl,1232 CC,92.67 bhp,121Nm@ 1915rpm,7
Audi A4,2013,255100.0,159575,CNG,Dealer,Manual,Second Owner,10.94 kmpl,2221 CC,265.2 bhp,197Nm@ 2598rpm,5
Mahindra XUV500,2006,85000.0,103670,Petrol,Trustmark Dealer,Manual,First Owner,14.03 kmpl,1166 CC,98.76 bhp,109Nm@ 2107rpm,5
Skoda Octavia,2019,290200.0,91257,Petrol,Individual,Manual,First Owner,20.67 kmpl,1282 CC,97.14 bhp,156Nm@ 3709rpm,7
Honda City,2018,190100.0,107330,Petrol,Individual,Automatic,Third Owner,20.92 kmpl,833 CC,103.31 bhp,60Nm@ 2536rpm,7
Maruti Swift,2006,44400.0,143298,Petrol,Dealer,Manual,Second Owner,21.3 kmpl,1005 CC,56.66 bhp,97Nm@ 3483rpm,5
Toyota Innova,2008,97800.0,148594,Diesel,Individual,Manual,First Owner,19.52 kmpl,1301 CC,119.89 bhp,66Nm@ 1532rpm,7
Honda City,2012,75200.0,109731,Diesel,Dealer,Manual,Second Owner,23.58 kmpl,700 CC,62.93 bhp,192Nm@ 3046rpm,7
Audi A4,2006,149600.0,166825,Petrol,Dealer,Manual,Second Owner,18.3 kmpl,2472 CC,285.51 bhp,189Nm@ 1891rpm,5
Audi A4,2017,541800.0,63175,Diesel,Individual,Manual,First Owner,12.88 kmpl,2614 CC,260.5 bhp,185Nm@ 1780rpm,5
Skoda Octavia,2006,88200.0,110869,CNG,Dealer,Automatic,Third Owner,15.87 kmpl,1664 CC,117.23 bhp,77Nm@ 2397rpm,7
BMW 3 Series,2015,284800.0,169300,Petrol,Dealer,Manual,Third Owner,13.03 kmpl,2560 CC,258.78 bhp,203Nm@ 3626rpm,7
Toyota Innova,2016,219500.0,74865,Diesel,Dealer,Manual,First Owner,26.26 kmpl,1470 CC,95.84 bhp,125Nm@ 2686rpm,7
Hyundai i20,2012,88000.0,123550,Petrol,Dealer,Manual,Second Owner,21.19 kmpl,1248 CC,52.94 bhp,126Nm@ 1949rpm,7
Maruti Swift,2021,194800.0,66770,Petrol,Dealer,Manual,First Owner,13.95 kmpl,700 CC,51.05 bhp,88Nm@ 2143rpm,5
BMW 3 Series,2020,818700.0,63197,Diesel,Individual,Manual,First Owner,8.0 kmpl,2762 CC,287.22 bhp,115Nm@ 3927rpm,7
Skoda Octavia,2005,75900.0,103416,Petrol,Individual,Manual,First Owner,17.8 kmpl,1233 CC,101.78 bhp,163Nm@ 2628rpm,5
Skoda Octavia,2013,147500.0,128462,Diesel,Dealer,Manual,Second Owner,11.04 kmpl,1444 CC,118.12 bhp,81Nm@ 3931rpm,5
Skoda Octavia,2012,150900.0,88999,Petrol,Individual,Manual,First Owner,17.65 kmpl,1106 CC,122.7 bhp,147Nm@ 3104rpm,5
Tata Nexon,2010,111200.0,100064,Petrol,Individual,Manual,Second Owner,13.88 kmpl,1332 CC,94.65 bhp,190Nm@ 3644rpm,7
Tata Nexon,2017,248900.0,48087,Diesel,Dealer,Automatic,First Owner,20.31 kmpl,1047 CC,87.81 bhp,73Nm@ 3821rpm,5
Mahindra XUV500,2019,273300.0,64422,Diesel,Individual,Manual,First Owner,16.25 kmpl,1154 CC,104.05 bhp,106Nm@ 2627rpm,7
BMW 3 Series,2017,410900.0,167572,Diesel,Individual,Manual,First Owner,12.42 kmpl,2597 CC,242.58 bhp,274Nm@ 1657rpm,5
Skoda Octavia,2013,155800.0,79448,Petrol,Individual,Manual,First Owner,17.43 kmpl,1437 CC,89.52 bhp,125Nm@ 3099rpm,5
Mahindra XUV500,2008,83100.0,102112,Diesel,Dealer,Manual,First Owner,22.41 kmpl,1111 CC,80.64 bhp,147Nm@ 3549rpm,5
Maruti Swift,2022,244300.0,51147,Petrol,Individual,Manual,First Owner,20.85 kmpl,939 CC,52.54 bhp,123Nm@ 2758rpm,5
Ford Ecosport,2011,94000.0,119490,Diesel,Individual,Manual,Second Owner,19.64 kmpl,1075 CC,82.76 bhp,243Nm@ 2846rpm,5
Honda City,2013,129800.0,74510,Petrol,Trustmark Dealer,Manual,First Owner,21.77 kmpl,1055 CC,69.34 bhp,64Nm@ 1753rpm,7
Maruti Swift,2009,99000.0,53725,Petrol,Dealer,Manual,First Owner,17.55 kmpl,1047 CC,79.93 bhp,158Nm@ 1608rpm,5
BMW 3 Series,2006,107700.0,202126,Petrol,Individual,Manual,Third Owner,14.1 kmpl,2405 CC,257.53 bhp,121Nm@ 2952rpm,7
Maruti Swift,2019,136300.0,46745,Diesel,Dealer,Manual,First Owner,21.06 kmpl,705 CC,35.0 bhp,119Nm@ 2449rpm,5
Skoda Octavia,2020,276500.0,104419,Petrol,Dealer,Manual,Second Owner,20.67 kmpl,1414 CC,100.41 bhp,90Nm@ 3610rpm,7
BMW 3 Series,2017,448900.0,167954,Petrol,Dealer,Manual,First Owner,13.33 kmpl,2761 CC,252.96 bhp,261Nm@ 1924rpm,7
Honda City,2019,211700.0,92728,Diesel,Individual,Manual,Second Owner,24.57 kmpl,1049 CC,81.87 bhp,105Nm@ 3922rpm,5
Mahindra XUV500,2022,321600.0,78472,Petrol,Individual,Manual,First Owner,21.44 kmpl,1421 CC,76.42 bhp,239Nm@ 1978rpm,5
Maruti Swift,2016,163900.0,107115,Petrol,Individual,Manual,First Owner,23.38 kmpl,955 CC,76.02 bhp,135Nm@ 2809rpm,5
Ford Ecosport,2016,188000.0,71372,Petrol,Dealer,Manual,First Owner,19.78 kmpl,756 CC,101.17 bhp,196Nm@ 1835rpm,5
BMW 3 Series,2005,143500.0,196229,Diesel,Individual,Automatic,First Owner,13.24 kmpl,2555 CC,266.61 bhp,69Nm@ 3581rpm,5
Mahindra XUV500,2010,98900.0,191653,Diesel,Dealer,Manual,First Owner,21.09 kmpl,1119 CC,124.4 bhp,164Nm@ 2615rpm,5
Skoda Octavia,2023,411900.0,113044,Petrol,Individual,Manual,First Owner,17.21 kmpl,1551 CC,106.17 bhp,202Nm@ 2282rpm,5
BMW 3 Series,2010,174400.0,171727,Petrol,Individual,Manual,Fourth & Above Owner,9.67 kmpl,2923 CC,269.06 bhp,114Nm@ 3592rpm,4
Skoda Octavia,2018,282500.0,49661,Diesel,Individual,Manual,First Owner,21.18 kmpl,1339 CC,106.1 bhp,182Nm@ 2916rpm,5
Tata Nexon,2021,306300.0,89323,Diesel,Dealer,Manual,First Owner,19.2 kmpl,1082 CC,102.8 bhp,81Nm@ 3460rpm,7
Maruti Swift,2005,42400.0,127599,CNG,Individual,Automatic,First Owner,13.98 kmpl,916 CC,39.27 bhp,60Nm@ 2991rpm,7
Tata Nexon,2016,162800.0,66206,Petrol,Individual,Manual,Second Owner,15.93 kmpl,1131 CC,79.93 bhp,114Nm@ 3550rpm,7
Mahindra XUV500,2007,70100.0,140116,Diesel,Trustmark Dealer,Manual,Third Owner,21.56 kmpl,1388 CC,106.57 bhp,231Nm@ 1538rpm,7
Toyota Innova,2017,219600.0,99525,Diesel,Individual,Manual,Second Owner,24.82 kmpl,1513 CC,104.65 bhp,83Nm@ 3908rpm,7
Hyundai i20,2009,54600.0,111657,Petrol,Individual,Manual,First Owner,22.32 kmpl,700 CC,43.57 bhp,161Nm@ 2218rpm,5
Tata Nexon,2019,207200.0,97737,Diesel,Individual,Manual,First Owner,19.82 kmpl,1204 CC,51.63 bhp,67Nm@ 2466rpm,5
Tata Nexon,2019,232900.0,141547,Petrol,Dealer,Manual,First Owner,25.09 kmpl,1435 CC,77.47 bhp,153Nm@ 3485rpm,5
Toyota Innova,2020,388400.0,62314,CNG,Dealer,Manual,First Owner,9.83 kmpl,1364 CC,125.07 bhp,89Nm@ 2345rpm,7
Honda City,2008,66500.0,177421,Petrol,Dealer,Manual,First Owner,19.13 kmpl,1316 CC,75.44 bhp,152Nm@ 2786rpm,5
Maruti Swift,2017,92500.0,114987,Petrol,Dealer,Manual,Fourth & Above Owner,23.78 kmpl,1039 CC,35.0 bhp,285Nm@ 2942rpm,5
Hyundai i20,2023,249700.0,108599,Diesel,Dealer,Manual,Second Owner,16.1 kmpl,1146 CC,59.51 bhp,197Nm@ 3666rpm,7
Honda City,2008,69500.0,128397,Diesel,Individual,Manual,Second Owner,15.93 kmpl,700 CC,100.56 bhp,125Nm@ 3126rpm,5
Hyundai i20,2021,220000.0,114928,Diesel,Dealer,Manual,First Owner,18.72 kmpl,1132 CC,54.54 bhp,227Nm@ 1813rpm,8
Hyundai i20,2009,48000.0,135389,Petrol,Individual,Manual,Third Owner,18.67 kmpl,925 CC,39.62 bhp,169Nm@ 1551rpm,7
Maruti Swift,2008,58700.0,127945,Diesel,Dealer,Manual,First Owner,22.94 kmpl,1138 CC,41.18 bhp,180Nm@ 2803rpm,8
Maruti Swift,2022,314500.0,50464,Petrol,Individual,Manual,First Owner,18.77 kmpl,1253 CC,74.41 bhp,125Nm@ 1777rpm,4
Honda City,2021,280900.0,59737,Petrol,Dealer,Automatic,Third Owner,16.1 kmpl,1311 CC,79.24 bhp,127Nm@ 2836rpm,5
BMW 3 Series,2015,289000.0,121860,Petrol,Individual,Automatic,Fourth & Above Owner,14.96 kmpl,3000 CC,239.15 bhp,162Nm@ 3053rpm,7
Hyundai i20,2006,61100.0,109732,Petrol,Individual,Manual,First Owner,17.09 kmpl,985 CC,76.25 bhp,75Nm@ 3029rpm,7
Hyundai i20,2016,116300.0,99517,Diesel,Individual,Manual,First Owner,17.58 kmpl,834 CC,36.64 bhp,211Nm@ 3108rpm,7
Audi A4,2021,608800.0,91439,Petrol,Individual,Manual,Third Owner,16.6 kmpl,2879 CC,261.37 bhp,184Nm@ 1898rpm,4
Skoda Octavia,2015,80700.0,172535,Petrol,Dealer,Manual,Fourth & Above Owner,21.19 kmpl,873 CC,91.51 bhp,108Nm@ 1711rpm,7
Ford Ecosport,2016,150800.0,115135,Petrol,Individual,Manual,Second Owner,19.09 kmpl,700 CC,98.77 bhp,146Nm@ 3112rpm,5
BMW 3 Series,2007,119700.0,191702,Petrol,Individual,Manual,Third Owner,17.19 kmpl,2465 CC,251.07 bhp,116Nm@ 2705rpm,7
BMW 3 Series,2014,307300.0,198828,Diesel,Dealer,Manual,Second Owner,15.21 kmpl,2806 CC,274.88 bhp,148Nm@ 3996rpm,5
BMW 3 Series,2007,183000.0,115891,Diesel,Dealer,Manual,Second Owner,16.15 kmpl,2785 CC,288.41 bhp,140Nm@ 2318rpm,5
Honda City,2016,132500.0,155086,Petrol,Individual,Manual,Second Owner,20.81 kmpl,1145 CC,76.97 bhp,150Nm@ 2823rpm,5
Hyundai i20,2015,93800.0,114807,Petrol,Dealer,Automatic,Third Owner,20.56 kmpl,898 CC,47.36 bhp,198Nm@ 1791rpm,4
Tata Nexon,2008,77800.0,96501,Diesel,Individual,Manual,Second Owner,20.65 kmpl,1633 CC,48.79 bhp,111Nm@ 3072rpm,5
Skoda Octavia,2015,182100.0,139449,Diesel,Individual,Manual,First Owner,20.94 kmpl,1267 CC,116.16 bhp,139Nm@ 3890rpm,8
Honda City,2012,99300.0,115998,Petrol,Individual,Manual,First Owner,21.93 kmpl,866 CC,69.45 bhp,80Nm@ 3122rpm,5
Tata Nexon,2021,304500.0,106921,Petrol,Dealer,Manual,First Owner,20.58 kmpl,1390 CC,85.7 bhp,142Nm@ 2339rpm,5
Toyota Innova,2017,226000.0,77255,Petrol,Individual,Manual,Second Owner,17.63 kmpl,1445 CC,107.59 bhp,110Nm@ 3241rpm,5
Skoda Octavia,2014,154900.0,221499,Diesel,Dealer,Automatic,First Owner,23.63 kmpl,1456 CC,124.4 bhp,75Nm@ 2565rpm,5
Ford Ecosport,2023,279800.0,73519,Petrol,Individual,Manual,First Owner,15.35 kmpl,754 CC,68.73 bhp,148Nm@ 3087rpm,5
Maruti Swift,2011,84500.0,88601,Diesel,Individual,Manual,Second Owner,22.56 kmpl,800 CC,60.08 bhp,162Nm@ 1879rpm,8
Mahindra XUV500,2008,87100.0,62909,Petrol,Individual,Manual,Third Owner,16.99 kmpl,1204 CC,111.04 bhp,183Nm@ 3125rpm,7
Ford Ecosport,2010,90800.0,129374,Petrol,Individual,Manual,First Owner,19.98 kmpl,1172 CC,59.97 bhp,214Nm@ 1802rpm,5
Toyota Innova,2022,488000.0,87394,Diesel,Individual,Manual,First Owner,14.88 kmpl,1416 CC,152.48 bhp,60Nm@ 1872rpm,5
Hyundai i20,2014,114200.0,116006,Petrol,Individual,Manual,First Owner,16.05 kmpl,1061 CC,64.72 bhp,191Nm@ 2232rpm,5
Hyundai i20,2009,76100.0,128934,Petrol,Dealer,Manual,First Owner,22.04 kmpl,1056 CC,63.6 bhp,149Nm@ 3546rpm,7
Toyota Innova,2019,247600.0,53327,Petrol,Individual,Manual,Third Owner,21.8 kmpl,1499 CC,99.32 bhp,168Nm@ 3620rpm,5
Mahindra XUV500,2015,197300.0,67946,Petrol,Dealer,Manual,First Owner,19.44 kmpl,1290 CC,97.33 bhp,70Nm@ 1675rpm,5
Ford Ecosport,2015,192900.0,84937,Diesel,Individual,Automatic,First Owner,24.92 kmpl,1425 CC,59.26 bhp,120Nm@ 2158rpm,7
Ford Ecosport,2023,338700.0,98437,Petrol,Individual,Manual,First Owner,20.94 kmpl,1083 CC,90.04 bhp,146Nm@ 1625rpm,5
Mahindra XUV500,2009,91800.0,104497,Petrol,Dealer,Manual,Second Owner,19.12 kmpl,1467 CC,90.08 bhp,75Nm@ 2347rpm,5
BMW 3 Series,2022,861000.0,58847,Diesel,Dealer,Manual,First Owner,13.7 kmpl,2439 CC,254.4 bhp,237Nm@ 1941rpm,8
Hyundai i20,2008,48100.0,190514,Petrol,Individual,Manual,Third Owner,21.34 kmpl,962 CC,69.67 bhp,282Nm@ 3716rpm,4
Audi A4,2016,406600.0,162264,Diesel,Dealer,Manual,First Owner,14.3 kmpl,2786 CC,249.25 bhp,130Nm@ 1892rpm,5
Honda City,2013,126200.0,102158,Petrol,Dealer,Manual,Second Owner,18.58 kmpl,1332 CC,91.86 bhp,117Nm@ 2963rpm,5
Mahindra XUV500,2009,111200.0,54591,Diesel,Individual,Automatic,First Owner,14.75 kmpl,1257 CC,74.25 bhp,228Nm@ 3830rpm,5
Mahindra XUV500,2019,218600.0,105241,CNG,Individual,Manual,Second Owner,20.36 kmpl,1387 CC,86.27 bhp,202Nm@ 3519rpm,7
Tata Nexon,2011,95200.0,178406,CNG,Dealer,Manual,First Owner,18.01 kmpl,1009 CC,87.7 bhp,162Nm@ 1993rpm,5
Toyota Innova,2007,103900.0,108329,Diesel,Individual,Automatic,Second Owner,18.54 kmpl,1472 CC,126.5 bhp,285Nm@ 3932rpm,8
Maruti Swift,2007,61300.0,176063,Petrol,Individual,Manual,First Owner,21.65 kmpl,1250 CC,72.34 bhp,139Nm@ 2391rpm,8
BMW 3 Series,2016,485300.0,94320,Petrol,Dealer,Manual,First Owner,12.97 kmpl,2817 CC,268.14 bhp,144Nm@ 3803rpm,5
Honda City,2015,194900.0,19724,Diesel,Dealer,Manual,Second Owner,20.07 kmpl,1339 CC,84.85 bhp,155Nm@ 1805rpm,4
Maruti Swift,2023,278100.0,74254,Petrol,Individual,Manual,First Owner,20.25 kmpl,700 CC,85.35 bhp,190Nm@ 2448rpm,5
Toyota Innova,2005,70300.0,118450,Diesel,Individual,Manual,First Owner,20.95 kmpl,1288 CC,118.59 bhp,184Nm@ 2845rpm,5
Hyundai i20,2015,113400.0,103640,Petrol,Individual,Manual,Second Owner,21.66 kmpl,997 CC,69.52 bhp,133Nm@ 3326rpm,7
Skoda Octavia,2013,166600.0,103144,Diesel,Individual,Manual,First Owner,16.82 kmpl,1314 CC,120.56 bhp,122Nm@ 2698rpm,5
Tata Nexon,2012,115300.0,115397,Diesel,Dealer,Manual,First Owner,22.29 kmpl,1361 CC,64.93 bhp,155Nm@ 1539rpm,5
Audi A4,2023,986300.0,74192,Petrol,Dealer,Automatic,First Owner,21.22 kmpl,2943 CC,237.29 bhp,129Nm@ 3194rpm,8
BMW 3 Series,2009,258400.0,114756,Diesel,Dealer,Automatic,First Owner,16.59 kmpl,2709 CC,240.07 bhp,115Nm@ 2672rpm,5
Hyundai i20,2009,66500.0,191451,Diesel,Individual,Manual,First Owner,17.11 kmpl,955 CC,64.39 bhp,173Nm@ 2682rpm,8
Maruti Swift,2006,43300.0,180509,Petrol,Individual,Manual,Second Owner,23.45 kmpl,962 CC,70.01 bhp,230Nm@ 1731rpm,5
Ford Ecosport,2017,178700.0,110653,Petrol,Dealer,Manual,First Owner,18.74 kmpl,700 CC,111.03 bhp,94Nm@ 1571rpm,7
Honda City,2023,316900.0,87740,Diesel,Dealer,Manual,Second Owner,15.64 kmpl,1240 CC,80.01 bhp,123Nm@ 2054rpm,5
Toyota Innova,2019,237800.0,144172,Petrol,Dealer,Manual,First Owner,13.95 kmpl,1406 CC,100.18 bhp,189Nm@ 3887rpm,7
Mahindra XUV500,2018,255700.0,60223,Diesel,Individual,Automatic,First Owner,16.67 kmpl,1165 CC,89.25 bhp,87Nm@ 2795rpm,7
Toyota Innova,2010,91400.0,177877,Petrol,Individual,Manual,First Owner,19.6 kmpl,1355 CC,87.31 bhp,249Nm@ 3467rpm,8
Tata Nexon,2016,184400.0,164327,LPG,Individual,Automatic,First Owner,20.62 kmpl,1262 CC,106.0 bhp,231Nm@ 2156rpm,5
Ford Ecosport,2006,48000.0,134692,Diesel,Individual,Manual,Second Owner,21.71 kmpl,1115 CC,53.46 bhp,68Nm@ 3125rpm,7
Ford Ecosport,2011,83300.0,39960,Diesel,Individual,Manual,Fourth & Above Owner,15.36 kmpl,1015 CC,93.14 bhp,215Nm@ 3462rpm,5
Toyota Innova,2022,292100.0,65447,Petrol,Individual,Manual,Fourth & Above Owner,22.27 kmpl,1100 CC,137.08 bhp,217Nm@ 1656rpm,5
Tata Nexon,2009,64400.0,163766,Petrol,Individual,Manual,First Owner,19.27 kmpl,889 CC,71.63 bhp,124Nm@ 2307rpm,7
BMW 3 Series,2010,228300.0,110964,CNG,Dealer,Manual,Second Owner,14.09 kmpl,2077 CC,263.23 bhp,126Nm@ 2464rpm,5
BMW 3 Series,2018,569600.0,94798,Diesel,Dealer,Manual,First Owner,13.94 kmpl,2352 CC,270.43 bhp,60Nm@ 2964rpm,7
Tata Nexon,2018,216800.0,24308,Diesel,Individual,Manual,First Owner,21.16 kmpl,1131 CC,59.83 bhp,60Nm@ 3466rpm,5
Ford Ecosport,2014,107800.0,133075,Petrol,Individual,Manual,First Owner,22.82 kmpl,1091 CC,44.19 bhp,216Nm@ 1512rpm,5
Ford Ecosport,2012,97900.0,67433,Diesel,Individual,Manual,First Owner,15.91 kmpl,891 CC,59.74 bhp,60Nm@ 2516rpm,5
Ford Ecosport,2019,258900.0,52980,Diesel,Individual,Manual,Second Owner,15.75 kmpl,1267 CC,76.77 bhp,160Nm@ 2738rpm,7
Audi A4,2019,596000.0,109607,Petrol,Individual,Manual,First Owner,14.85 kmpl,2508 CC,268.67 bhp,195Nm@ 2518rpm,5
Tata Nexon,2016,161400.0,89391,Petrol,Individual,Manual,Second Owner,18.48 kmpl,1269 CC,59.3 bhp,152Nm@ 3664rpm,5
Toyota Innova,2006,58800.0,136070,Petrol,Individual,Manual,Fourth & Above Owner,18.37 kmpl,1352 CC,125.95 bhp,214Nm@ 2385rpm,5
Hyundai i20,2010,64200.0,171384,Diesel,Individual,Automatic,Second Owner,15.69 kmpl,1238 CC,45.74 bhp,158Nm@ 2274rpm,7
Mahindra XUV500,2007,67800.0,147492,CNG,Individual,Manual,First Owner,13.85 kmpl,980 CC,87.92 bhp,151Nm@ 3388rpm,7
Ford Ecosport,2008,65500.0,128136,Diesel,Individual,Manual,First Owner,19.5 kmpl,811 CC,72.67 bhp,60Nm@ 3372rpm,5
BMW 3 Series,2015,336000.0,168450,Petrol,Individual,Manual,First Owner,18.26 kmpl,2852 CC,275.05 bhp,62Nm@ 3512rpm,5
BMW 3 Series,2020,939300.0,27542,Diesel,Individual,Manual,First Owner,12.67 kmpl,2855 CC,273.43 bhp,190Nm@ 2540rpm,5
Hyundai i20,2022,228300.0,115398,Diesel,Individual,Manual,First Owner,20.66 kmpl,986 CC,54.68 bhp,192Nm@ 3959rpm,5
Honda City,2005,63000.0,79905,Petrol,Dealer,Manual,First Owner,17.27 kmpl,1153 CC,72.77 bhp,81Nm@ 2975rpm,5
Toyota Innova,2005,65500.0,123889,Petrol,Individual,Manual,Third Owner,17.85 kmpl,1656 CC,111.61 bhp,128Nm@ 2017rpm,7
Mahindra XUV500,2021,338100.0,81965,Petrol,Individual,Automatic,First Owner,16.11 kmpl,1145 CC,90.29 bhp,87Nm@ 3952rpm,5
Hyundai i20,2020,173100.0,146385,Diesel,Individual,Manual,Second Owner,18.36 kmpl,1171 CC,63.02 bhp,183Nm@ 3866rpm,8
Mahindra XUV500,2010,133200.0,65085,Diesel,Trustmark Dealer,Manual,First Owner,20.14 kmpl,1260 CC,108.93 bhp,193Nm@ 3317rpm,5
Toyota Innova,2016,174200.0,104119,Petrol,Individual,Manual,Second Owner,14.68 kmpl,1044 CC,103.85 bhp,118Nm@ 2928rpm,7
Maruti Swift,2007,44800.0,136708,Diesel,Trustmark Dealer,Manual,Third Owner,21.23 kmpl,849 CC,57.24 bhp,188Nm@ 2968rpm,5
Maruti Swift,2014,84000.0,70192,Diesel,Individual,Manual,Third Owner,24.85 kmpl,726 CC,50.9 bhp,158Nm@ 1961rpm,4
Maruti Swift,2006,67400.0,112768,Petrol,Individual,Manual,First Owner,19.04 kmpl,925 CC,91.45 bhp,88Nm@ 3140rpm,5
Hyundai i20,2023,333900.0,74701,Diesel,Individual,Automatic,First Owner,27.39 kmpl,1160 CC,62.71 bhp,180Nm@ 2982rpm,5
Toyota Innova,2011,176500.0,57099,Petrol,Trustmark Dealer,Manual,First Owner,23.53 kmpl,1465 CC,126.52 bhp,244Nm@ 1577rpm,5
Skoda Octavia,2020,319200.0,116699,Diesel,Individual,Manual,First Owner,14.5 kmpl,1692 CC,100.61 bhp,74Nm@ 3875rpm,7
Toyota Innova,2017,246900.0,154790,Petrol,Individual,Manual,First Owner,16.05 kmpl,1122 CC,119.02 bhp,109Nm@ 2783rpm,5
Audi A4,2006,159400.0,118188,Petrol,Individual,Manual,Second Owner,18.71 kmpl,2478 CC,244.94 bhp,178Nm@ 2806rpm,7
Ford Ecosport,2012,94900.0,182663,Petrol,Individual,Manual,First Owner,19.34 kmpl,1049 CC,71.76 bhp,276Nm@ 2074rpm,7
Maruti Swift,2012,103200.0,72869,Diesel,Dealer,Manual,First Owner,23.28 kmpl,874 CC,56.79 bhp,107Nm@ 2908rpm,5
Mahindra XUV500,2022,291800.0,113508,Petrol,Trustmark Dealer,Manual,First Owner,22.98 kmpl,929 CC,104.59 bhp,284Nm@ 3737rpm,5
Audi A4,2020,646300.0,103593,Petrol,Dealer,Manual,First Owner,14.43 kmpl,2973 CC,256.95 bhp,129Nm@ 3165rpm,5
Mahindra XUV500,2012,88400.0,82118,CNG,Dealer,Automatic,Fourth & Above Owner,17.3 kmpl,881 CC,93.07 bhp,193Nm@ 3208rpm,5
Ford Ecosport,2011,87000.0,176521,Petrol,Individual,Manual,First Owner,23.05 kmpl,1119 CC,78.77 bhp,140Nm@ 2210rpm,8
Skoda Octavia,2007,79600.0,107228,Petrol,Individual,Manual,First Owner,20.96 kmpl,1171 CC,78.73 bhp,106Nm@ 3149rpm,5
Tata Nexon,2010,89300.0,143210,Petrol,Dealer,Manual,First Owner,18.17 kmpl,1144 CC,81.71 bhp,208Nm@ 2202rpm,7
Honda City,2015,147500.0,114392,Petrol,Individual,Manual,First Owner,22.08 kmpl,906 CC,107.11 bhp,166Nm@ 3930rpm,5
Mahindra XUV500,2012,118100.0,107512,Diesel,Dealer,Automatic,Second Owner,20.56 kmpl,1321 CC,87.15 bhp,235Nm@ 2157rpm,5
Audi A4,2010,233600.0,151597,Diesel,Individual,Manual,First Owner,14.12 kmpl,2299 CC,253.75 bhp,171Nm@ 3781rpm,5
Audi A4,2008,229500.0,99070,Diesel,Dealer,Manual,First Owner,11.29 kmpl,2751 CC,271.15 bhp,177Nm@ 2160rpm,5
Toyota Innova,2015,192600.0,134775,Diesel,Individual,Manual,First Owner,18.4 kmpl,1317 CC,129.21 bhp,156Nm@ 2122rpm,7
Skoda Octavia,2011,121100.0,124653,Diesel,Individual,Manual,First Owner,19.28 kmpl,1469 CC,100.75 bhp,100Nm@ 3634rpm,7
BMW 3 Series,2020,655800.0,112845,Diesel,Individual,Manual,Second Owner,13.27 kmpl,3000 CC,281.99 bhp,223Nm@ 2824rpm,5
Hyundai i20,2005,33000.0,181039,Diesel,Individual,Manual,Third Owner,18.31 kmpl,850 CC,65.19 bhp,131Nm@ 2393rpm,5
Audi A4,2010,249100.0,74810,Diesel,Dealer,Manual,Second Owner,15.57 kmpl,2449 CC,254.0 bhp,142Nm@ 2559rpm,5
Mahindra XUV500,2007,81100.0,181639,Diesel,Individual,Manual,First Owner,15.5 kmpl,1564 CC,103.21 bhp,60Nm@ 2055rpm,5
Toyota Innova,2020,231300.0,130177,Diesel,Trustmark Dealer,Manual,Third Owner,13.81 kmpl,1387 CC,111.43 bhp,190Nm@ 1769rpm,4
Toyota Innova,2023,460700.0,121219,Diesel,Trustmark Dealer,Manual,First Owner,20.48 kmpl,1573 CC,115.05 bhp,109Nm@ 1876rpm,5
Toyota Innova,2008,68600.0,173713,Diesel,Individual,Manual,First Owner,16.56 kmpl,1077 CC,86.51 bhp,185Nm@ 3446rpm,8
Mahindra XUV500,2023,247400.0,106648,Petrol,Dealer,Manual,Second Owner,20.12 kmpl,985 CC,69.68 bhp,60Nm@ 3720rpm,5
Hyundai i20,2023,282600.0,39834,Petrol,Individual,Manual,First Owner,16.99 kmpl,927 CC,44.68 bhp,230Nm@ 1978rpm,7
BMW 3 Series,2014,415300.0,100162,Diesel,Dealer,Manual,First Owner,18.45 kmpl,2905 CC,258.51 bhp,224Nm@ 3019rpm,7
Audi A4,2009,235700.0,117019,Diesel,Individual,Manual,First Owner,11.04 kmpl,2772 CC,279.4 bhp,115Nm@ 3872rpm,7
Tata Nexon,2006,73600.0,104708,Diesel,Individual,Manual,First Owner,18.97 kmpl,1168 CC,85.6 bhp,164Nm@ 3256rpm,7
BMW 3 Series,2011,302100.0,107673,Petrol,Individual,Manual,First Owner,13.79 kmpl,2695 CC,248.88 bhp,205Nm@ 2760rpm,5
Mahindra XUV500,2016,152300.0,74800,Petrol,Trustmark Dealer,Manual,Second Owner,17.32 kmpl,862 CC,81.16 bhp,149Nm@ 2647rpm,7
BMW 3 Series,2011,278000.0,113385,CNG,Trustmark Dealer,Automatic,First Owner,14.48 kmpl,2797 CC,237.38 bhp,128Nm@ 3622rpm,5
Maruti Swift,2019,201800.0,113663,Diesel,Trustmark Dealer,Manual,Second Owner,23.9 kmpl,1037 CC,69.86 bhp,101Nm@ 1848rpm,4
Ford Ecosport,2011,95400.0,140739,Diesel,Trustmark Dealer,Manual,First Owner,16.87 kmpl,1150 CC,64.99 bhp,142Nm@ 2776rpm,5
Toyota Innova,2008,123200.0,103880,Diesel,Individual,Automatic,Second Owner,19.8 kmpl,1547 CC,133.56 bhp,199Nm@ 2360rpm,5
Honda City,2022,351200.0,86593,Petrol,Individual,Manual,First Owner,11.77 kmpl,1432 CC,79.67 bhp,113Nm@ 3892rpm,5
Ford Ecosport,2020,219100.0,71380,Petrol,Trustmark Dealer,Automatic,Third Owner,15.72 kmpl,1106 CC,81.02 bhp,243Nm@ 2891rpm,7
Ford Ecosport,2023,322400.0,33405,Petrol,Individual,Automatic,Third Owner,18.3 kmpl,1039 CC,89.41 bhp,81Nm@ 3698rpm,5
Hyundai i20,2014,101400.0,163918,Diesel,Individual,Automatic,Third Owner,22.5 kmpl,1034 CC,76.88 bhp,89Nm@ 3687rpm,7
BMW 3 Series,2014,380400.0,144256,Petrol,Individual,Automatic,First Owner,14.46 kmpl,2991 CC,253.03 bhp,144Nm@ 3451rpm,5
Honda City,2018,142100.0,145221,Diesel,Individual,Manual,Second Owner,23.14 kmpl,1084 CC,64.36 bhp,181Nm@ 3703rpm,5
Audi A4,2010,187400.0,201288,Diesel,Individual,Manual,Second Owner,11.86 kmpl,2853 CC,252.94 bhp,95Nm@ 2565rpm,5
Ford Ecosport,2011,103500.0,135148,Petrol,Dealer,Automatic,Second Owner,14.79 kmpl,1318 CC,85.43 bhp,119Nm@ 3255rpm,7
Toyota Innova,2010,101300.0,151867,Diesel,Individual,Manual,Second Owner,18.66 kmpl,1451 CC,105.58 bhp,179Nm@ 3962rpm,5
Honda City,2010,98200.0,128137,Diesel,Individual,Manual,First Owner,22.11 kmpl,995 CC,85.99 bhp,141Nm@ 2585rpm,5
Toyota Innova,2023,374200.0,33828,Petrol,Individual,Manual,Second Owner,24.73 kmpl,1077 CC,123.24 bhp,176Nm@ 2042rpm,7
Tata Nexon,2022,262900.0,90605,Petrol,Dealer,Automatic,Second Owner,18.38 kmpl,1016 CC,62.83 bhp,158Nm@ 2588rpm,5
Maruti Swift,2009,65100.0,84190,Petrol,Dealer,Manual,Second Owner,20.06 kmpl,752 CC,56.7 bhp,106Nm@ 2816rpm,5
Skoda Octavia,2005,81700.0,90225,Petrol,Individual,Manual,First Owner,26.62 kmpl,1257 CC,105.45 bhp,60Nm@ 1573rpm,5
Tata Nexon,2022,349000.0,104154,Diesel,Individual,Manual,First Owner,22.61 kmpl,1199 CC,100.94 bhp,204Nm@ 1709rpm,5
Honda City,2009,90200.0,162598,Diesel,Individual,Manual,First Owner,19.55 kmpl,1144 CC,92.06 bhp,137Nm@ 2079rpm,5
Toyota Innova,2012,147000.0,130676,Petrol,Individual,Manual,First Owner,15.89 kmpl,1421 CC,133.92 bhp,189Nm@ 3308rpm,7
Audi A4,2023,1182300.0,15508,Diesel,Dealer,Automatic,First Owner,17.32 kmpl,2777 CC,230.09 bhp,222Nm@ 3098rpm,7
BMW 3 Series,2006,138300.0,86679,Diesel,Dealer,Manual,Fourth & Above Owner,14.54 kmpl,2659 CC,270.74 bhp,211Nm@ 3149rpm,5
Hyundai i20,2016,130100.0,118692,Diesel,Individual,Automatic,Third Owner,19.68 kmpl,927 CC,78.7 bhp,105Nm@ 2224rpm,7
Skoda Octavia,2006,63900.0,147497,Diesel,Individual,Manual,First Owner,19.75 kmpl,1230 CC,83.09 bhp,138Nm@ 1595rpm,7
Ford Ecosport,2008,70400.0,139898,Diesel,Dealer,Manual,First Owner,18.82 kmpl,1062 CC,85.18 bhp,151Nm@ 2633rpm,5
Tata Nexon,2020,199000.0,117258,Petrol,Dealer,Manual,Second Owner,17.32 kmpl,1058 CC,61.69 bhp,163Nm@ 3660rpm,5
Toyota Innova,2022,363200.0,46586,Petrol,Dealer,Manual,First Owner,17.55 kmpl,1256 CC,82.46 bhp,175Nm@ 3764rpm,5
Ford Ecosport,2018,182900.0,140880,Diesel,Individual,Manual,First Owner,21.94 kmpl,1134 CC,71.94 bhp,192Nm@ 2270rpm,7
Mahindra XUV500,2018,288800.0,73314,Diesel,Trustmark Dealer,Automatic,Second Owner,17.22 kmpl,1271 CC,127.68 bhp,168Nm@ 3836rpm,8
Mahindra XUV500,2016,157800.0,83535,CNG,Individual,Automatic,Fourth & Above Owner,18.25 kmpl,1180 CC,106.45 bhp,85Nm@ 2702rpm,7
Audi A4,2009,229100.0,103724,Diesel,Individual,Manual,First Owner,13.61 kmpl,2941 CC,246.52 bhp,183Nm@ 2300rpm,7
Mahindra XUV500,2006,83700.0,60279,Diesel,Individual,Manual,Second Owner,20.12 kmpl,1129 CC,108.35 bhp,117Nm@ 3867rpm,7
Honda City,2009,77400.0,111542,Petrol,Dealer,Manual,Second Owner,16.44 kmpl,932 CC,88.88 bhp,60Nm@ 3907rpm,5
BMW 3 Series,2010,172200.0,160229,Diesel,Individual,Manual,Fourth & Above Owner,12.68 kmpl,2824 CC,269.98 bhp,103Nm@ 3106rpm,5
Mahindra XUV500,2021,272800.0,108064,Petrol,Trustmark Dealer,Automatic,Third Owner,15.99 kmpl,1079 CC,114.03 bhp,60Nm@ 2410rpm,7
Tata Nexon,2006,63500.0,147178,Diesel,Trustmark Dealer,Manual,First Owner,22.49 kmpl,941 CC,105.65 bhp,207Nm@ 3104rpm,8
Ford Ecosport,2020,294900.0,124147,Petrol,Individual,Automatic,First Owner,21.4 kmpl,1335 CC,89.25 bhp,61Nm@ 3942rpm,7
Honda City,2012,132400.0,90677,Petrol,Individual,Manual,First Owner,19.74 kmpl,1238 CC,93.18 bhp,190Nm@ 3437rpm,7
Toyota Innova,2018,210900.0,152554,Diesel,Individual,Manual,First Owner,13.25 kmpl,1440 CC,98.61 bhp,135Nm@ 3607rpm,7
Mahindra XUV500,2011,106900.0,69469,Petrol,Dealer,Manual,Third Owner,17.55 kmpl,1421 CC,84.18 bhp,147Nm@ 1950rpm,5
Mahindra XUV500,2008,56700.0,174724,Diesel,Dealer,Manual,Third Owner,18.79 kmpl,1123 CC,86.98 bhp,255Nm@ 1850rpm,5
BMW 3 Series,2011,260800.0,127268,Petrol,Individual,Manual,Second Owner,15.43 kmpl,2732 CC,255.78 bhp,60Nm@ 1727rpm,5
Hyundai i20,2013,98000.0,120555,CNG,Individual,Manual,First Owner,23.05 kmpl,938 CC,59.55 bhp,99Nm@ 2042rpm,5
Audi A4,2023,844000.0,85395,Petrol,Individual,Automatic,Third Owner,13.31 kmpl,2549 CC,273.57 bhp,188Nm@ 3742rpm,8
Tata Nexon,2018,197500.0,104630,Petrol,Individual,Manual,Second Owner,20.92 kmpl,1141 CC,97.26 bhp,166Nm@ 1876rpm,5
Skoda Octavia,2018,279800.0,66099,CNG,Individual,Manual,First Owner,14.45 kmpl,1296 CC,113.63 bhp,60Nm@ 2387rpm,5
Ford Ecosport,2013,117400.0,140764,Diesel,Individual,Manual,First Owner,24.33 kmpl,1078 CC,80.87 bhp,153Nm@ 2285rpm,7
Hyundai i20,2018,135900.0,106250,Petrol,Dealer,Manual,Third Owner,18.69 kmpl,877 CC,70.47 bhp,71Nm@ 2335rpm,5
Toyota Innova,2015,209300.0,107807,Diesel,Individual,Manual,First Owner,15.08 kmpl,1496 CC,117.29 bhp,187Nm@ 1621rpm,5
Honda City,2009,100600.0,87546,Petrol,Individual,Manual,Second Owner,19.41 kmpl,1179 CC,108.72 bhp,122Nm@ 2624rpm,5
Mahindra XUV500,2015,187300.0,80369,Petrol,Dealer,Manual,First Owner,16.36 kmpl,1242 CC,98.72 bhp,135Nm@ 2282rpm,5
Honda City,2021,261200.0,63287,Petrol,Individual,Manual,Second Owner,16.43 kmpl,893 CC,96.09 bhp,108Nm@ 3323rpm,5
Toyota Innova,2018,265400.0,80264,Petrol,Dealer,Manual,Second Owner,18.65 kmpl,1601 CC,126.96 bhp,149Nm@ 2617rpm,7
Toyota Innova,2007,74400.0,98869,CNG,Dealer,Manual,Fourth & Above Owner,14.12 kmpl,1419 CC,131.04 bhp,65Nm@ 2165rpm,7
Mahindra XUV500,2009,96600.0,172989,Diesel,Individual,Manual,First Owner,22.29 kmpl,1364 CC,124.61 bhp,209Nm@ 1819rpm,5
Tata Nexon,2020,244100.0,91189,Diesel,Dealer,Automatic,First Owner,22.98 kmpl,962 CC,74.65 bhp,110Nm@ 3802rpm,7
Audi A4,2007,168200.0,137224,Petrol,Individual,Automatic,Second Owner,13.6 kmpl,2585 CC,236.18 bhp,177Nm@ 1852rpm,7
Skoda Octavia,2008,79300.0,146840,Petrol,Dealer,Manual,Second Owner,22.95 kmpl,1303 CC,100.48 bhp,93Nm@ 2284rpm,5
Honda City,2011,112700.0,110092,Petrol,Individual,Manual,Second Owner,20.17 kmpl,1439 CC,84.94 bhp,60Nm@ 3248rpm,5
Maruti Swift,2023,264100.0,58446,Diesel,Individual,Manual,Second Owner,17.72 kmpl,743 CC,81.33 bhp,190Nm@ 2738rpm,5
Maruti Swift,2007,74600.0,118995,CNG,Individual,Automatic,First Owner,18.8 kmpl,953 CC,74.97 bhp,165Nm@ 1786rpm,7
Tata Nexon,2015,193900.0,82749,Diesel,Individual,Manual,Second Owner,22.29 kmpl,952 CC,134.78 bhp,131Nm@ 2555rpm,5
Toyota Innova,2018,264300.0,104078,Petrol,Dealer,Manual,Second Owner,15.49 kmpl,1497 CC,139.36 bhp,232Nm@ 3853rpm,5
Toyota Innova,2013,149200.0,65077,LPG,Dealer,Manual,Second Owner,14.03 kmpl,1450 CC,100.6 bhp,176Nm@ 2699rpm,7
Hyundai i20,2007,36500.0,166835,Diesel,Trustmark Dealer,Manual,Third Owner,23.19 kmpl,766 CC,56.51 bhp,182Nm@ 3428rpm,7
Hyundai i20,2007,47100.0,181472,Diesel,Individual,Manual,First Owner,17.94 kmpl,769 CC,66.54 bhp,175Nm@ 2733rpm,8
Mahindra XUV500,2014,165000.0,128209,Petrol,Dealer,Automatic,First Owner,15.47 kmpl,1673 CC,90.5 bhp,154Nm@ 2350rpm,7
Maruti Swift,2015,135400.0,100914,Petrol,Individual,Automatic,Third Owner,25.33 kmpl,1075 CC,68.61 bhp,189Nm@ 2865rpm,5
Hyundai i20,2020,279400.0,24018,Diesel,Individual,Automatic,First Owner,18.53 kmpl,778 CC,70.56 bhp,236Nm@ 1708rpm,5
Ford Ecosport,2011,110800.0,157441,Diesel,Individual,Automatic,First Owner,16.28 kmpl,1416 CC,74.72 bhp,214Nm@ 3821rpm,7
Ford Ecosport,2019,260800.0,43963,Petrol,Individual,Manual,Second Owner,20.36 kmpl,1243 CC,85.85 bhp,174Nm@ 2004rpm,7
Ford Ecosport,2008,73500.0,130657,Petrol,Individual,Manual,Second Owner,23.11 kmpl,1160 CC,87.68 bhp,124Nm@ 2455rpm,5
Honda City,2011,91500.0,128255,Petrol,Individual,Manual,Third Owner,22.81 kmpl,1267 CC,82.17 bhp,205Nm@ 1779rpm,7
Honda City,2018,219900.0,102631,Diesel,Dealer,Manual,First Owner,19.63 kmpl,1214 CC,85.13 bhp,146Nm@ 3600rpm,5
Audi A4,2009,198800.0,113290,Petrol,Dealer,Manual,Second Owner,14.67 kmpl,2695 CC,246.89 bhp,123Nm@ 3590rpm,4
Audi A4,2022,771800.0,38557,Diesel,Individual,Manual,Second Owner,15.97 kmpl,2296 CC,271.02 bhp,145Nm@ 2792rpm,7
Skoda Octavia,2012,140100.0,134190,Diesel,Individual,Manual,First Owner,21.74 kmpl,1327 CC,109.89 bhp,157Nm@ 2695rpm,5
Ford Ecosport,2019,201500.0,117844,Diesel,Dealer,Manual,First Owner,17.05 kmpl,928 CC,77.17 bhp,105Nm@ 3895rpm,7
Skoda Octavia,2007,82100.0,118027,Petrol,Individual,Manual,First Owner,22.67 kmpl,1295 CC,77.61 bhp,315Nm@ 1840rpm,5
Skoda Octavia,2009,93500.0,134103,Diesel,Dealer,Manual,First Owner,18.76 kmpl,1504 CC,82.39 bhp,204Nm@ 3266rpm,4
Mahindra XUV500,2013,141400.0,99894,Diesel,Dealer,Automatic,First Owner,18.78 kmpl,1208 CC,91.04 bhp,137Nm@ 2436rpm,7
Mahindra XUV500,2013,112700.0,85714,Diesel,Individual,Manual,Second Owner,20.86 kmpl,1164 CC,84.76 bhp,184Nm@ 2048rpm,8
Tata Nexon,2016,172300.0,83054,Petrol,Individual,Automatic,Second Owner,23.53 kmpl,1037 CC,81.0 bhp,151Nm@ 2519rpm,5
Maruti Swift,2010,68400.0,186608,Diesel,Individual,Manual,First Owner,27.42 kmpl,912 CC,73.17 bhp,204Nm@ 3734rpm,7
Toyota Innova,2023,436600.0,50353,Diesel,Individual,Manual,Second Owner,11.3 kmpl,1136 CC,127.55 bhp,180Nm@ 1628rpm,5
BMW 3 Series,2006,148900.0,121801,Petrol,Individual,Manual,Second Owner,17.27 kmpl,2768 CC,221.79 bhp,130Nm@ 1629rpm,7
BMW 3 Series,2014,368200.0,97684,Diesel,Trustmark Dealer,Manual,First Owner,8.19 kmpl,2853 CC,265.53 bhp,186Nm@ 2530rpm,5
Honda City,2022,351900.0,16614,Petrol,Individual,Manual,First Owner,15.03 kmpl,1290 CC,70.42 bhp,257Nm@ 1593rpm,7
Ford Ecosport,2008,81900.0,78023,Petrol,Dealer,Manual,Second Owner,22.01 kmpl,891 CC,81.99 bhp,170Nm@ 3448rpm,7
Tata Nexon,2010,106900.0,115765,Diesel,Individual,Manual,First Owner,21.27 kmpl,1300 CC,93.4 bhp,221Nm@ 1808rpm,7
Toyota Innova,2021,405100.0,83801,Petrol,Trustmark Dealer,Manual,First Owner,14.76 kmpl,1801 CC,105.2 bhp,135Nm@ 2558rpm,7
Ford Ecosport,2020,167700.0,172765,Diesel,Dealer,Manual,Third Owner,20.65 kmpl,1097 CC,99.86 bhp,131Nm@ 1894rpm,5
Skoda Octavia,2022,314700.0,56682,Petrol,Trustmark Dealer,Manual,First Owner,16.58 kmpl,892 CC,88.36 bhp,85Nm@ 2850rpm,4
Ford Ecosport,2020,226600.0,105908,Diesel,Individual,Automatic,First Owner,21.36 kmpl,1004 CC,65.45 bhp,199Nm@ 3552rpm,7
Honda City,2009,112800.0,104373,Petrol,Individual,Automatic,Second Owner,22.95 kmpl,1398 CC,98.19 bhp,169Nm@ 2883rpm,5
Mahindra XUV500,2020,286000.0,124656,LPG,Individual,Manual,First Owner,22.18 kmpl,1434 CC,100.81 bhp,237Nm@ 2708rpm,8
Hyundai i20,2005,36100.0,120444,Diesel,Individual,Manual,Second Owner,20.99 kmpl,700 CC,54.4 bhp,316Nm@ 1654rpm,5
Ford Ecosport,2015,118000.0,97101,Diesel,Dealer,Manual,First Owner,21.63 kmpl,735 CC,66.3 bhp,264Nm@ 3461rpm,5
Ford Ecosport,2016,183500.0,15180,Petrol,Individual,Manual,Third Owner,14.24 kmpl,1078 CC,91.57 bhp,147Nm@ 2662rpm,5
Tata Nexon,2007,83500.0,118303,Diesel,Individual,Manual,First Owner,19.6 kmpl,990 CC,104.62 bhp,112Nm@ 2841rpm,5
BMW 3 Series,2007,145400.0,186031,CNG,Individual,Manual,Second Owner,14.42 kmpl,2737 CC,287.53 bhp,229Nm@ 2136rpm,5
Honda City,2006,59000.0,151622,Petrol,Individual,Manual,First Owner,17.99 kmpl,1239 CC,69.94 bhp,85Nm@ 2997rpm,5
BMW 3 Series,2014,417500.0,103241,Petrol,Individual,Manual,First Owner,16.35 kmpl,2926 CC,274.51 bhp,177Nm@ 3467rpm,5
Honda City,2013,124300.0,135649,CNG,Dealer,Manual,First Owner,14.23 kmpl,1185 CC,83.27 bhp,95Nm@ 1991rpm,4
BMW 3 Series,2005,130500.0,174172,Petrol,Individual,Manual,Second Owner,13.67 kmpl,2376 CC,252.1 bhp,244Nm@ 3560rpm,7
Honda City,2008,74000.0,145694,Diesel,Individual,Manual,First Owner,17.39 kmpl,887 CC,88.62 bhp,144Nm@ 3643rpm,5
Hyundai i20,2007,45300.0,140784,Petrol,Dealer,Manual,Fourth & Above Owner,19.77 kmpl,1062 CC,73.36 bhp,60Nm@ 3413rpm,5
Mahindra XUV500,2018,284300.0,28048,Diesel,Individual,Manual,First Owner,15.34 kmpl,1332 CC,96.67 bhp,100Nm@ 3174rpm,5
Tata Nexon,2023,293900.0,129578,Diesel,Individual,Manual,Second Owner,21.53 kmpl,1231 CC,85.18 bhp,60Nm@ 2807rpm,5
Ford Ecosport,2023,280600.0,61336,CNG,Dealer,Manual,First Owner,18.91 kmpl,802 CC,66.72 bhp,201Nm@ 3568rpm,5
Honda City,2012,92800.0,115374,Petrol,Individual,Manual,Third Owner,15.11 kmpl,1310 CC,71.74 bhp,208Nm@ 2421rpm,7
Ford Ecosport,2013,119300.0,68360,Diesel,Trustmark Dealer,Manual,First Owner,14.14 kmpl,980 CC,71.57 bhp,191Nm@ 1886rpm,5
Tata Nexon,2020,197000.0,37052,Petrol,Dealer,Manual,First Owner,13.08 kmpl,814 CC,48.36 bhp,249Nm@ 1983rpm,8
Ford Ecosport,2023,272800.0,44672,Petrol,Individual,Manual,Second Owner,11.37 kmpl,784 CC,88.65 bhp,102Nm@ 3864rpm,5
Mahindra XUV500,2017,186600.0,97716,Petrol,Individual,Manual,Second Owner,14.29 kmpl,1130 CC,88.12 bhp,110Nm@ 2376rpm,5
Hyundai i20,2014,110000.0,121170,Petrol,Dealer,Manual,Second Owner,19.33 kmpl,976 CC,66.02 bhp,242Nm@ 1504rpm,4
Ford Ecosport,2016,115600.0,97767,Diesel,Individual,Automatic,Fourth & Above Owner,18.95 kmpl,1110 CC,67.62 bhp,196Nm@ 3098rpm,7
Skoda Octavia,2022,390500.0,78508,Petrol,Trustmark Dealer,Automatic,Second Owner,20.73 kmpl,1135 CC,130.67 bhp,206Nm@ 2581rpm,5
Mahindra XUV500,2007,83200.0,134131,Petrol,Dealer,Manual,First Owner,23.1 kmpl,1266 CC,90.4 bhp,98Nm@ 1566rpm,7
Tata Nexon,2022,391400.0,28408,Diesel,Individual,Manual,First Owner,15.87 kmpl,1005 CC,100.27 bhp,224Nm@ 2339rpm,5
Ford Ecosport,2005,41400.0,126757,Petrol,Individual,Manual,Fourth & Above Owner,24.41 kmpl,1196 CC,64.03 bhp,270Nm@ 3730rpm,5
Mahindra XUV500,2023,419000.0,43886,Petrol,Individual,Manual,First Owner,13.56 kmpl,1577 CC,82.76 bhp,245Nm@ 3377rpm,4
Hyundai i20,2015,134500.0,43862,Petrol,Individual,Automatic,Third Owner,18.51 kmpl,968 CC,68.38 bhp,86Nm@ 1897rpm,5
Audi A4,2005,126300.0,163811,Diesel,Individual,Manual,First Owner,13.86 kmpl,2222 CC,221.6 bhp,139Nm@ 2768rpm,5
Hyundai i20,2018,97900.0,102173,Diesel,Individual,Automatic,Third Owner,20.91 kmpl,700 CC,38.55 bhp,183Nm@ 2556rpm,5
Honda City,2005,58000.0,154117,Diesel,Individual,Automatic,First Owner,18.28 kmpl,1087 CC,81.03 bhp,201Nm@ 1558rpm,5
Honda City,2009,112300.0,91549,Petrol,Individual,Manual,First Owner,16.92 kmpl,1130 CC,95.51 bhp,204Nm@ 3195rpm,8
Honda City,2006,54700.0,146149,Petrol,Dealer,Manual,Second Owner,19.28 kmpl,1125 CC,88.25 bhp,85Nm@ 2905rpm,5
Skoda Octavia,2012,130900.0,69672,CNG,Individual,Manual,Second Owner,19.81 kmpl,997 CC,119.23 bhp,160Nm@ 3904rpm,7
Hyundai i20,2007,55900.0,110699,Petrol,Dealer,Manual,First Owner,22.1 kmpl,813 CC,66.38 bhp,161Nm@ 2476rpm,5
Tata Nexon,2019,211800.0,43929,Diesel,Individual,Manual,Fourth & Above Owner,22.53 kmpl,1081 CC,99.37 bhp,169Nm@ 2808rpm,7
Ford Ecosport,2018,177700.0,136950,Diesel,Dealer,Manual,Third Owner,17.98 kmpl,1274 CC,91.26 bhp,78Nm@ 2887rpm,7
Hyundai i20,2016,120600.0,159090,Petrol,Trustmark Dealer,Automatic,First Owner,18.11 kmpl,734 CC,59.57 bhp,131Nm@ 3812rpm,5
Tata Nexon,2013,128800.0,92090,Diesel,Individual,Automatic,Third Owner,16.58 kmpl,1302 CC,80.59 bhp,110Nm@ 2982rpm,5
Tata Nexon,2006,66000.0,169453,Petrol,Individual,Manual,First Owner,23.69 kmpl,1500 CC,101.73 bhp,207Nm@ 1994rpm,7
Skoda Octavia,2008,97300.0,149731,Diesel,Dealer,Manual,First Owner,19.37 kmpl,1363 CC,109.86 bhp,145Nm@ 2906rpm,7
Ford Ecosport,2023,399500.0,71530,Petrol,Dealer,Automatic,Third Owner,19.62 kmpl,1620 CC,103.12 bhp,189Nm@ 2380rpm,5
Ford Ecosport,2010,73600.0,70812,LPG,Individual,Manual,First Owner,18.28 kmpl,862 CC,62.68 bhp,261Nm@ 1990rpm,7
Hyundai i20,2016,141600.0,111721,Petrol,Individual,Manual,First Owner,24.33 kmpl,920 CC,68.55 bhp,60Nm@ 3146rpm,8
Skoda Octavia,2005,56400.0,169407,Petrol,Trustmark Dealer,Manual,Second Owner,23.12 kmpl,1380 CC,106.18 bhp,151Nm@ 1774rpm,7
Hyundai i20,2014,137900.0,130775,Diesel,Dealer,Manual,First Owner,25.36 kmpl,1212 CC,77.08 bhp,75Nm@ 3260rpm,5
Tata Nexon,2015,119900.0,121231,Petrol,Dealer,Manual,Third Owner,16.19 kmpl,871 CC,96.82 bhp,60Nm@ 2784rpm,5
Audi A4,2009,227200.0,116138,Diesel,Individual,Automatic,First Owner,15.58 kmpl,2463 CC,252.14 bhp,192Nm@ 3710rpm,5
Hyundai i20,2008,69100.0,151249,Diesel,Dealer,Manual,First Owner,21.91 kmpl,1099 CC,75.77 bhp,155Nm@ 1632rpm,5
Ford Ecosport,2018,197000.0,130385,Petrol,Individual,Manual,First Owner,21.42 kmpl,1270 CC,79.02 bhp,122Nm@ 3240rpm,5
Mahindra XUV500,2017,201800.0,101250,Diesel,Dealer,Manual,First Owner,16.02 kmpl,1033 CC,87.01 bhp,82Nm@ 2243rpm,5
Hyundai i20,2016,104600.0,90679,Petrol,Individual,Manual,Second Owner,18.84 kmpl,934 CC,39.9 bhp,123Nm@ 3707rpm,5
Hyundai i20,2010,80800.0,151911,Diesel,Dealer,Manual,Second Owner,14.85 kmpl,1290 CC,76.81 bhp,180Nm@ 3667rpm,5
Maruti Swift,2010,60200.0,161855,Petrol,Individual,Automatic,First Owner,24.77 kmpl,700 CC,45.27 bhp,213Nm@ 2112rpm,7
BMW 3 Series,2015,434400.0,96655,Diesel,Individual,Manual,First Owner,14.05 kmpl,2851 CC,257.29 bhp,60Nm@ 2070rpm,5
Honda City,2013,152400.0,87593,Diesel,Individual,Manual,First Owner,18.45 kmpl,1179 CC,83.4 bhp,114Nm@ 2082rpm,7
Skoda Octavia,2007,104100.0,127901,Petrol,Individual,Manual,Second Owner,18.57 kmpl,1703 CC,108.03 bhp,164Nm@ 2840rpm,7
Honda City,2020,301800.0,75549,Diesel,Individual,Manual,First Owner,23.57 kmpl,1012 CC,113.23 bhp,204Nm@ 3319rpm,5
Audi A4,2009,310000.0,104307,Petrol,Individual,Automatic,First Owner,16.87 kmpl,2978 CC,297.75 bhp,65Nm@ 3947rpm,5
Mahindra XUV500,2013,137500.0,109204,Diesel,Individual,Manual,First Owner,16.13 kmpl,1134 CC,90.12 bhp,77Nm@ 1617rpm,7
Audi A4,2013,370600.0,48602,Diesel,Individual,Manual,Second Owner,16.74 kmpl,3000 CC,271.41 bhp,90Nm@ 3600rpm,5
BMW 3 Series,2016,483700.0,104046,Petrol,Individual,Manual,First Owner,11.1 kmpl,3000 CC,242.19 bhp,214Nm@ 3205rpm,7
Tata Nexon,2013,140800.0,150040,LPG,Dealer,Manual,First Owner,22.19 kmpl,1199 CC,101.26 bhp,206Nm@ 2083rpm,5
Hyundai i20,2017,173500.0,50192,Petrol,Individual,Manual,First Owner,22.88 kmpl,985 CC,50.66 bhp,118Nm@ 3705rpm,7
Ford Ecosport,2006,61700.0,104709,Petrol,Dealer,Manual,First Owner,17.22 kmpl,944 CC,69.05 bhp,60Nm@ 3871rpm,5
BMW 3 Series,2019,631600.0,44898,Petrol,Dealer,Manual,Second Owner,13.27 kmpl,2731 CC,268.94 bhp,167Nm@ 3827rpm,7
Toyota Innova,2014,141900.0,137611,Diesel,Dealer,Manual,Third Owner,13.06 kmpl,1167 CC,125.83 bhp,129Nm@ 1674rpm,5
Skoda Octavia,2013,141400.0,103252,Petrol,Individual,Manual,Second Owner,19.84 kmpl,1157 CC,120.07 bhp,188Nm@ 3133rpm,5
Mahindra XUV500,2017,285500.0,54530,Diesel,Individual,Manual,First Owner,20.42 kmpl,1515 CC,103.87 bhp,112Nm@ 2979rpm,8
Tata Nexon,2008,88000.0,123824,Diesel,Individual,Automatic,First Owner,22.92 kmpl,1442 CC,65.22 bhp,179Nm@ 3552rpm,5
Audi A4,2016,528800.0,68663,Petrol,Dealer,Manual,First Owner,11.9 kmpl,2454 CC,287.75 bhp,143Nm@ 3895rpm,5
Mahindra XUV500,2016,145200.0,123691,LPG,Individual,Manual,Second Owner,18.67 kmpl,1102 CC,83.3 bhp,67Nm@ 1633rpm,7
Mahindra XUV500,2023,325200.0,40272,Diesel,Dealer,Manual,Second Owner,16.82 kmpl,1053 CC,79.98 bhp,105Nm@ 2616rpm,5
Ford Ecosport,2008,70900.0,102645,Petrol,Trustmark Dealer,Manual,Second Owner,19.81 kmpl,1121 CC,99.63 bhp,253Nm@ 3086rpm,5
Audi A4,2005,108900.0,123479,Diesel,Individual,Manual,Fourth & Above Owner,11.29 kmpl,2678 CC,274.72 bhp,119Nm@ 2149rpm,7
Hyundai i20,2017,98100.0,101234,Diesel,Dealer,Manual,Second Owner,16.49 kmpl,700 CC,38.03 bhp,257Nm@ 3120rpm,7
Skoda Octavia,2010,111700.0,144166,Petrol,Dealer,Automatic,First Owner,22.84 kmpl,1143 CC,107.52 bhp,220Nm@ 2781rpm,5
BMW 3 Series,2020,747500.0,58186,Diesel,Individual,Manual,First Owner,11.4 kmpl,2767 CC,255.07 bhp,60Nm@ 2954rpm,7
Skoda Octavia,2023,295300.0,132590,Petrol,Individual,Manual,Second Owner,17.96 kmpl,1097 CC,115.11 bhp,313Nm@ 2496rpm,7
Skoda Octavia,2022,421500.0,58433,Diesel,Individual,Manual,First Owner,17.01 kmpl,1471 CC,109.25 bhp,114Nm@ 2215rpm,7
Honda City,2006,63400.0,94009,Petrol,Individual,Automatic,First Owner,19.97 kmpl,1115 CC,44.21 bhp,162Nm@ 3460rpm,7
Maruti Swift,2019,138800.0,55091,Diesel,Individual,Manual,Second Owner,15.15 kmpl,700 CC,43.37 bhp,191Nm@ 3983rpm,7
Mahindra XUV500,2016,166600.0,111487,Diesel,Trustmark Dealer,Manual,First Owner,12.62 kmpl,1135 CC,76.76 bhp,186Nm@ 1563rpm,5
Hyundai i20,2016,145900.0,108002,Diesel,Trustmark Dealer,Manual,Second Owner,13.78 kmpl,870 CC,93.48 bhp,104Nm@ 3398rpm,5
Skoda Octavia,2006,71600.0,121579,Diesel,Individual,Manual,Second Owner,14.45 kmpl,1351 CC,95.13 bhp,140Nm@ 1994rpm,5
BMW 3 Series,2022,734200.0,120059,Diesel,Individual,Manual,First Owner,14.91 kmpl,2575 CC,265.9 bhp,129Nm@ 2065rpm,5
Toyota Innova,2021,436300.0,46325,Diesel,Individual,Manual,First Owner,23.83 kmpl,1392 CC,127.69 bhp,74Nm@ 3836rpm,4
Maruti Swift,2022,260400.0,54987,Petrol,Dealer,Manual,Second Owner,23.05 kmpl,706 CC,86.19 bhp,154Nm@ 2649rpm,5
BMW 3 Series,2018,444700.0,79271,Petrol,Individual,Manual,Third Owner,12.65 kmpl,2641 CC,268.44 bhp,146Nm@ 2085rpm,5
Audi A4,2023,778100.0,53652,Diesel,Individual,Manual,Third Owner,15.01 kmpl,2559 CC,260.26 bhp,128Nm@ 2435rpm,5
Toyota Innova,2019,197200.0,107610,Petrol,Individual,Manual,Fourth & Above Owner,22.8 kmpl,1485 CC,113.7 bhp,144Nm@ 3218rpm,5
BMW 3 Series,2007,200100.0,104205,Petrol,Individual,Manual,Second Owner,14.71 kmpl,3000 CC,266.71 bhp,68Nm@ 1966rpm,5
Honda City,2008,73100.0,103883,LPG,Individual,Manual,Second Owner,24.85 kmpl,1111 CC,78.61 bhp,141Nm@ 3871rpm,5
Mahindra XUV500,2015,167300.0,78531,Diesel,Dealer,Manual,First Owner,19.29 kmpl,1268 CC,66.96 bhp,193Nm@ 2246rpm,5
Skoda Octavia,2016,136900.0,146913,Diesel,Individual,Manual,Second Owner,19.4 kmpl,1113 CC,103.33 bhp,175Nm@ 3768rpm,5
Honda City,2019,213100.0,119376,Petrol,Individual,Manual,First Owner,21.58 kmpl,1186 CC,80.7 bhp,121Nm@ 3038rpm,7
Mahindra XUV500,2020,316700.0,30978,Diesel,Individual,Manual,First Owner,20.15 kmpl,1042 CC,100.55 bhp,154Nm@ 2421rpm,5
Honda City,2019,266800.0,59838,Petrol,Trustmark Dealer,Manual,First Owner,20.27 kmpl,1065 CC,91.57 bhp,86Nm@ 1798rpm,7
Honda City,2009,79300.0,83344,Petrol,Individual,Manual,Second Owner,19.26 kmpl,779 CC,82.94 bhp,112Nm@ 2774rpm,7
Hyundai i20,2014,116500.0,89770,Petrol,Dealer,Automatic,First Owner,22.97 kmpl,700 CC,59.97 bhp,121Nm@ 2229rpm,7
Ford Ecosport,2017,177600.0,97306,Petrol,Dealer,Manual,First Owner,19.27 kmpl,927 CC,87.31 bhp,161Nm@ 2596rpm,5
Toyota Innova,2014,169200.0,89588,Diesel,Individual,Manual,Second Owner,22.37 kmpl,1254 CC,121.05 bhp,60Nm@ 2131rpm,5
BMW 3 Series,2006,155700.0,167083,Diesel,Dealer,Manual,First Owner,14.9 kmpl,2573 CC,254.01 bhp,126Nm@ 3794rpm,5
Skoda Octavia,2018,175000.0,165473,Petrol,Individual,Manual,Third Owner,16.52 kmpl,1203 CC,101.74 bhp,253Nm@ 3979rpm,5
Maruti Swift,2017,116500.0,105275,Petrol,Individual,Manual,Second Owner,21.56 kmpl,739 CC,58.26 bhp,141Nm@ 2122rpm,7
Hyundai i20,2021,212500.0,111420,Diesel,Individual,Manual,Second Owner,18.25 kmpl,1039 CC,72.85 bhp,249Nm@ 3137rpm,7
Hyundai i20,2005,37700.0,164843,Petrol,Individual,Manual,Fourth & Above Owner,19.16 kmpl,754 CC,84.41 bhp,203Nm@ 1727rpm,7
Audi A4,2013,358300.0,125865,Petrol,Individual,Automatic,First Owner,14.58 kmpl,2930 CC,239.02 bhp,235Nm@ 3981rpm,5
Mahindra XUV500,2019,268700.0,48505,CNG,Dealer,Manual,Second Owner,23.25 kmpl,1435 CC,90.78 bhp,85Nm@ 1991rpm,5
Audi A4,2005,139300.0,121530,Diesel,Individual,Manual,Second Owner,11.16 kmpl,2815 CC,268.76 bhp,97Nm@ 2390rpm,5
Ford Ecosport,2015,179400.0,102679,CNG,Dealer,Manual,First Owner,20.52 kmpl,1148 CC,114.6 bhp,271Nm@ 2889rpm,5
Mahindra XUV500,2005,57800.0,144019,Petrol,Individual,Manual,First Owner,19.07 kmpl,1349 CC,83.88 bhp,143Nm@ 3397rpm,5
BMW 3 Series,2008,248900.0,68093,Diesel,Dealer,Manual,First Owner,15.09 kmpl,2726 CC,267.22 bhp,129Nm@ 2986rpm,7
Honda City,2020,182500.0,144097,Diesel,Individual,Manual,Third Owner,18.8 kmpl,1155 CC,77.77 bhp,141Nm@ 1724rpm,5
Honda City,2016,124700.0,162485,Diesel,Individual,Manual,Third Owner,22.82 kmpl,1114 CC,89.01 bhp,215Nm@ 3654rpm,4
Maruti Swift,2012,90000.0,102031,Petrol,Trustmark Dealer,Manual,Second Owner,20.91 kmpl,1095 CC,51.69 bhp,161Nm@ 3323rpm,7
BMW 3 Series,2021,822100.0,55086,Petrol,Individual,Automatic,Second Owner,14.92 kmpl,2741 CC,245.12 bhp,128Nm@ 3978rpm,7
Ford Ecosport,2007,74300.0,160431,LPG,Individual,Manual,First Owner,22.39 kmpl,1308 CC,80.43 bhp,60Nm@ 2280rpm,4
BMW 3 Series,2015,561500.0,16596,Diesel,Dealer,Manual,First Owner,14.43 kmpl,2915 CC,266.01 bhp,320Nm@ 3252rpm,5
Toyota Innova,2007,110700.0,95672,Petrol,Dealer,Automatic,First Owner,18.01 kmpl,1389 CC,116.16 bhp,168Nm@ 1929rpm,7
Tata Nexon,2007,79700.0,112350,Diesel,Individual,Manual,First Owner,21.44 kmpl,1193 CC,76.7 bhp,60Nm@ 3268rpm,5
Toyota Innova,2019,275400.0,119071,Diesel,Individual,Manual,Second Owner,17.67 kmpl,1331 CC,136.96 bhp,60Nm@ 3810rpm,7
Honda City,2010,94300.0,113457,Diesel,Dealer,Automatic,Second Owner,18.34 kmpl,1019 CC,87.36 bhp,104Nm@ 2112rpm,7
Ford Ecosport,2011,133000.0,85885,Petrol,Individual,Automatic,First Owner,27.01 kmpl,1001 CC,100.21 bhp,142Nm@ 1684rpm,7
Honda City,2018,229200.0,110748,Diesel,Individual,Manual,First Owner,24.84 kmpl,1348 CC,84.58 bhp,185Nm@ 1964rpm,5
Honda City,2023,341200.0,29890,Petrol,Individual,Manual,First Owner,18.86 kmpl,920 CC,90.65 bhp,113Nm@ 2341rpm,7
Maruti Swift,2012,71200.0,62045,Petrol,Individual,Manual,Second Owner,17.29 kmpl,811 CC,47.64 bhp,171Nm@ 3013rpm,5
BMW 3 Series,2023,1109700.0,44631,Diesel,Individual,Manual,First Owner,17.1 kmpl,2651 CC,255.81 bhp,152Nm@ 2591rpm,7
Honda City,2017,170200.0,44134,Petrol,Individual,Manual,First Owner,16.34 kmpl,920 CC,70.32 bhp,85Nm@ 2265rpm,7
Honda City,2007,65500.0,107680,Petrol,Individual,Manual,First Owner,21.22 kmpl,846 CC,75.48 bhp,272Nm@ 3178rpm,5
Audi A4,2010,219100.0,151538,Petrol,Dealer,Manual,Second Owner,10.54 kmpl,2925 CC,265.31 bhp,260Nm@ 2631rpm,5
Honda City,2008,83500.0,149789,Diesel,Dealer,Manual,Second Owner,24.35 kmpl,1399 CC,96.25 bhp,130Nm@ 2119rpm,5
BMW 3 Series,2007,131800.0,232716,Petrol,Individual,Automatic,Third Owner,11.2 kmpl,2817 CC,255.21 bhp,161Nm@ 2042rpm,7
Honda City,2013,113100.0,62278,Diesel,Trustmark Dealer,Manual,Second Owner,19.0 kmpl,843 CC,81.51 bhp,115Nm@ 3409rpm,8
Maruti Swift,2016,84400.0,99963,Petrol,Individual,Manual,Third Owner,18.67 kmpl,700 CC,39.49 bhp,207Nm@ 1558rpm,7
Audi A4,2011,244900.0,155619,Diesel,Individual,Manual,First Owner,12.97 kmpl,2534 CC,242.52 bhp,180Nm@ 2462rpm,5
Skoda Octavia,2018,213100.0,116312,Petrol,Dealer,Manual,First Owner,21.64 kmpl,1321 CC,75.91 bhp,77Nm@ 2609rpm,5
Maruti Swift,2013,103800.0,98516,Diesel,Dealer,Manual,First Owner,15.41 kmpl,918 CC,56.29 bhp,151Nm@ 2906rpm,5
Maruti Swift,2014,85700.0,104725,Diesel,Individual,Automatic,Third Owner,17.84 kmpl,700 CC,58.42 bhp,117Nm@ 2460rpm,4
Mahindra XUV500,2019,289500.0,71059,Petrol,Individual,Manual,First Owner,15.5 kmpl,1317 CC,104.71 bhp,169Nm@ 1991rpm,7
Hyundai i20,2017,172600.0,126173,Petrol,Individual,Manual,First Owner,20.38 kmpl,1059 CC,86.96 bhp,85Nm@ 3405rpm,7
Skoda Octavia,2005,59400.0,119880,Diesel,Individual,Manual,Second Owner,16.75 kmpl,1171 CC,77.15 bhp,90Nm@ 2563rpm,5
Ford Ecosport,2023,315400.0,61474,Diesel,Individual,Manual,First Owner,18.54 kmpl,1088 CC,70.92 bhp,60Nm@ 3377rpm,8
Honda City,2007,76600.0,120370,Petrol,Dealer,Automatic,Second Owner,18.66 kmpl,1457 CC,70.41 bhp,60Nm@ 1612rpm,7
Ford Ecosport,2015,129600.0,110097,Diesel,Dealer,Manual,Second Owner,18.18 kmpl,1010 CC,84.9 bhp,126Nm@ 1708rpm,7
Ford Ecosport,2014,116400.0,83500,Petrol,Dealer,Manual,Third Owner,24.0 kmpl,970 CC,84.06 bhp,203Nm@ 3624rpm,7
Mahindra XUV500,2007,80100.0,70867,Diesel,Dealer,Manual,Second Owner,16.57 kmpl,1137 CC,79.16 bhp,235Nm@ 2338rpm,7
Skoda Octavia,2007,61200.0,187309,Diesel,Individual,Manual,First Owner,15.6 kmpl,1012 CC,101.67 bhp,198Nm@ 2084rpm,7
Honda City,2012,131300.0,109126,Petrol,Individual,Manual,Second Owner,21.62 kmpl,1148 CC,128.45 bhp,148Nm@ 1882rpm,5
Ford Ecosport,2022,382100.0,70264,Petrol,Individual,Manual,First Owner,20.29 kmpl,1278 CC,96.06 bhp,146Nm@ 2702rpm,5
Ford Ecosport,2015,126800.0,137389,Diesel,Individual,Automatic,Second Owner,18.83 kmpl,910 CC,92.76 bhp,147Nm@ 3229rpm,5
Toyota Innova,2005,56100.0,145212,Diesel,Dealer,Manual,Fourth & Above Owner,17.14 kmpl,1512 CC,153.24 bhp,111Nm@ 3097rpm,5
Toyota Innova,2022,396400.0,94415,Petrol,Individual,Manual,First Owner,18.15 kmpl,1479 CC,121.42 bhp,209Nm@ 3885rpm,5
Tata Nexon,2009,75900.0,193710,Petrol,Individual,Automatic,Second Owner,17.05 kmpl,1052 CC,107.06 bhp,158Nm@ 2458rpm,7
Skoda Octavia,2020,252400.0,115729,Diesel,Individual,Manual,First Owner,23.12 kmpl,1037 CC,102.08 bhp,183Nm@ 3289rpm,5
Tata Nexon,2010,91800.0,116621,Diesel,Individual,Manual,First Owner,22.17 kmpl,1215 CC,73.3 bhp,112Nm@ 2830rpm,7
BMW 3 Series,2011,357100.0,34917,Diesel,Individual,Manual,First Owner,11.41 kmpl,2563 CC,279.03 bhp,180Nm@ 3653rpm,7
Toyota Innova,2006,82500.0,156562,Petrol,Individual,Automatic,First Owner,21.59 kmpl,1036 CC,127.68 bhp,197Nm@ 3577rpm,5
Audi A4,2005,159300.0,130315,Petrol,Individual,Manual,First Owner,12.72 kmpl,3000 CC,253.71 bhp,119Nm@ 2299rpm,5
BMW 3 Series,2012,254500.0,110290,Petrol,Individual,Manual,Second Owner,10.52 kmpl,2550 CC,235.17 bhp,227Nm@ 3177rpm,5
Skoda Octavia,2009,77200.0,141416,Petrol,Dealer,Manual,Fourth & Above Owner,23.75 kmpl,1489 CC,109.96 bhp,61Nm@ 1660rpm,4
Toyota Innova,2022,430800.0,61599,Diesel,Dealer,Automatic,Second Owner,20.37 kmpl,1563 CC,109.14 bhp,248Nm@ 2181rpm,7
Maruti Swift,2006,60600.0,136980,Petrol,Trustmark Dealer,Manual,First Owner,19.38 kmpl,1018 CC,82.12 bhp,61Nm@ 1974rpm,5
Skoda Octavia,2014,122800.0,127068,Petrol,Dealer,Manual,Third Owner,14.16 kmpl,1423 CC,87.26 bhp,160Nm@ 2864rpm,4
Honda City,2011,99500.0,106709,Diesel,Dealer,Automatic,Second Owner,22.59 kmpl,801 CC,87.78 bhp,87Nm@ 2078rpm,4
Tata Nexon,2019,192800.0,127631,Diesel,Individual,Manual,Second Owner,16.38 kmpl,1128 CC,96.39 bhp,131Nm@ 3804rpm,4
Mahindra XUV500,2012,156400.0,103150,Diesel,Individual,Manual,First Owner,16.19 kmpl,1290 CC,112.04 bhp,228Nm@ 2852rpm,8
Mahindra XUV500,2020,259100.0,86243,Petrol,Trustmark Dealer,Manual,Third Owner,13.63 kmpl,1325 CC,105.72 bhp,64Nm@ 1591rpm,7
BMW 3 Series,2022,896300.0,45058,Petrol,Individual,Manual,First Owner,16.08 kmpl,2597 CC,255.83 bhp,116Nm@ 1945rpm,5
Mahindra XUV500,2015,152300.0,129681,Petrol,Individual,Manual,Second Owner,19.8 kmpl,1452 CC,90.46 bhp,243Nm@ 2812rpm,7
Maruti Swift,2008,57300.0,85230,Diesel,Dealer,Manual,Second Owner,24.88 kmpl,978 CC,35.0 bhp,192Nm@ 3924rpm,5
Toyota Innova,2019,252800.0,105382,Diesel,Dealer,Manual,Third Owner,13.28 kmpl,1307 CC,115.96 bhp,184Nm@ 1514rpm,4
Hyundai i20,2019,161300.0,61598,Petrol,Trustmark Dealer,Manual,Third Owner,15.95 kmpl,1036 CC,52.32 bhp,155Nm@ 2471rpm,5
Honda City,2013,121900.0,122922,Petrol,Trustmark Dealer,Manual,First Owner,21.55 kmpl,1161 CC,85.72 bhp,235Nm@ 1559rpm,5
Hyundai i20,2012,94600.0,63415,Petrol,Trustmark Dealer,Manual,Third Owner,19.74 kmpl,814 CC,79.28 bhp,87Nm@ 1651rpm,7
Mahindra XUV500,2005,52100.0,142517,Petrol,Individual,Manual,First Owner,20.56 kmpl,1119 CC,69.7 bhp,181Nm@ 1620rpm,7
Ford Ecosport,2013,107100.0,122180,Diesel,Dealer,Manual,Second Owner,17.41 kmpl,823 CC,95.7 bhp,222Nm@ 3535rpm,5
Audi A4,2014,369800.0,94672,Petrol,Dealer,Manual,First Owner,16.23 kmpl,2564 CC,237.25 bhp,199Nm@ 1639rpm,5
Audi A4,2017,516300.0,71052,Diesel,Dealer,Manual,Second Owner,14.02 kmpl,2667 CC,258.95 bhp,131Nm@ 3511rpm,5
Skoda Octavia,2011,127800.0,141703,Petrol,Dealer,Manual,First Owner,16.2 kmpl,1244 CC,146.99 bhp,60Nm@ 2121rpm,5
BMW 3 Series,2008,199700.0,140782,Petrol,Dealer,Manual,First Owner,8.69 kmpl,2685 CC,256.83 bhp,189Nm@ 2526rpm,5
Audi A4,2007,225400.0,104315,Diesel,Individual,Manual,First Owner,17.38 kmpl,2957 CC,265.03 bhp,60Nm@ 3820rpm,4
Ford Ecosport,2019,217200.0,103655,Diesel,Dealer,Automatic,First Owner,19.54 kmpl,1009 CC,69.49 bhp,140Nm@ 3300rpm,7
Skoda Octavia,2015,178800.0,115467,Petrol,Trustmark Dealer,Manual,First Owner,18.81 kmpl,1692 CC,105.24 bhp,181Nm@ 3270rpm,5
Audi A4,2014,379000.0,87834,Petrol,Dealer,Manual,First Owner,8.0 kmpl,2541 CC,250.66 bhp,219Nm@ 1648rpm,5
Honda City,2005,69100.0,88310,Diesel,Dealer,Manual,Second Owner,21.42 kmpl,1313 CC,89.33 bhp,176Nm@ 1743rpm,5
Maruti Swift,2022,211900.0,134597,Petrol,Individual,Manual,First Owner,20.93 kmpl,970 CC,56.66 bhp,147Nm@ 2890rpm,7
Ford Ecosport,2014,148900.0,110776,Diesel,Individual,Manual,First Owner,20.37 kmpl,1421 CC,75.37 bhp,150Nm@ 2900rpm,5
Hyundai i20,2010,94500.0,45539,Diesel,Dealer,Manual,First Owner,25.29 kmpl,879 CC,84.69 bhp,105Nm@ 1824rpm,8
Toyota Innova,2016,212200.0,105015,Diesel,Dealer,Automatic,First Owner,19.02 kmpl,1250 CC,107.47 bhp,116Nm@ 2948rpm,7
Tata Nexon,2009,71700.0,185071,Petrol,Individual,Manual,First Owner,17.38 kmpl,1094 CC,77.88 bhp,153Nm@ 3605rpm,5
Audi A4,2022,811200.0,84260,Petrol,Individual,Manual,First Owner,13.37 kmpl,2680 CC,256.06 bhp,60Nm@ 2251rpm,7
Ford Ecosport,2014,190900.0,45376,Diesel,Dealer,Manual,First Owner,12.44 kmpl,1292 CC,87.24 bhp,204Nm@ 2050rpm,5
Tata Nexon,2015,166900.0,151081,Diesel,Individual,Manual,First Owner,15.92 kmpl,1289 CC,83.69 bhp,195Nm@ 2111rpm,5
Skoda Octavia,2011,153600.0,55024,Petrol,Individual,Manual,First Owner,19.85 kmpl,1307 CC,108.9 bhp,214Nm@ 3503rpm,4
Mahindra XUV500,2022,384100.0,89729,Petrol,Individual,Automatic,First Owner,16.31 kmpl,1305 CC,87.8 bhp,317Nm@ 3443rpm,7
Skoda Octavia,2013,100000.0,191748,Diesel,Individual,Manual,Second Owner,18.0 kmpl,1152 CC,90.33 bhp,131Nm@ 2561rpm,5
Honda City,2007,74300.0,95593,Diesel,Individual,Manual,First Owner,21.46 kmpl,1015 CC,88.79 bhp,270Nm@ 3303rpm,7
Skoda Octavia,2007,82300.0,103320,Petrol,Individual,Manual,Second Owner,19.84 kmpl,1105 CC,107.58 bhp,189Nm@ 2885rpm,4
Hyundai i20,2016,107900.0,130171,Petrol,Dealer,Manual,Third Owner,11.47 kmpl,947 CC,52.34 bhp,60Nm@ 2037rpm,7
Skoda Octavia,2010,81200.0,114657,LPG,Individual,Manual,Fourth & Above Owner,23.67 kmpl,1315 CC,99.18 bhp,325Nm@ 2906rpm,5
Ford Ecosport,2018,178100.0,111875,Petrol,Individual,Manual,First Owner,21.78 kmpl,1116 CC,62.93 bhp,173Nm@ 3278rpm,8
Ford Ecosport,2009,100400.0,109304,Diesel,Trustmark Dealer,Automatic,Second Owner,15.65 kmpl,925 CC,107.05 bhp,132Nm@ 3124rpm,7
Toyota Innova,2021,388800.0,84881,Petrol,Individual,Manual,First Owner,20.46 kmpl,1390 CC,115.11 bhp,161Nm@ 2258rpm,4
Toyota Innova,2021,317500.0,83900,Petrol,Individual,Manual,Second Owner,26.91 kmpl,993 CC,117.6 bhp,107Nm@ 3162rpm,7
Audi A4,2017,515600.0,86513,Petrol,Individual,Manual,First Owner,21.37 kmpl,2446 CC,266.41 bhp,203Nm@ 3119rpm,5
Tata Nexon,2009,93900.0,182776,Diesel,Individual,Manual,First Owner,17.52 kmpl,1205 CC,110.3 bhp,161Nm@ 1968rpm,5
Audi A4,2018,593600.0,95656,Diesel,Dealer,Automatic,First Owner,13.56 kmpl,2921 CC,249.98 bhp,217Nm@ 2205rpm,5
Honda City,2015,150800.0,53495,Petrol,Dealer,Manual,Fourth & Above Owner,20.22 kmpl,1215 CC,117.32 bhp,142Nm@ 2647rpm,4
Toyota Innova,2007,71000.0,162237,Diesel,Trustmark Dealer,Manual,Second Owner,16.85 kmpl,873 CC,127.25 bhp,125Nm@ 2693rpm,5
Ford Ecosport,2013,117800.0,139912,Petrol,Individual,Manual,First Owner,18.7 kmpl,993 CC,98.91 bhp,63Nm@ 1727rpm,8
Honda City,2019,225100.0,65220,Diesel,Trustmark Dealer,Manual,Second Owner,15.89 kmpl,1048 CC,85.33 bhp,161Nm@ 2600rpm,5
Toyota Innova,2013,119800.0,151539,CNG,Dealer,Manual,Third Owner,19.89 kmpl,1411 CC,128.2 bhp,296Nm@ 1675rpm,5
Ford Ecosport,2011,107800.0,111684,Diesel,Individual,Automatic,First Owner,18.39 kmpl,838 CC,85.43 bhp,169Nm@ 3783rpm,5
Ford Ecosport,2022,239300.0,107465,Diesel,Dealer,Manual,Second Owner,15.68 kmpl,839 CC,92.26 bhp,238Nm@ 1663rpm,7
Skoda Octavia,2010,129200.0,135340,Petrol,Trustmark Dealer,Manual,First Owner,12.71 kmpl,1374 CC,135.95 bhp,147Nm@ 3896rpm,7
BMW 3 Series,2019,629500.0,97211,Petrol,Individual,Manual,First Owner,13.57 kmpl,2768 CC,250.98 bhp,96Nm@ 3634rpm,7
Hyundai i20,2009,63300.0,138027,Petrol,Trustmark Dealer,Manual,First Owner,21.26 kmpl,877 CC,59.51 bhp,224Nm@ 2586rpm,5
Tata Nexon,2016,142300.0,101605,Petrol,Trustmark Dealer,Manual,First Owner,19.35 kmpl,879 CC,81.68 bhp,145Nm@ 2788rpm,5
Audi A4,2008,199700.0,131588,Petrol,Dealer,Manual,First Owner,13.89 kmpl,2417 CC,266.0 bhp,149Nm@ 1732rpm,5
Toyota Innova,2023,450600.0,26150,Diesel,Individual,Manual,First Owner,22.85 kmpl,1473 CC,105.33 bhp,142Nm@ 2472rpm,7
Mahindra XUV500,2013,110700.0,81455,Diesel,Individual,Manual,Second Owner,22.05 kmpl,957 CC,75.51 bhp,241Nm@ 2430rpm,5
Maruti Swift,2008,35800.0,212037,Petrol,Individual,Manual,Second Owner,20.04 kmpl,731 CC,57.2 bhp,193Nm@ 3383rpm,5
Ford Ecosport,2022,232400.0,117549,Diesel,Trustmark Dealer,Manual,Second Owner,16.02 kmpl,1117 CC,73.11 bhp,88Nm@ 1865rpm,5
Toyota Innova,2021,361700.0,101458,CNG,Dealer,Manual,First Owner,19.16 kmpl,1135 CC,132.91 bhp,127Nm@ 2145rpm,5
Mahindra XUV500,2017,190200.0,120279,Petrol,Individual,Manual,First Owner,16.04 kmpl,1349 CC,82.74 bhp,110Nm@ 3875rpm,7
Toyota Innova,2014,190500.0,150998,Petrol,Individual,Automatic,First Owner,14.57 kmpl,1275 CC,124.49 bhp,142Nm@ 3937rpm,7
Audi A4,2020,580800.0,59149,Petrol,Dealer,Manual,Third Owner,10.11 kmpl,2793 CC,265.63 bhp,123Nm@ 2672rpm,5
Skoda Octavia,2020,403000.0,99433,Diesel,Individual,Automatic,First Owner,16.42 kmpl,1734 CC,113.66 bhp,141Nm@ 2126rpm,8
Mahindra XUV500,2009,80000.0,86396,Petrol,Individual,Manual,Second Owner,21.52 kmpl,1092 CC,80.05 bhp,122Nm@ 3772rpm,7
Mahindra XUV500,2018,206000.0,93099,Diesel,Individual,Manual,Second Owner,16.58 kmpl,1040 CC,105.56 bhp,60Nm@ 3234rpm,7
Skoda Octavia,2021,288900.0,111109,LPG,Individual,Manual,Third Owner,21.35 kmpl,1582 CC,110.91 bhp,113Nm@ 2541rpm,5
BMW 3 Series,2008,174600.0,138342,Petrol,Dealer,Manual,First Owner,15.49 kmpl,2353 CC,236.5 bhp,201Nm@ 3001rpm,5
Audi A4,2011,264700.0,115369,Petrol,Trustmark Dealer,Manual,Second Owner,15.14 kmpl,2604 CC,281.07 bhp,118Nm@ 1734rpm,5
Tata Nexon,2022,305900.0,62141,Petrol,Individual,Manual,Second Owner,16.72 kmpl,1119 CC,80.22 bhp,76Nm@ 3665rpm,7
Mahindra XUV500,2012,110100.0,170086,Diesel,Trustmark Dealer,Automatic,Second Owner,21.33 kmpl,1214 CC,87.73 bhp,139Nm@ 2245rpm,7
Skoda Octavia,2022,451200.0,25330,CNG,Individual,Manual,Second Owner,14.41 kmpl,1464 CC,121.87 bhp,60Nm@ 1718rpm,5
Hyundai i20,2013,98600.0,136160,Diesel,Individual,Manual,Second Owner,22.39 kmpl,1227 CC,67.9 bhp,155Nm@ 3472rpm,7
Hyundai i20,2013,91500.0,158451,Diesel,Dealer,Manual,First Owner,18.95 kmpl,871 CC,59.96 bhp,89Nm@ 3190rpm,5
Skoda Octavia,2013,150200.0,30126,Petrol,Individual,Manual,Third Owner,14.38 kmpl,1156 CC,103.34 bhp,70Nm@ 3301rpm,5
Maruti Swift,2017,131800.0,34970,Petrol,Individual,Manual,Second Owner,22.13 kmpl,700 CC,48.15 bhp,93Nm@ 3228rpm,7
Maruti Swift,2023,305400.0,15909,Diesel,Individual,Manual,First Owner,19.74 kmpl,917 CC,56.74 bhp,195Nm@ 3222rpm,7
Honda City,2022,273100.0,97546,Diesel,Individual,Manual,First Owner,20.6 kmpl,1113 CC,73.44 bhp,68Nm@ 2505rpm,5
Skoda Octavia,2015,179900.0,89324,Diesel,Dealer,Manual,Second Owner,17.15 kmpl,1211 CC,100.67 bhp,134Nm@ 3441rpm,7
Tata Nexon,2023,252200.0,117945,Diesel,Individual,Manual,First Owner,20.97 kmpl,727 CC,81.74 bhp,232Nm@ 3354rpm,5
Maruti Swift,2006,56300.0,129161,Diesel,Dealer,Automatic,First Owner,18.45 kmpl,883 CC,61.06 bhp,194Nm@ 3530rpm,7
Mahindra XUV500,2011,96300.0,182827,Petrol,Individual,Manual,First Owner,15.01 kmpl,1110 CC,95.64 bhp,166Nm@ 3238rpm,4
BMW 3 Series,2005,155000.0,115412,Diesel,Trustmark Dealer,Manual,Second Owner,16.09 kmpl,2888 CC,247.89 bhp,109Nm@ 3185rpm,5
Mahindra XUV500,2016,173100.0,57489,Diesel,Dealer,Manual,Second Owner,17.63 kmpl,1015 CC,102.55 bhp,60Nm@ 3599rpm,5
Honda City,2011,91800.0,105859,Petrol,Individual,Automatic,Third Owner,14.42 kmpl,1138 CC,78.15 bhp,237Nm@ 1966rpm,5
Toyota Innova,2014,197900.0,108260,Diesel,Individual,Manual,First Owner,18.9 kmpl,1298 CC,130.66 bhp,97Nm@ 2820rpm,8
Audi A4,2006,141600.0,122692,Petrol,Individual,Manual,Second Owner,14.11 kmpl,2371 CC,254.53 bhp,91Nm@ 3934rpm,5
Toyota Innova,2022,384500.0,110950,Petrol,Trustmark Dealer,Manual,First Owner,17.22 kmpl,1535 CC,102.82 bhp,235Nm@ 3312rpm,5
Honda City,2010,84600.0,122975,LPG,Dealer,Manual,Third Owner,19.5 kmpl,1026 CC,102.04 bhp,171Nm@ 3849rpm,5
Tata Nexon,2016,203900.0,61953,Diesel,Individual,Manual,Second Owner,20.0 kmpl,1555 CC,80.31 bhp,60Nm@ 3323rpm,5
Skoda Octavia,2007,90200.0,148276,Petrol,Individual,Automatic,First Owner,15.5 kmpl,1541 CC,81.24 bhp,158Nm@ 3541rpm,5
Mahindra XUV500,2018,156400.0,104017,Diesel,Individual,Manual,Second Owner,21.27 kmpl,1036 CC,62.83 bhp,110Nm@ 2573rpm,7
Skoda Octavia,2021,333600.0,40174,Petrol,Individual,Manual,Third Owner,16.89 kmpl,1657 CC,90.36 bhp,85Nm@ 2484rpm,5
Ford Ecosport,2020,273300.0,73322,Petrol,Trustmark Dealer,Manual,First Owner,17.53 kmpl,1011 CC,93.08 bhp,293Nm@ 1770rpm,7
Ford Ecosport,2009,76600.0,146633,Petrol,Individual,Manual,First Owner,20.97 kmpl,1150 CC,65.11 bhp,193Nm@ 3620rpm,7
Hyundai i20,2011,71100.0,108759,Petrol,Individual,Manual,First Owner,23.12 kmpl,913 CC,36.06 bhp,60Nm@ 2981rpm,7
Toyota Innova,2021,442200.0,71997,Petrol,Trustmark Dealer,Manual,First Owner,12.97 kmpl,1772 CC,110.36 bhp,157Nm@ 3583rpm,5
Mahindra XUV500,2018,166000.0,112775,Petrol,Individual,Manual,Third Owner,20.09 kmpl,1165 CC,81.55 bhp,130Nm@ 2183rpm,7
Audi A4,2023,674300.0,66389,Petrol,Individual,Manual,Fourth & Above Owner,12.03 kmpl,2726 CC,275.89 bhp,175Nm@ 2015rpm,5
Hyundai i20,2009,57700.0,181687,Petrol,Dealer,Manual,First Owner,24.52 kmpl,700 CC,77.5 bhp,136Nm@ 3684rpm,5
Tata Nexon,2012,124000.0,107827,Petrol,Individual,Manual,First Owner,21.83 kmpl,1283 CC,75.06 bhp,95Nm@ 2210rpm,4
Ford Ecosport,2019,325100.0,35896,Petrol,Individual,Manual,Second Owner,19.36 kmpl,1286 CC,116.51 bhp,60Nm@ 1945rpm,8
Maruti Swift,2007,62200.0,133003,Petrol,Individual,Manual,First Owner,20.16 kmpl,834 CC,77.33 bhp,139Nm@ 2465rpm,4
Tata Nexon,2011,103100.0,131282,Petrol,Dealer,Automatic,Second Owner,19.23 kmpl,1419 CC,77.06 bhp,119Nm@ 3879rpm,5
Maruti Swift,2019,179800.0,80419,Petrol,Individual,Manual,Second Owner,22.38 kmpl,700 CC,81.89 bhp,196Nm@ 1855rpm,5
Ford Ecosport,2020,290400.0,91659,Diesel,Individual,Manual,First Owner,22.22 kmpl,1156 CC,96.9 bhp,92Nm@ 2339rpm,5
Toyota Innova,2006,69000.0,143121,Petrol,Dealer,Manual,First Owner,18.89 kmpl,953 CC,114.85 bhp,141Nm@ 3274rpm,5
Audi A4,2005,143000.0,131673,LPG,Individual,Manual,Second Owner,9.62 kmpl,3000 CC,261.21 bhp,83Nm@ 1817rpm,7
Hyundai i20,2011,92000.0,108268,Diesel,Dealer,Manual,Second Owner,21.24 kmpl,1036 CC,81.55 bhp,133Nm@ 2487rpm,5
Hyundai i20,2018,190400.0,40785,Petrol,Individual,Automatic,Third Owner,22.78 kmpl,1130 CC,53.57 bhp,122Nm@ 1600rpm,7
Maruti Swift,2011,71600.0,122075,Diesel,Individual,Manual,First Owner,17.96 kmpl,1026 CC,35.0 bhp,165Nm@ 2357rpm,5
Mahindra XUV500,2005,65300.0,138090,Diesel,Individual,Automatic,Second Owner,20.88 kmpl,1306 CC,101.21 bhp,210Nm@ 3487rpm,5
Hyundai i20,2009,73300.0,94607,Diesel,Individual,Manual,First Owner,16.26 kmpl,700 CC,86.72 bhp,190Nm@ 2986rpm,7
Mahindra XUV500,2010,69600.0,178290,Petrol,Trustmark Dealer,Manual,Second Owner,21.31 kmpl,1171 CC,77.67 bhp,205Nm@ 3010rpm,5
Mahindra XUV500,2017,189400.0,112485,Petrol,Individual,Automatic,Second Owner,14.42 kmpl,1139 CC,94.27 bhp,140Nm@ 3164rpm,5
Tata Nexon,2015,147400.0,144187,Petrol,Individual,Manual,First Owner,24.41 kmpl,1194 CC,86.75 bhp,135Nm@ 2082rpm,5
Mahindra XUV500,2016,201400.0,96829,Diesel,Dealer,Manual,First Owner,11.51 kmpl,1392 CC,92.07 bhp,175Nm@ 3795rpm,7
Honda City,2012,100100.0,126273,Diesel,Individual,Manual,First Owner,18.87 kmpl,993 CC,73.91 bhp,232Nm@ 3317rpm,7
Toyota Innova,2015,229200.0,99651,Petrol,Individual,Automatic,Second Owner,16.07 kmpl,1555 CC,123.03 bhp,213Nm@ 1877rpm,7
BMW 3 Series,2015,366100.0,79775,Petrol,Dealer,Manual,Third Owner,15.37 kmpl,2536 CC,248.15 bhp,129Nm@ 2727rpm,5
Audi A4,2011,231000.0,161024,Diesel,Dealer,Manual,First Owner,15.2 kmpl,2577 CC,275.92 bhp,149Nm@ 2293rpm,5
Audi A4,2016,424800.0,162852,Petrol,Individual,Manual,First Owner,16.31 kmpl,2998 CC,266.12 bhp,127Nm@ 2129rpm,5
Ford Ecosport,2019,242900.0,114406,Diesel,Dealer,Manual,First Owner,14.84 kmpl,1206 CC,95.28 bhp,119Nm@ 2862rpm,4
Hyundai i20,2017,196000.0,73596,CNG,Individual,Manual,First Owner,16.27 kmpl,1020 CC,67.82 bhp,186Nm@ 2337rpm,5
BMW 3 Series,2019,689400.0,46144,Petrol,Individual,Manual,First Owner,14.4 kmpl,2686 CC,244.52 bhp,107Nm@ 2175rpm,5
Mahindra XUV500,2013,99600.0,153185,Diesel,Dealer,Manual,Second Owner,21.26 kmpl,1004 CC,86.25 bhp,61Nm@ 1579rpm,5
Maruti Swift,2013,90800.0,120435,Petrol,Individual,Automatic,First Owner,18.22 kmpl,794 CC,54.82 bhp,202Nm@ 3053rpm,4
Honda City,2016,179700.0,92388,Diesel,Individual,Manual,Second Owner,21.13 kmpl,1410 CC,75.78 bhp,88Nm@ 3007rpm,5
Honda City,2011,93300.0,157114,Diesel,Individual,Manual,First Owner,14.41 kmpl,1043 CC,79.73 bhp,171Nm@ 3059rpm,5
Maruti Swift,2014,144300.0,132121,Petrol,Individual,Manual,First Owner,19.56 kmpl,1175 CC,90.12 bhp,180Nm@ 2238rpm,5
Maruti Swift,2018,168000.0,105823,CNG,Individual,Manual,Second Owner,25.08 kmpl,728 CC,82.85 bhp,60Nm@ 3538rpm,5
BMW 3 Series,2020,663500.0,63972,Diesel,Individual,Manual,Second Owner,8.21 kmpl,2750 CC,283.97 bhp,110Nm@ 1882rpm,5
Hyundai i20,2013,124200.0,102847,Petrol,Dealer,Manual,First Owner,23.42 kmpl,1372 CC,65.6 bhp,60Nm@ 2323rpm,5
Ford Ecosport,2006,49600.0,174663,Petrol,Dealer,Manual,Second Owner,19.67 kmpl,1012 CC,82.43 bhp,144Nm@ 3770rpm,8
Hyundai i20,2010,92000.0,111867,Petrol,Individual,Manual,First Owner,24.05 kmpl,1158 CC,68.93 bhp,167Nm@ 3456rpm,5
Tata Nexon,2018,250500.0,62000,Diesel,Individual,Automatic,Second Owner,18.77 kmpl,1111 CC,101.72 bhp,183Nm@ 2875rpm,5
Toyota Innova,2015,287900.0,59181,Petrol,Individual,Manual,First Owner,17.14 kmpl,1908 CC,126.47 bhp,77Nm@ 3525rpm,5
Ford Ecosport,2005,36300.0,184853,Petrol,Dealer,Manual,First Owner,16.41 kmpl,896 CC,48.52 bhp,173Nm@ 3675rpm,8
Honda City,2018,175600.0,126993,Petrol,Individual,Automatic,Second Owner,18.59 kmpl,1223 CC,62.95 bhp,254Nm@ 1837rpm,7
Hyundai i20,2014,140100.0,85591,Petrol,Individual,Manual,First Owner,17.22 kmpl,880 CC,80.0 bhp,161Nm@ 2343rpm,5
Tata Nexon,2020,178200.0,106540,Petrol,Dealer,Manual,Second Owner,16.79 kmpl,783 CC,65.18 bhp,254Nm@ 1834rpm,7
Toyota Innova,2008,101800.0,134609,Diesel,Dealer,Manual,Second Owner,17.16 kmpl,1458 CC,118.18 bhp,215Nm@ 2127rpm,7
Honda City,2018,260600.0,65357,Petrol,Individual,Automatic,First Owner,15.72 kmpl,1093 CC,90.99 bhp,137Nm@ 3643rpm,5
Maruti Swift,2013,98700.0,151661,Petrol,Dealer,Manual,First Owner,17.52 kmpl,1056 CC,59.11 bhp,140Nm@ 3306rpm,7
Audi A4,2023,920900.0,34874,Petrol,Dealer,Manual,Second Owner,18.42 kmpl,2634 CC,240.38 bhp,142Nm@ 1515rpm,7
Skoda Octavia,2009,89300.0,194916,Diesel,Dealer,Manual,First Owner,18.67 kmpl,1256 CC,114.23 bhp,250Nm@ 2976rpm,7
Audi A4,2007,134900.0,172621,Petrol,Dealer,Manual,Third Owner,10.71 kmpl,2826 CC,247.89 bhp,60Nm@ 1934rpm,7
Honda City,2008,67300.0,165788,Diesel,Dealer,Manual,First Owner,17.18 kmpl,1139 CC,74.07 bhp,195Nm@ 3364rpm,5
Skoda Octavia,2014,126500.0,145577,Petrol,Individual,Manual,First Owner,19.66 kmpl,1273 CC,71.93 bhp,124Nm@ 2378rpm,7
Hyundai i20,2007,74000.0,151950,CNG,Dealer,Manual,First Owner,20.44 kmpl,873 CC,119.48 bhp,131Nm@ 3719rpm,7
Maruti Swift,2022,236700.0,79805,Diesel,Dealer,Manual,Second Owner,21.77 kmpl,860 CC,74.89 bhp,193Nm@ 1795rpm,5
Tata Nexon,2012,87300.0,174508,Diesel,Individual,Automatic,Second Owner,22.57 kmpl,875 CC,81.3 bhp,152Nm@ 2039rpm,4
Audi A4,2023,596100.0,134862,Diesel,Dealer,Manual,Third Owner,11.38 kmpl,2637 CC,276.31 bhp,60Nm@ 2380rpm,8
BMW 3 Series,2006,175800.0,83855,Diesel,Dealer,Manual,First Owner,12.88 kmpl,2354 CC,248.84 bhp,266Nm@ 2346rpm,5
Honda City,2023,427300.0,500,Diesel,Dealer,Manual,First Owner,24.73 kmpl,1458 CC,67.81 bhp,196Nm@ 3298rpm,7
Toyota Innova,2021,399100.0,106570,CNG,Individual,Manual,First Owner,22.99 kmpl,1503 CC,135.41 bhp,154Nm@ 2782rpm,7
Hyundai i20,2010,66200.0,123245,Petrol,Individual,Manual,First Owner,18.97 kmpl,892 CC,49.52 bhp,75Nm@ 2484rpm,5
Skoda Octavia,2015,204600.0,157176,Petrol,Trustmark Dealer,Manual,First Owner,18.75 kmpl,1737 CC,118.52 bhp,128Nm@ 2970rpm,5
Audi A4,2015,309200.0,120894,Diesel,Individual,Manual,Third Owner,13.66 kmpl,2540 CC,259.78 bhp,171Nm@ 1758rpm,7
Ford Ecosport,2017,121200.0,162461,Petrol,Individual,Manual,First Owner,15.04 kmpl,1008 CC,48.58 bhp,152Nm@ 3537rpm,7
BMW 3 Series,2018,456400.0,89034,Diesel,Individual,Manual,Third Owner,8.41 kmpl,3000 CC,237.85 bhp,175Nm@ 2225rpm,4
Maruti Swift,2009,51600.0,171468,Diesel,Dealer,Manual,Second Owner,25.53 kmpl,906 CC,58.52 bhp,200Nm@ 3101rpm,5
Tata Nexon,2019,185900.0,132056,Diesel,Individual,Manual,Second Owner,21.13 kmpl,954 CC,92.26 bhp,123Nm@ 2612rpm,5
Audi A4,2013,397300.0,74237,Petrol,Dealer,Manual,First Owner,18.1 kmpl,2561 CC,254.33 bhp,173Nm@ 2346rpm,5
Audi A4,2008,187100.0,151305,Diesel,Individual,Manual,First Owner,16.7 kmpl,2775 CC,240.38 bhp,157Nm@ 3969rpm,7
Ford Ecosport,2018,255600.0,136211,Diesel,Individual,Manual,First Owner,23.68 kmpl,1379 CC,98.92 bhp,199Nm@ 2690rpm,5
BMW 3 Series,2006,142800.0,152176,Diesel,Dealer,Manual,Third Owner,14.39 kmpl,2768 CC,246.24 bhp,109Nm@ 1567rpm,7
Hyundai i20,2005,48500.0,186402,Diesel,Dealer,Manual,First Owner,26.35 kmpl,1117 CC,61.3 bhp,153Nm@ 2638rpm,5
BMW 3 Series,2021,698400.0,83329,Petrol,Dealer,Manual,First Owner,13.64 kmpl,2714 CC,231.65 bhp,79Nm@ 1996rpm,5
Hyundai i20,2023,291400.0,36656,CNG,Individual,Manual,Second Owner,23.69 kmpl,1073 CC,50.35 bhp,217Nm@ 1699rpm,5
Hyundai i20,2011,69200.0,157313,Diesel,Individual,Manual,Third Owner,22.0 kmpl,915 CC,73.25 bhp,203Nm@ 3076rpm,5
Hyundai i20,2010,66900.0,136918,Petrol,Dealer,Manual,Second Owner,18.67 kmpl,700 CC,76.04 bhp,205Nm@ 1791rpm,5
Ford Ecosport,2007,68300.0,171344,Petrol,Dealer,Automatic,First Owner,23.29 kmpl,1073 CC,80.75 bhp,136Nm@ 3105rpm,7
Toyota Innova,2014,145900.0,136718,Petrol,Individual,Manual,Second Owner,18.77 kmpl,1518 CC,118.8 bhp,172Nm@ 1824rpm,5
Honda City,2010,130700.0,82896,Petrol,Individual,Manual,First Owner,15.56 kmpl,1226 CC,101.24 bhp,117Nm@ 2883rpm,7
Honda City,2013,141100.0,79953,Diesel,Individual,Automatic,Second Owner,22.45 kmpl,1304 CC,86.14 bhp,245Nm@ 3580rpm,5
Skoda Octavia,2021,339100.0,47177,Petrol,Dealer,Manual,Second Owner,16.57 kmpl,1286 CC,98.64 bhp,162Nm@ 2471rpm,7
Tata Nexon,2017,119800.0,100188,Diesel,Individual,Manual,First Owner,18.74 kmpl,908 CC,46.03 bhp,196Nm@ 3378rpm,7
Ford Ecosport,2007,49400.0,152108,Petrol,Individual,Manual,Second Owner,24.44 kmpl,985 CC,61.66 bhp,146Nm@ 1640rpm,7
Skoda Octavia,2015,170500.0,90991,Petrol,Individual,Manual,Second Owner,20.56 kmpl,1235 CC,96.87 bhp,180Nm@ 2470rpm,7
Tata Nexon,2015,156500.0,105600,Diesel,Individual,Manual,First Owner,16.21 kmpl,1072 CC,78.48 bhp,168Nm@ 1925rpm,5
Skoda Octavia,2012,98600.0,159700,Petrol,Trustmark Dealer,Automatic,Fourth & Above Owner,20.85 kmpl,1408 CC,108.2 bhp,81Nm@ 2420rpm,5
Hyundai i20,2010,66800.0,217516,Petrol,Trustmark Dealer,Manual,Second Owner,17.27 kmpl,1159 CC,66.76 bhp,214Nm@ 3856rpm,5
Toyota Innova,2006,82000.0,132787,Petrol,Dealer,Manual,First Owner,26.05 kmpl,1417 CC,106.89 bhp,136Nm@ 2092rpm,5
BMW 3 Series,2023,885700.0,116694,Petrol,Dealer,Automatic,First Owner,12.66 kmpl,3000 CC,244.38 bhp,197Nm@ 2854rpm,5
Tata Nexon,2009,113400.0,34546,Petrol,Individual,Manual,First Owner,22.66 kmpl,1138 CC,86.9 bhp,147Nm@ 2839rpm,7
Maruti Swift,2011,45300.0,122577,Diesel,Dealer,Manual,Third Owner,17.65 kmpl,727 CC,36.96 bhp,171Nm@ 3985rpm,7
Mahindra XUV500,2015,188000.0,61590,Petrol,Individual,Manual,First Owner,17.95 kmpl,988 CC,107.56 bhp,193Nm@ 2064rpm,5
Ford Ecosport,2010,65300.0,122908,Petrol,Individual,Manual,Second Owner,18.11 kmpl,1132 CC,50.29 bhp,149Nm@ 2148rpm,8
Honda City,2014,100000.0,89481,Petrol,Trustmark Dealer,Manual,First Owner,18.7 kmpl,899 CC,57.24 bhp,144Nm@ 3571rpm,7
Ford Ecosport,2012,147700.0,97579,Petrol,Individual,Manual,First Owner,19.34 kmpl,1516 CC,80.04 bhp,191Nm@ 2488rpm,7
Tata Nexon,2010,90700.0,62022,Diesel,Individual,Manual,Second Owner,22.38 kmpl,876 CC,74.73 bhp,107Nm@ 3837rpm,5
Audi A4,2018,534600.0,126971,Petrol,Individual,Manual,First Owner,15.26 kmpl,2847 CC,264.39 bhp,186Nm@ 1500rpm,7
BMW 3 Series,2020,538300.0,64037,CNG,Individual,Manual,Third Owner,14.05 kmpl,2720 CC,247.89 bhp,207Nm@ 1903rpm,7
Toyota Innova,2009,108700.0,138141,CNG,Individual,Automatic,Third Owner,15.86 kmpl,1461 CC,126.16 bhp,146Nm@ 3414rpm,5
Mahindra XUV500,2011,104700.0,68415,CNG,Dealer,Manual,Fourth & Above Owner,17.57 kmpl,1516 CC,111.6 bhp,112Nm@ 3792rpm,4
Ford Ecosport,2015,121500.0,70641,Diesel,Individual,Manual,Fourth & Above Owner,16.77 kmpl,1434 CC,50.18 bhp,185Nm@ 3727rpm,7
Maruti Swift,2023,221700.0,45801,Petrol,Individual,Manual,Second Owner,18.8 kmpl,912 CC,35.0 bhp,170Nm@ 3007rpm,7
Tata Nexon,2019,181900.0,81594,Petrol,Individual,Manual,Second Owner,17.28 kmpl,772 CC,82.3 bhp,158Nm@ 2480rpm,7
Tata Nexon,2006,62400.0,146057,Diesel,Individual,Manual,Second Owner,17.33 kmpl,1151 CC,94.03 bhp,162Nm@ 3576rpm,7
Toyota Innova,2009,91800.0,218637,Diesel,Individual,Automatic,Second Owner,21.41 kmpl,1578 CC,89.35 bhp,180Nm@ 2332rpm,4
Hyundai i20,2007,104700.0,56052,CNG,Individual,Manual,First Owner,21.03 kmpl,1438 CC,82.79 bhp,221Nm@ 2843rpm,5
Honda City,2015,147100.0,124056,Petrol,Individual,Manual,First Owner,22.86 kmpl,1120 CC,78.79 bhp,162Nm@ 2411rpm,5
Audi A4,2021,698600.0,109924,Diesel,Individual,Manual,First Owner,13.42 kmpl,2889 CC,252.11 bhp,178Nm@ 2502rpm,7
Maruti Swift,2011,81000.0,105869,Diesel,Individual,Manual,Second Owner,22.43 kmpl,880 CC,58.82 bhp,84Nm@ 2719rpm,7
Hyundai i20,2020,226900.0,96495,Diesel,Dealer,Manual,First Owner,15.84 kmpl,1067 CC,71.31 bhp,143Nm@ 3883rpm,5
Mahindra XUV500,2009,62500.0,174648,Petrol,Dealer,Manual,Third Owner,20.08 kmpl,1043 CC,80.21 bhp,129Nm@ 2460rpm,5
Tata Nexon,2022,232300.0,83281,Diesel,Individual,Manual,First Owner,11.98 kmpl,824 CC,63.01 bhp,145Nm@ 3961rpm,7
Hyundai i20,2022,266600.0,13998,Petrol,Individual,Manual,Second Owner,22.94 kmpl,700 CC,79.19 bhp,159Nm@ 1998rpm,5
Toyota Innova,2023,425100.0,108313,Petrol,Individual,Manual,First Owner,22.39 kmpl,1307 CC,126.09 bhp,199Nm@ 1813rpm,5
Mahindra XUV500,2010,82000.0,159736,Diesel,Dealer,Manual,Second Owner,21.96 kmpl,1258 CC,85.78 bhp,258Nm@ 3874rpm,5
Tata Nexon,2019,262600.0,64261,CNG,Individual,Manual,First Owner,14.73 kmpl,1222 CC,84.14 bhp,281Nm@ 3879rpm,7
BMW 3 Series,2010,196400.0,164130,Petrol,Dealer,Automatic,Third Owner,10.7 kmpl,2897 CC,238.81 bhp,102Nm@ 3802rpm,7
Honda City,2016,132100.0,51283,Diesel,Individual,Manual,Third Owner,17.92 kmpl,1116 CC,68.17 bhp,181Nm@ 2846rpm,7
Ford Ecosport,2020,247900.0,140846,Diesel,Individual,Manual,First Owner,18.42 kmpl,1350 CC,101.34 bhp,183Nm@ 2016rpm,5
Maruti Swift,2007,38900.0,129891,Petrol,Individual,Manual,Second Owner,21.23 kmpl,772 CC,35.0 bhp,140Nm@ 1831rpm,5
Hyundai i20,2014,94400.0,155071,Diesel,Individual,Manual,First Owner,17.96 kmpl,915 CC,52.48 bhp,102Nm@ 2897rpm,7
Maruti Swift,2022,216100.0,34664,CNG,Individual,Manual,Second Owner,18.5 kmpl,709 CC,55.15 bhp,121Nm@ 2248rpm,5
BMW 3 Series,2013,231500.0,133782,Petrol,Dealer,Manual,Third Owner,10.95 kmpl,2339 CC,241.84 bhp,122Nm@ 3981rpm,5
Ford Ecosport,2013,103300.0,77044,Diesel,Dealer,Manual,Second Owner,16.9 kmpl,856 CC,64.83 bhp,161Nm@ 1803rpm,5
BMW 3 Series,2020,649600.0,99591,Petrol,Individual,Manual,First Owner,13.85 kmpl,2817 CC,246.15 bhp,154Nm@ 2409rpm,5
BMW 3 Series,2022,615500.0,106522,Diesel,Dealer,Manual,Fourth & Above Owner,15.48 kmpl,2951 CC,265.33 bhp,113Nm@ 2218rpm,5
Tata Nexon,2007,74900.0,158988,Diesel,Individual,Manual,First Owner,13.08 kmpl,1125 CC,103.57 bhp,117Nm@ 3260rpm,7
Audi A4,2019,649100.0,72394,Petrol,Dealer,Manual,First Owner,12.9 kmpl,2751 CC,255.49 bhp,144Nm@ 3772rpm,7
Mahindra XUV500,2009,73900.0,89218,Diesel,Individual,Manual,Second Owner,24.33 kmpl,919 CC,76.94 bhp,160Nm@ 2345rpm,4
Ford Ecosport,2021,293800.0,50578,Petrol,Individual,Automatic,Third Owner,20.58 kmpl,1467 CC,90.25 bhp,60Nm@ 3536rpm,7
Honda City,2009,95000.0,103664,Petrol,Individual,Manual,Second Owner,19.2 kmpl,1167 CC,101.45 bhp,123Nm@ 2603rpm,7
Audi A4,2015,414100.0,111097,CNG,Individual,Manual,First Owner,8.0 kmpl,2771 CC,254.05 bhp,143Nm@ 2350rpm,5
Hyundai i20,2009,69900.0,165026,Diesel,Individual,Manual,First Owner,20.94 kmpl,1129 CC,60.15 bhp,180Nm@ 3550rpm,5
Skoda Octavia,2010,107700.0,155255,Petrol,Dealer,Manual,First Owner,18.38 kmpl,1150 CC,111.01 bhp,135Nm@ 1903rpm,7
Mahindra XUV500,2013,127500.0,128314,Petrol,Dealer,Manual,Second Owner,16.67 kmpl,1238 CC,97.12 bhp,90Nm@ 3369rpm,7
Tata Nexon,2009,88000.0,144267,Diesel,Individual,Manual,First Owner,23.05 kmpl,1248 CC,81.04 bhp,60Nm@ 2020rpm,5
Tata Nexon,2011,119700.0,114364,Diesel,Trustmark Dealer,Automatic,First Owner,16.48 kmpl,1119 CC,86.02 bhp,177Nm@ 1964rpm,5
Ford Ecosport,2017,162700.0,95957,Petrol,Dealer,Manual,First Owner,16.64 kmpl,976 CC,76.78 bhp,206Nm@ 1949rpm,5
Mahindra XUV500,2022,234400.0,79218,CNG,Individual,Manual,Third Owner,18.5 kmpl,1234 CC,78.78 bhp,63Nm@ 3251rpm,7
Audi A4,2010,220000.0,171450,Petrol,Dealer,Manual,First Owner,15.13 kmpl,2372 CC,263.12 bhp,61Nm@ 3468rpm,5
Skoda Octavia,2009,106900.0,148591,Petrol,Individual,Manual,First Owner,15.47 kmpl,1396 CC,106.81 bhp,157Nm@ 1667rpm,7
Hyundai i20,2022,333200.0,3470,Petrol,Dealer,Manual,First Owner,19.52 kmpl,931 CC,73.85 bhp,233Nm@ 2300rpm,7
Toyota Innova,2016,274900.0,7228,Petrol,Individual,Manual,Second Owner,16.7 kmpl,1351 CC,128.13 bhp,159Nm@ 2060rpm,7
Mahindra XUV500,2014,149000.0,65356,Diesel,Dealer,Manual,Second Owner,22.29 kmpl,1293 CC,72.34 bhp,175Nm@ 3727rpm,7
Ford Ecosport,2006,37400.0,178640,Diesel,Dealer,Manual,Third Owner,20.29 kmpl,897 CC,73.84 bhp,136Nm@ 2805rpm,5
Skoda Octavia,2023,520700.0,26877,Petrol,Individual,Automatic,First Owner,17.01 kmpl,1068 CC,111.74 bhp,130Nm@ 2476rpm,5
Audi A4,2007,134400.0,175818,Petrol,Individual,Manual,Third Owner,16.5 kmpl,2716 CC,262.16 bhp,82Nm@ 1659rpm,5
Hyundai i20,2017,167600.0,97268,LPG,Individual,Manual,First Owner,21.46 kmpl,895 CC,76.18 bhp,137Nm@ 2274rpm,7
Toyota Innova,2015,233500.0,98786,Diesel,Individual,Manual,First Owner,23.22 kmpl,1772 CC,105.69 bhp,60Nm@ 2674rpm,5
Honda City,2008,62400.0,188516,Petrol,Individual,Manual,First Owner,19.34 kmpl,815 CC,94.56 bhp,188Nm@ 3084rpm,7
Skoda Octavia,2017,245700.0,67418,Diesel,Dealer,Manual,Second Owner,18.12 kmpl,1343 CC,119.35 bhp,149Nm@ 3552rpm,4
Skoda Octavia,2023,504600.0,1360,Diesel,Individual,Manual,First Owner,14.55 kmpl,1376 CC,107.34 bhp,60Nm@ 1549rpm,5
Audi A4,2021,698100.0,51219,Petrol,Dealer,Manual,Second Owner,19.52 kmpl,2677 CC,259.76 bhp,151Nm@ 3595rpm,7
Ford Ecosport,2009,57900.0,142784,Diesel,Individual,Manual,First Owner,15.81 kmpl,723 CC,55.41 bhp,125Nm@ 2910rpm,5
Skoda Octavia,2012,117700.0,140348,Diesel,Dealer,Manual,Third Owner,16.06 kmpl,1370 CC,107.86 bhp,85Nm@ 2029rpm,5
Audi A4,2008,209600.0,123219,Petrol,Trustmark Dealer,Manual,First Owner,14.71 kmpl,2531 CC,253.64 bhp,205Nm@ 3688rpm,7
Hyundai i20,2016,210500.0,82269,LPG,Dealer,Automatic,First Owner,19.32 kmpl,1191 CC,79.53 bhp,62Nm@ 3713rpm,7
BMW 3 Series,2011,251200.0,121438,Diesel,Individual,Manual,Second Owner,11.36 kmpl,2634 CC,275.78 bhp,195Nm@ 2853rpm,5
Mahindra XUV500,2015,151900.0,79439,Diesel,Individual,Manual,First Owner,18.03 kmpl,1220 CC,71.03 bhp,266Nm@ 3733rpm,5
Mahindra XUV500,2016,179500.0,63588,Petrol,Individual,Manual,First Owner,16.63 kmpl,1016 CC,83.16 bhp,60Nm@ 2583rpm,5
Mahindra XUV500,2023,489300.0,13414,Diesel,Individual,Manual,First Owner,22.05 kmpl,1385 CC,95.97 bhp,171Nm@ 3994rpm,5
Audi A4,2009,233000.0,91126,Diesel,Individual,Manual,First Owner,13.6 kmpl,2450 CC,257.48 bhp,187Nm@ 3523rpm,5
Ford Ecosport,2013,109900.0,147783,Petrol,Individual,Manual,Second Owner,16.1 kmpl,1198 CC,64.2 bhp,165Nm@ 1527rpm,5
BMW 3 Series,2017,369600.0,44894,Diesel,Individual,Manual,Fourth & Above Owner,13.17 kmpl,2557 CC,264.46 bhp,204Nm@ 2865rpm,7
Mahindra XUV500,2016,208300.0,117838,Petrol,Dealer,Manual,Second Owner,19.44 kmpl,1479 CC,110.55 bhp,126Nm@ 1624rpm,7
Toyota Innova,2017,318300.0,70308,Petrol,Dealer,Manual,First Owner,13.5 kmpl,1702 CC,127.56 bhp,106Nm@ 2329rpm,7
Tata Nexon,2015,124800.0,114474,Petrol,Individual,Manual,Second Owner,15.93 kmpl,1304 CC,51.47 bhp,234Nm@ 3214rpm,5
Mahindra XUV500,2008,73500.0,121535,Petrol,Individual,Automatic,Second Owner,18.82 kmpl,900 CC,83.7 bhp,159Nm@ 3283rpm,7
Toyota Innova,2011,139700.0,169305,Diesel,Trustmark Dealer,Manual,First Owner,16.87 kmpl,1620 CC,127.94 bhp,233Nm@ 2674rpm,4
Mahindra XUV500,2022,296500.0,73422,Diesel,Individual,Manual,First Owner,16.88 kmpl,929 CC,77.73 bhp,157Nm@ 3775rpm,8
Hyundai i20,2018,139500.0,64996,CNG,Dealer,Manual,Second Owner,13.85 kmpl,800 CC,45.73 bhp,128Nm@ 1887rpm,5
Honda City,2005,51500.0,122388,Diesel,Individual,Manual,Third Owner,18.83 kmpl,1135 CC,89.63 bhp,60Nm@ 2387rpm,7
Tata Nexon,2007,62700.0,105517,Petrol,Dealer,Manual,First Owner,21.82 kmpl,1250 CC,43.19 bhp,60Nm@ 3696rpm,5
Skoda Octavia,2011,120500.0,119522,Diesel,Dealer,Manual,First Owner,16.94 kmpl,1500 CC,99.16 bhp,150Nm@ 2472rpm,7
Tata Nexon,2021,315400.0,94428,Petrol,Dealer,Automatic,First Owner,20.49 kmpl,1445 CC,80.45 bhp,167Nm@ 3386rpm,5
BMW 3 Series,2023,877000.0,75006,Diesel,Individual,Manual,First Owner,12.86 kmpl,2625 CC,238.7 bhp,255Nm@ 3575rpm,8
Maruti Swift,2019,176500.0,83066,Petrol,Dealer,Manual,First Owner,16.1 kmpl,1098 CC,48.54 bhp,141Nm@ 2675rpm,5
Ford Ecosport,2013,133300.0,61590,Petrol,Individual,Manual,Third Owner,24.4 kmpl,1044 CC,103.13 bhp,105Nm@ 2805rpm,7
Toyota Innova,2021,292600.0,65552,Diesel,Individual,Manual,Second Owner,17.39 kmpl,924 CC,115.67 bhp,85Nm@ 3866rpm,8
Skoda Octavia,2011,128800.0,74197,Diesel,Dealer,Automatic,Third Owner,12.53 kmpl,1362 CC,114.15 bhp,226Nm@ 3783rpm,5
BMW 3 Series,2008,192400.0,132491,Petrol,Dealer,Manual,First Owner,11.9 kmpl,2423 CC,248.0 bhp,123Nm@ 1679rpm,7
Ford Ecosport,2018,214400.0,63165,Petrol,Trustmark Dealer,Manual,Second Owner,27.26 kmpl,1031 CC,83.66 bhp,81Nm@ 2975rpm,5
Honda City,2005,52300.0,124157,Petrol,Dealer,Manual,First Owner,21.27 kmpl,758 CC,74.73 bhp,131Nm@ 3721rpm,5
Tata Nexon,2017,166100.0,106465,Petrol,Dealer,Manual,Second Owner,23.17 kmpl,1266 CC,74.01 bhp,208Nm@ 2938rpm,7
Toyota Innova,2015,205500.0,111806,Petrol,Dealer,Manual,First Owner,16.87 kmpl,1360 CC,106.64 bhp,175Nm@ 3317rpm,7
Mahindra XUV500,2019,209200.0,106490,Diesel,Individual,Manual,Third Owner,18.11 kmpl,1467 CC,87.74 bhp,233Nm@ 2222rpm,5
Skoda Octavia,2019,203600.0,142856,Petrol,Individual,Manual,Third Owner,17.79 kmpl,1349 CC,113.97 bhp,191Nm@ 3459rpm,7
Maruti Swift,2008,66200.0,118015,Petrol,Individual,Manual,First Owner,23.19 kmpl,877 CC,61.07 bhp,280Nm@ 1899rpm,5
Toyota Innova,2018,262200.0,158653,Diesel,Individual,Manual,First Owner,25.75 kmpl,1639 CC,109.92 bhp,201Nm@ 1816rpm,5
Hyundai i20,2012,71300.0,158641,Petrol,Individual,Manual,First Owner,23.63 kmpl,816 CC,47.76 bhp,148Nm@ 3951rpm,7
Audi A4,2011,303800.0,81661,Petrol,Individual,Manual,First Owner,18.32 kmpl,2287 CC,284.65 bhp,168Nm@ 3151rpm,5
Hyundai i20,2019,189400.0,42436,Petrol,Dealer,Manual,Second Owner,20.47 kmpl,1065 CC,49.17 bhp,102Nm@ 2132rpm,5
BMW 3 Series,2023,908000.0,83618,CNG,Individual,Manual,Second Owner,14.23 kmpl,2900 CC,269.27 bhp,138Nm@ 1610rpm,5
Toyota Innova,2015,209200.0,82742,Diesel,Dealer,Manual,First Owner,14.76 kmpl,1014 CC,131.44 bhp,200Nm@ 3445rpm,5
Hyundai i20,2019,215200.0,143295,Diesel,Individual,Manual,Second Owner,18.7 kmpl,1235 CC,106.11 bhp,114Nm@ 2967rpm,7
BMW 3 Series,2010,211300.0,159071,Diesel,Dealer,Manual,Second Owner,13.32 kmpl,2681 CC,248.57 bhp,235Nm@ 3647rpm,7
Skoda Octavia,2017,270700.0,73766,Diesel,Trustmark Dealer,Manual,First Owner,14.73 kmpl,1096 CC,134.01 bhp,97Nm@ 2188rpm,5
Ford Ecosport,2018,196900.0,86727,Diesel,Dealer,Manual,First Owner,20.5 kmpl,1227 CC,57.47 bhp,83Nm@ 1846rpm,5
Mahindra XUV500,2021,269000.0,123424,Petrol,Trustmark Dealer,Automatic,Second Owner,12.94 kmpl,1270 CC,98.38 bhp,201Nm@ 3673rpm,7
Audi A4,2015,357300.0,99103,Petrol,Individual,Manual,Second Owner,14.65 kmpl,2840 CC,248.95 bhp,150Nm@ 3586rpm,5
Honda City,2012,95200.0,147423,Petrol,Individual,Manual,Second Owner,17.54 kmpl,1193 CC,74.47 bhp,201Nm@ 1960rpm,7
Ford Ecosport,2014,147900.0,109779,Petrol,Dealer,Automatic,First Owner,21.28 kmpl,1039 CC,87.47 bhp,143Nm@ 2903rpm,5
Skoda Octavia,2020,253700.0,74247,Diesel,Individual,Manual,Second Owner,22.06 kmpl,1234 CC,80.08 bhp,110Nm@ 2215rpm,7
Toyota Innova,2008,114300.0,46712,Petrol,Dealer,Manual,Second Owner,20.0 kmpl,1528 CC,112.18 bhp,245Nm@ 2070rpm,5
BMW 3 Series,2022,712800.0,78515,Petrol,Dealer,Manual,Third Owner,13.01 kmpl,2777 CC,272.32 bhp,159Nm@ 3186rpm,5
Maruti Swift,2016,131400.0,134678,Diesel,Individual,Manual,First Owner,18.8 kmpl,931 CC,50.84 bhp,208Nm@ 2587rpm,5
BMW 3 Series,2010,277400.0,123846,Diesel,Trustmark Dealer,Manual,First Owner,18.69 kmpl,3000 CC,240.46 bhp,177Nm@ 2031rpm,4
Skoda Octavia,2020,386400.0,97380,Petrol,Individual,Manual,First Owner,16.55 kmpl,1553 CC,138.86 bhp,215Nm@ 3790rpm,7
Maruti Swift,2023,207800.0,60030,Petrol,Individual,Manual,Third Owner,25.64 kmpl,744 CC,53.72 bhp,208Nm@ 2328rpm,5
Tata Nexon,2019,235400.0,159464,CNG,Individual,Automatic,First Owner,22.49 kmpl,1223 CC,100.86 bhp,159Nm@ 2688rpm,7
Hyundai i20,2009,68300.0,101558,Diesel,Individual,Manual,Second Owner,19.76 kmpl,1018 CC,63.77 bhp,172Nm@ 2768rpm,5
Tata Nexon,2009,78500.0,90967,Petrol,Dealer,Manual,Second Owner,17.73 kmpl,1041 CC,80.32 bhp,275Nm@ 3840rpm,8
Maruti Swift,2014,112600.0,92820,Petrol,Individual,Manual,Second Owner,18.94 kmpl,719 CC,74.29 bhp,85Nm@ 3096rpm,7
BMW 3 Series,2023,794800.0,89402,Petrol,Individual,Manual,Second Owner,8.0 kmpl,2650 CC,276.0 bhp,274Nm@ 1501rpm,5
Ford Ecosport,2021,315900.0,118240,Diesel,Individual,Manual,First Owner,13.66 kmpl,1416 CC,76.34 bhp,111Nm@ 2027rpm,5
Audi A4,2016,391300.0,147593,Petrol,Individual,Manual,First Owner,10.41 kmpl,2802 CC,231.16 bhp,202Nm@ 3261rpm,7
Maruti Swift,2015,92100.0,129890,Petrol,Individual,Manual,First Owner,13.46 kmpl,816 CC,35.0 bhp,143Nm@ 2028rpm,7
BMW 3 Series,2010,242300.0,134585,Diesel,Dealer,Manual,Second Owner,8.15 kmpl,2794 CC,288.23 bhp,160Nm@ 3311rpm,5
Toyota Innova,2014,179100.0,100625,Petrol,Individual,Manual,First Owner,16.49 kmpl,1301 CC,111.69 bhp,186Nm@ 2089rpm,7
Ford Ecosport,2006,72700.0,145297,Petrol,Dealer,Manual,First Owner,19.82 kmpl,1269 CC,86.4 bhp,144Nm@ 3467rpm,7
Honda City,2005,46100.0,115533,Diesel,Individual,Manual,Second Owner,14.24 kmpl,941 CC,75.42 bhp,61Nm@ 3497rpm,5
BMW 3 Series,2019,538900.0,110791,Petrol,Dealer,Manual,First Owner,13.82 kmpl,2553 CC,256.43 bhp,220Nm@ 2738rpm,7
Tata Nexon,2005,35800.0,138767,Diesel,Individual,Manual,Third Owner,22.46 kmpl,933 CC,61.49 bhp,143Nm@ 2477rpm,7
Skoda Octavia,2006,68600.0,140853,Petrol,Dealer,Manual,Second Owner,16.76 kmpl,1428 CC,97.74 bhp,95Nm@ 3944rpm,5
Skoda Octavia,2019,234100.0,123800,Petrol,Individual,Manual,First Owner,22.1 kmpl,943 CC,110.64 bhp,182Nm@ 3078rpm,7
Audi A4,2021,752400.0,60378,Diesel,Dealer,Manual,First Owner,13.69 kmpl,2692 CC,249.73 bhp,139Nm@ 3647rpm,5
Honda City,2010,92500.0,124392,Diesel,Individual,Manual,Second Owner,11.44 kmpl,1554 CC,69.93 bhp,124Nm@ 2394rpm,7
BMW 3 Series,2007,172200.0,151948,Petrol,Individual,Automatic,Second Owner,12.04 kmpl,2647 CC,258.41 bhp,195Nm@ 1729rpm,7
Audi A4,2023,954300.0,97113,Petrol,Individual,Manual,First Owner,11.02 kmpl,2573 CC,274.15 bhp,148Nm@ 3071rpm,5
Toyota Innova,2022,366400.0,115946,Petrol,Individual,Manual,Third Owner,22.36 kmpl,1652 CC,123.36 bhp,194Nm@ 2354rpm,5
Ford Ecosport,2005,56000.0,155021,Petrol,Individual,Manual,First Owner,20.19 kmpl,1111 CC,98.68 bhp,172Nm@ 3015rpm,5
Maruti Swift,2007,56700.0,147838,CNG,Individual,Manual,First Owner,22.36 kmpl,946 CC,66.22 bhp,145Nm@ 1666rpm,7
Tata Nexon,2018,171300.0,134764,Diesel,Trustmark Dealer,Manual,First Owner,21.54 kmpl,1182 CC,58.22 bhp,276Nm@ 2214rpm,7
Honda City,2022,315600.0,500,Diesel,Individual,Manual,Third Owner,20.39 kmpl,1031 CC,98.34 bhp,183Nm@ 3941rpm,7
Audi A4,2010,266100.0,97706,Petrol,Individual,Automatic,First Owner,15.98 kmpl,2734 CC,252.62 bhp,183Nm@ 1868rpm,7
BMW 3 Series,2012,323000.0,112884,Diesel,Dealer,Automatic,First Owner,12.33 kmpl,2613 CC,261.82 bhp,91Nm@ 3844rpm,5
Mahindra XUV500,2013,112000.0,126004,Petrol,Trustmark Dealer,Automatic,Second Owner,21.63 kmpl,778 CC,92.45 bhp,194Nm@ 3308rpm,7
Audi A4,2015,598200.0,24516,Diesel,Individual,Manual,First Owner,9.83 kmpl,2816 CC,260.19 bhp,234Nm@ 1545rpm,8
Maruti Swift,2020,245100.0,71425,Diesel,Individual,Manual,Second Owner,14.83 kmpl,1294 CC,85.0 bhp,223Nm@ 2021rpm,5
Ford Ecosport,2021,240800.0,95622,Diesel,Individual,Manual,Second Owner,16.86 kmpl,979 CC,88.65 bhp,150Nm@ 3248rpm,7
Tata Nexon,2006,74400.0,113168,Petrol,Individual,Manual,First Owner,19.11 kmpl,1385 CC,85.53 bhp,163Nm@ 1628rpm,5
Tata Nexon,2020,275200.0,73298,Petrol,Dealer,Manual,First Owner,19.26 kmpl,892 CC,102.14 bhp,257Nm@ 2109rpm,5
Toyota Innova,2008,125500.0,101069,Diesel,Dealer,Manual,First Owner,19.6 kmpl,1682 CC,116.8 bhp,93Nm@ 1859rpm,7
Skoda Octavia,2019,313500.0,75348,Diesel,Dealer,Automatic,Second Owner,19.08 kmpl,1538 CC,101.66 bhp,60Nm@ 3571rpm,7
Mahindra XUV500,2014,123600.0,140483,Diesel,Dealer,Manual,First Owner,21.91 kmpl,991 CC,89.89 bhp,223Nm@ 2296rpm,5
Ford Ecosport,2005,88500.0,30642,Diesel,Dealer,Manual,First Owner,16.73 kmpl,1110 CC,112.26 bhp,156Nm@ 2320rpm,7
Tata Nexon,2005,48200.0,112072,Petrol,Dealer,Manual,Second Owner,25.18 kmpl,700 CC,80.49 bhp,133Nm@ 3972rpm,5
Tata Nexon,2009,64800.0,135635,Petrol,Dealer,Manual,First Owner,22.0 kmpl,1136 CC,42.68 bhp,91Nm@ 3684rpm,5
Toyota Innova,2012,147200.0,78456,Petrol,Individual,Automatic,First Owner,15.1 kmpl,1335 CC,107.25 bhp,213Nm@ 2938rpm,7
Tata Nexon,2018,171000.0,164578,CNG,Individual,Manual,First Owner,18.25 kmpl,913 CC,84.64 bhp,127Nm@ 2100rpm,5
Toyota Innova,2010,126000.0,105838,Petrol,Trustmark Dealer,Manual,First Owner,21.42 kmpl,1498 CC,108.45 bhp,101Nm@ 1529rpm,5
Honda City,2014,176200.0,101308,Petrol,Individual,Automatic,First Owner,24.21 kmpl,1108 CC,93.08 bhp,78Nm@ 3966rpm,5
Hyundai i20,2008,55600.0,189400,Diesel,Individual,Automatic,Third Owner,17.04 kmpl,1155 CC,69.52 bhp,196Nm@ 3889rpm,8
Skoda Octavia,2015,121400.0,114097,Petrol,Dealer,Manual,Fourth & Above Owner,20.92 kmpl,1154 CC,98.06 bhp,78Nm@ 3961rpm,5
Audi A4,2014,399100.0,92230,Diesel,Individual,Manual,First Owner,15.89 kmpl,2672 CC,268.43 bhp,115Nm@ 2431rpm,7
Maruti Swift,2015,93000.0,120720,Petrol,Individual,Manual,Third Owner,18.45 kmpl,722 CC,62.41 bhp,181Nm@ 2903rpm,5
Skoda Octavia,2013,170400.0,107017,Petrol,Individual,Automatic,First Owner,16.7 kmpl,1005 CC,109.05 bhp,214Nm@ 3033rpm,5
Mahindra XUV500,2015,161500.0,104803,Petrol,Dealer,Manual,Second Owner,21.68 kmpl,1008 CC,106.64 bhp,120Nm@ 3356rpm,5
Toyota Innova,2010,82100.0,115592,Diesel,Individual,Manual,Fourth & Above Owner,18.82 kmpl,1069 CC,130.57 bhp,82Nm@ 3148rpm,7
Toyota Innova,2021,300200.0,102504,Petrol,Individual,Manual,Second Owner,18.71 kmpl,1158 CC,118.2 bhp,113Nm@ 3996rpm,5
Audi A4,2015,369000.0,132372,Diesel,Dealer,Manual,Second Owner,11.28 kmpl,3000 CC,245.98 bhp,151Nm@ 2767rpm,5
Skoda Octavia,2005,74000.0,126342,Diesel,Trustmark Dealer,Automatic,First Owner,20.07 kmpl,1287 CC,101.71 bhp,60Nm@ 3447rpm,5
Skoda Octavia,2009,81200.0,175753,Petrol,Individual,Manual,Second Owner,22.25 kmpl,1415 CC,106.57 bhp,143Nm@ 3883rpm,5
Toyota Innova,2011,145000.0,139227,Diesel,Dealer,Manual,Second Owner,21.55 kmpl,1547 CC,144.96 bhp,231Nm@ 3930rpm,5
Ford Ecosport,2022,262200.0,52932,Petrol,Individual,Manual,Second Owner,18.79 kmpl,1186 CC,54.81 bhp,184Nm@ 3276rpm,7
Tata Nexon,2015,140300.0,134554,Petrol,Individual,Automatic,First Owner,18.04 kmpl,816 CC,75.2 bhp,105Nm@ 3783rpm,7
Skoda Octavia,2016,200300.0,69271,Petrol,Dealer,Manual,First Owner,17.19 kmpl,1190 CC,84.09 bhp,209Nm@ 2755rpm,5
Ford Ecosport,2021,193100.0,25909,Petrol,Trustmark Dealer,Manual,Fourth & Above Owner,13.84 kmpl,979 CC,67.17 bhp,131Nm@ 1591rpm,5
Tata Nexon,2021,204800.0,68774,Diesel,Dealer,Manual,Fourth & Above Owner,21.64 kmpl,1178 CC,70.37 bhp,139Nm@ 2911rpm,5
Ford Ecosport,2018,207600.0,80518,Diesel,Trustmark Dealer,Manual,First Owner,18.01 kmpl,810 CC,91.58 bhp,106Nm@ 2946rpm,5
Ford Ecosport,2013,135100.0,89439,Diesel,Dealer,Automatic,First Owner,23.03 kmpl,920 CC,73.45 bhp,114Nm@ 1905rpm,5
BMW 3 Series,2006,154400.0,178451,Petrol,Individual,Manual,First Owner,16.89 kmpl,2490 CC,267.81 bhp,102Nm@ 2218rpm,5
Mahindra XUV500,2011,115200.0,155858,Petrol,Dealer,Manual,First Owner,19.39 kmpl,1534 CC,89.06 bhp,115Nm@ 1970rpm,5
Audi A4,2009,249500.0,108611,Petrol,Individual,Automatic,First Owner,11.61 kmpl,2858 CC,257.11 bhp,126Nm@ 1857rpm,7
Audi A4,2005,143600.0,154470,Petrol,Individual,Manual,First Owner,14.95 kmpl,2691 CC,271.09 bhp,82Nm@ 1529rpm,5
Mahindra XUV500,2010,125700.0,122844,Petrol,Individual,Manual,First Owner,19.14 kmpl,1596 CC,108.48 bhp,196Nm@ 3625rpm,5
Mahindra XUV500,2018,209300.0,132735,Diesel,Trustmark Dealer,Manual,First Owner,18.23 kmpl,1272 CC,81.92 bhp,73Nm@ 3746rpm,5
Maruti Swift,2015,137400.0,120747,Diesel,Individual,Automatic,Second Owner,23.23 kmpl,1127 CC,65.97 bhp,154Nm@ 2700rpm,5
Tata Nexon,2019,170300.0,149006,Petrol,Trustmark Dealer,Manual,Second Owner,21.12 kmpl,895 CC,88.96 bhp,115Nm@ 3546rpm,5
Toyota Innova,2022,406100.0,128220,Petrol,Individual,Manual,First Owner,20.69 kmpl,1539 CC,114.98 bhp,210Nm@ 2732rpm,7
Honda City,2020,248200.0,78981,Diesel,Dealer,Manual,First Owner,24.07 kmpl,945 CC,84.99 bhp,157Nm@ 1821rpm,8
Tata Nexon,2015,172200.0,115179,CNG,Dealer,Manual,First Owner,21.75 kmpl,1025 CC,99.92 bhp,196Nm@ 3478rpm,7
Skoda Octavia,2005,60700.0,145647,CNG,Individual,Manual,Second Owner,19.54 kmpl,1328 CC,96.03 bhp,107Nm@ 2048rpm,7
Mahindra XUV500,2007,75800.0,114053,Diesel,Dealer,Manual,First Owner,21.96 kmpl,995 CC,96.86 bhp,138Nm@ 1812rpm,5
Tata Nexon,2010,84300.0,110818,Petrol,Dealer,Automatic,Third Owner,19.24 kmpl,1108 CC,77.86 bhp,256Nm@ 3108rpm,5
Skoda Octavia,2006,65900.0,152589,Diesel,Individual,Manual,First Owner,21.19 kmpl,1146 CC,116.83 bhp,124Nm@ 1849rpm,4
Honda City,2014,114400.0,128131,Diesel,Individual,Manual,First Owner,16.36 kmpl,924 CC,78.04 bhp,70Nm@ 1887rpm,5
Skoda Octavia,2015,160000.0,100138,Petrol,Individual,Manual,Third Owner,22.95 kmpl,1330 CC,106.62 bhp,107Nm@ 2192rpm,4
Mahindra XUV500,2013,193900.0,38323,Diesel,Dealer,Automatic,Second Owner,14.95 kmpl,1291 CC,102.88 bhp,257Nm@ 3757rpm,7
Ford Ecosport,2022,382300.0,20417,Diesel,Individual,Manual,First Owner,19.34 kmpl,1195 CC,82.65 bhp,168Nm@ 3281rpm,7
Honda City,2012,106800.0,134503,Diesel,Individual,Manual,Second Owner,15.45 kmpl,1321 CC,84.47 bhp,87Nm@ 2690rpm,5
Tata Nexon,2011,123300.0,113972,Petrol,Dealer,Manual,First Owner,17.78 kmpl,1262 CC,85.75 bhp,155Nm@ 2600rpm,7
Skoda Octavia,2018,242600.0,132713,Diesel,Individual,Manual,First Owner,18.01 kmpl,1303 CC,94.55 bhp,97Nm@ 2765rpm,5
Hyundai i20,2005,40800.0,134344,Diesel,Dealer,Manual,Second Owner,18.54 kmpl,916 CC,50.77 bhp,177Nm@ 3820rpm,5
Audi A4,2007,177000.0,135427,Diesel,Individual,Manual,First Owner,10.74 kmpl,2493 CC,300.0 bhp,304Nm@ 3163rpm,4
Maruti Swift,2014,88200.0,108715,Petrol,Individual,Manual,Second Owner,21.1 kmpl,700 CC,65.39 bhp,244Nm@ 3652rpm,5
Tata Nexon,2015,121800.0,51788,CNG,Individual,Manual,Second Owner,12.23 kmpl,753 CC,73.56 bhp,107Nm@ 2505rpm,5
Tata Nexon,2023,304600.0,39078,Diesel,Individual,Manual,Second Owner,16.7 kmpl,1101 CC,73.99 bhp,104Nm@ 3916rpm,5
Tata Nexon,2009,78500.0,99349,Petrol,Individual,Manual,First Owner,16.12 kmpl,862 CC,76.16 bhp,223Nm@ 3646rpm,7
BMW 3 Series,2005,102400.0,170140,Diesel,Individual,Manual,Fourth & Above Owner,12.6 kmpl,2539 CC,252.68 bhp,60Nm@ 3141rpm,5
Hyundai i20,2014,69300.0,81780,Petrol,Individual,Manual,Fourth & Above Owner,18.64 kmpl,821 CC,39.21 bhp,218Nm@ 3800rpm,7
Hyundai i20,2006,54200.0,116752,CNG,Trustmark Dealer,Manual,Second Owner,22.96 kmpl,1016 CC,69.46 bhp,165Nm@ 1777rpm,4
Honda City,2021,362500.0,85064,Petrol,Individual,Manual,First Owner,22.24 kmpl,1611 CC,110.13 bhp,190Nm@ 2138rpm,7
Tata Nexon,2014,132800.0,132068,Diesel,Individual,Manual,First Owner,16.57 kmpl,1071 CC,79.33 bhp,189Nm@ 2290rpm,7
Mahindra XUV500,2006,55000.0,142722,Petrol,Dealer,Manual,Second Owner,22.31 kmpl,993 CC,90.4 bhp,92Nm@ 2240rpm,5
Mahindra XUV500,2022,414400.0,97987,CNG,Dealer,Automatic,Second Owner,19.65 kmpl,1346 CC,124.98 bhp,172Nm@ 3280rpm,7
Honda City,2011,88500.0,138155,Petrol,Individual,Manual,Second Owner,15.17 kmpl,1163 CC,67.73 bhp,190Nm@ 3722rpm,7
Honda City,2015,143700.0,121083,Petrol,Dealer,Manual,First Owner,19.62 kmpl,967 CC,90.32 bhp,190Nm@ 2821rpm,4
Ford Ecosport,2015,109800.0,150642,Diesel,Individual,Manual,Fourth & Above Owner,21.24 kmpl,905 CC,106.9 bhp,251Nm@ 2489rpm,5
Hyundai i20,2009,72600.0,65981,Diesel,Individual,Automatic,Second Owner,18.35 kmpl,700 CC,66.44 bhp,256Nm@ 2883rpm,5
Hyundai i20,2021,210900.0,71681,Petrol,Individual,Manual,First Owner,17.46 kmpl,905 CC,45.88 bhp,150Nm@ 3745rpm,7
BMW 3 Series,2007,209700.0,132257,Petrol,Dealer,Manual,First Owner,17.85 kmpl,2626 CC,283.44 bhp,109Nm@ 2796rpm,5
Toyota Innova,2020,282700.0,107815,Petrol,Dealer,Manual,First Owner,19.67 kmpl,1144 CC,102.0 bhp,197Nm@ 2327rpm,5
Tata Nexon,2008,97200.0,99966,Petrol,Dealer,Manual,First Owner,17.34 kmpl,1544 CC,81.04 bhp,172Nm@ 2399rpm,5
Hyundai i20,2022,221600.0,125157,Diesel,Dealer,Manual,First Owner,15.26 kmpl,1032 CC,62.4 bhp,135Nm@ 3807rpm,4
Audi A4,2019,639200.0,94796,Petrol,Individual,Manual,First Owner,15.76 kmpl,2768 CC,256.9 bhp,146Nm@ 2503rpm,5
Maruti Swift,2020,140500.0,144394,Petrol,Individual,Manual,First Owner,19.93 kmpl,873 CC,46.01 bhp,114Nm@ 2394rpm,7
Toyota Innova,2022,421200.0,84133,Diesel,Individual,Manual,First Owner,19.42 kmpl,1398 CC,130.32 bhp,123Nm@ 3690rpm,7
Toyota Innova,2020,284300.0,141220,Petrol,Dealer,Manual,First Owner,17.93 kmpl,1259 CC,103.94 bhp,148Nm@ 1982rpm,7
Skoda Octavia,2011,139400.0,119123,Petrol,Dealer,Manual,First Owner,16.7 kmpl,1518 CC,111.71 bhp,89Nm@ 1555rpm,7
Tata Nexon,2011,135800.0,10903,Diesel,Dealer,Manual,First Owner,20.54 kmpl,1188 CC,81.73 bhp,234Nm@ 3917rpm,7
Toyota Innova,2013,202700.0,169793,Petrol,Individual,Automatic,First Owner,27.4 kmpl,1605 CC,138.29 bhp,202Nm@ 3523rpm,5
Maruti Swift,2023,241900.0,128500,Diesel,Individual,Manual,First Owner,23.59 kmpl,700 CC,80.48 bhp,88Nm@ 2153rpm,5
BMW 3 Series,2017,454300.0,113551,Petrol,Individual,Manual,First Owner,16.77 kmpl,2539 CC,243.77 bhp,145Nm@ 3707rpm,5
Honda City,2009,93500.0,128436,Diesel,Individual,Manual,First Owner,20.39 kmpl,1074 CC,89.14 bhp,102Nm@ 2854rpm,5
Skoda Octavia,2015,185300.0,162738,Diesel,Trustmark Dealer,Manual,First Owner,19.13 kmpl,1502 CC,111.3 bhp,108Nm@ 1709rpm,8
BMW 3 Series,2014,463000.0,91232,Petrol,Individual,Automatic,First Owner,15.03 kmpl,2917 CC,269.84 bhp,227Nm@ 2063rpm,5
Toyota Innova,2006,54900.0,230409,Petrol,Individual,Manual,Second Owner,20.78 kmpl,1354 CC,99.27 bhp,167Nm@ 3498rpm,5
Tata Nexon,2012,111100.0,140139,Petrol,Individual,Manual,First Owner,18.71 kmpl,1061 CC,81.64 bhp,103Nm@ 1727rpm,8
Mahindra XUV500,2017,212700.0,79827,Petrol,Individual,Automatic,Second Owner,12.67 kmpl,1196 CC,98.67 bhp,66Nm@ 2658rpm,5
Honda City,2020,200100.0,116948,Petrol,Trustmark Dealer,Manual,Second Owner,20.96 kmpl,1334 CC,61.52 bhp,236Nm@ 3020rpm,7
Audi A4,2015,441700.0,104297,Diesel,Dealer,Automatic,First Owner,18.02 kmpl,2617 CC,285.53 bhp,142Nm@ 3303rpm,7
Maruti Swift,2006,43700.0,173607,Petrol,Individual,Manual,First Owner,19.07 kmpl,700 CC,69.29 bhp,130Nm@ 3430rpm,7
BMW 3 Series,2017,605900.0,51888,CNG,Individual,Manual,First Owner,11.84 kmpl,2583 CC,274.45 bhp,85Nm@ 2428rpm,5
Hyundai i20,2012,65700.0,100435,Petrol,Individual,Manual,First Owner,20.8 kmpl,793 CC,39.31 bhp,271Nm@ 2242rpm,5
Audi A4,2019,641900.0,42133,Diesel,Individual,Manual,First Owner,9.98 kmpl,2403 CC,263.43 bhp,82Nm@ 3944rpm,7
Maruti Swift,2012,125100.0,83407,Petrol,Individual,Manual,First Owner,18.76 kmpl,911 CC,85.68 bhp,117Nm@ 3968rpm,5
Audi A4,2019,506500.0,96199,Diesel,Individual,Automatic,Third Owner,14.74 kmpl,2568 CC,269.58 bhp,175Nm@ 3327rpm,7
BMW 3 Series,2019,548400.0,75889,Petrol,Individual,Manual,Second Owner,10.27 kmpl,2572 CC,247.98 bhp,164Nm@ 3996rpm,5
Hyundai i20,2005,30000.0,207979,Petrol,Individual,Manual,Fourth & Above Owner,18.86 kmpl,909 CC,59.8 bhp,90Nm@ 2983rpm,5
Tata Nexon,2018,194300.0,120264,LPG,Individual,Manual,Second Owner,11.23 kmpl,1348 CC,76.44 bhp,160Nm@ 2420rpm,7
Honda City,2013,125200.0,114544,Petrol,Dealer,Manual,First Owner,19.55 kmpl,977 CC,91.52 bhp,129Nm@ 1657rpm,5
Toyota Innova,2020,327100.0,42972,Petrol,Dealer,Manual,Second Owner,17.77 kmpl,1571 CC,101.2 bhp,135Nm@ 2915rpm,7
BMW 3 Series,2005,99400.0,213287,Diesel,Individual,Manual,Third Owner,15.39 kmpl,2599 CC,249.94 bhp,119Nm@ 2451rpm,7
Ford Ecosport,2018,223100.0,43943,Petrol,Individual,Manual,First Owner,21.34 kmpl,1318 CC,59.13 bhp,66Nm@ 3697rpm,5
Audi A4,2010,251000.0,124746,Petrol,Individual,Manual,First Owner,14.99 kmpl,2336 CC,272.24 bhp,99Nm@ 3379rpm,7
Audi A4,2020,708300.0,46813,Diesel,Individual,Automatic,First Owner,11.2 kmpl,2433 CC,249.02 bhp,157Nm@ 2418rpm,7
Ford Ecosport,2013,104800.0,108923,Diesel,Trustmark Dealer,Manual,Second Owner,19.9 kmpl,1149 CC,58.49 bhp,145Nm@ 1611rpm,5
Toyota Innova,2018,359200.0,78348,Petrol,Individual,Manual,First Owner,21.6 kmpl,1700 CC,150.58 bhp,177Nm@ 2603rpm,5
Audi A4,2014,399700.0,62159,Petrol,Trustmark Dealer,Manual,First Owner,14.59 kmpl,2367 CC,250.89 bhp,113Nm@ 2285rpm,7
Audi A4,2016,396800.0,98210,Petrol,Individual,Manual,Second Owner,14.6 kmpl,2883 CC,259.23 bhp,282Nm@ 3758rpm,5
Skoda Octavia,2012,159400.0,97840,Petrol,Individual,Manual,First Owner,22.81 kmpl,1422 CC,109.86 bhp,168Nm@ 3017rpm,5
Hyundai i20,2022,282500.0,70520,CNG,Individual,Automatic,Second Owner,22.45 kmpl,819 CC,82.8 bhp,265Nm@ 2886rpm,7
Hyundai i20,2020,202300.0,103648,Diesel,Trustmark Dealer,Automatic,First Owner,17.65 kmpl,982 CC,51.06 bhp,60Nm@ 2618rpm,4
Hyundai i20,2021,190500.0,77541,CNG,Dealer,Manual,Second Owner,21.83 kmpl,861 CC,52.19 bhp,193Nm@ 3687rpm,7
Audi A4,2022,800100.0,48618,Diesel,Individual,Manual,Second Owner,13.26 kmpl,2528 CC,269.73 bhp,146Nm@ 3217rpm,5
Audi A4,2018,610700.0,55366,Diesel,Individual,Manual,Second Owner,14.95 kmpl,2948 CC,268.46 bhp,122Nm@ 2568rpm,7
Skoda Octavia,2017,283000.0,99453,Petrol,Individual,Manual,First Owner,20.43 kmpl,1167 CC,157.83 bhp,104Nm@ 2210rpm,5
Honda City,2020,172000.0,139045,Petrol,Individual,Manual,Second Owner,20.32 kmpl,908 CC,82.62 bhp,84Nm@ 3268rpm,5
BMW 3 Series,2016,475400.0,41510,Petrol,Individual,Manual,Second Owner,12.25 kmpl,2482 CC,258.58 bhp,277Nm@ 2707rpm,7
BMW 3 Series,2011,178200.0,162568,Petrol,Dealer,Manual,Third Owner,10.23 kmpl,2519 CC,249.79 bhp,152Nm@ 3866rpm,7
Maruti Swift,2011,111700.0,99109,Diesel,Individual,Manual,First Owner,14.87 kmpl,1195 CC,75.87 bhp,136Nm@ 2034rpm,7
Tata Nexon,2007,55600.0,190133,Petrol,Dealer,Manual,First Owner,19.8 kmpl,1027 CC,80.28 bhp,174Nm@ 3074rpm,7
Tata Nexon,2017,219800.0,75454,Petrol,Dealer,Manual,First Owner,19.18 kmpl,972 CC,101.08 bhp,85Nm@ 2906rpm,5
BMW 3 Series,2023,959600.0,44682,Diesel,Individual,Manual,First Owner,15.95 kmpl,2682 CC,231.15 bhp,144Nm@ 3338rpm,7
Mahindra XUV500,2014,158700.0,107629,CNG,Individual,Manual,Second Owner,17.55 kmpl,1245 CC,102.22 bhp,201Nm@ 3447rpm,8
Tata Nexon,2013,100500.0,150201,Petrol,Individual,Manual,Second Owner,22.64 kmpl,1131 CC,79.51 bhp,210Nm@ 2315rpm,5
Tata Nexon,2010,77200.0,127577,Petrol,Dealer,Manual,Second Owner,26.2 kmpl,1118 CC,71.19 bhp,132Nm@ 3412rpm,5
Honda City,2023,348800.0,83106,Diesel,Dealer,Manual,First Owner,19.18 kmpl,1193 CC,90.99 bhp,214Nm@ 2484rpm,7
Toyota Innova,2005,87800.0,132176,Diesel,Individual,Automatic,First Owner,22.27 kmpl,1666 CC,117.02 bhp,164Nm@ 2347rpm,5
Skoda Octavia,2007,102200.0,88782,Petrol,Dealer,Manual,First Owner,23.16 kmpl,1358 CC,126.05 bhp,208Nm@ 1975rpm,5
Audi A4,2005,126300.0,108734,Petrol,Individual,Manual,Third Owner,9.75 kmpl,2726 CC,260.79 bhp,155Nm@ 2126rpm,5
Mahindra XUV500,2015,131800.0,138814,Petrol,Individual,Manual,Third Owner,19.0 kmpl,1029 CC,109.96 bhp,258Nm@ 3168rpm,5
Skoda Octavia,2016,207000.0,102074,Diesel,Individual,Manual,First Owner,23.52 kmpl,1164 CC,103.31 bhp,262Nm@ 2272rpm,7
Tata Nexon,2008,64200.0,113201,Petrol,Individual,Manual,Fourth & Above Owner,16.28 kmpl,1194 CC,83.57 bhp,188Nm@ 3631rpm,7
Mahindra XUV500,2006,82700.0,109167,Petrol,Individual,Manual,First Owner,16.71 kmpl,1185 CC,113.94 bhp,60Nm@ 2543rpm,5
Tata Nexon,2022,355700.0,60551,CNG,Dealer,Manual,First Owner,18.95 kmpl,1019 CC,95.39 bhp,60Nm@ 2930rpm,5
Maruti Swift,2019,188300.0,85005,Petrol,Individual,Manual,First Owner,20.21 kmpl,776 CC,65.9 bhp,60Nm@ 3607rpm,7
Hyundai i20,2021,194000.0,103323,CNG,Dealer,Manual,First Owner,27.14 kmpl,911 CC,45.07 bhp,152Nm@ 1750rpm,5
Toyota Innova,2019,190000.0,113376,Petrol,Individual,Manual,Fourth & Above Owner,18.07 kmpl,1155 CC,122.47 bhp,139Nm@ 2084rpm,7
Honda City,2005,52200.0,164874,Petrol,Individual,Manual,Second Owner,19.12 kmpl,839 CC,108.8 bhp,212Nm@ 2025rpm,7
Tata Nexon,2011,90900.0,173334,Diesel,Individual,Manual,First Owner,19.39 kmpl,1161 CC,73.03 bhp,85Nm@ 2081rpm,7
Audi A4,2017,472500.0,129576,Diesel,Dealer,Manual,First Owner,14.47 kmpl,2578 CC,258.79 bhp,113Nm@ 2520rpm,5
Audi A4,2012,283500.0,108657,Diesel,Individual,Manual,Second Owner,16.09 kmpl,2629 CC,264.59 bhp,158Nm@ 3053rpm,7
Mahindra XUV500,2021,334500.0,36817,Diesel,Individual,Manual,Second Owner,26.57 kmpl,1275 CC,93.76 bhp,151Nm@ 3699rpm,5
Ford Ecosport,2011,94900.0,138233,Petrol,Individual,Manual,First Owner,21.45 kmpl,1138 CC,76.27 bhp,194Nm@ 1691rpm,7
Toyota Innova,2023,492600.0,54829,Diesel,Individual,Manual,First Owner,14.72 kmpl,1434 CC,128.26 bhp,180Nm@ 3440rpm,7
BMW 3 Series,2013,298500.0,110760,Diesel,Trustmark Dealer,Manual,Third Owner,12.25 kmpl,2923 CC,247.67 bhp,60Nm@ 2161rpm,7
Ford Ecosport,2006,46100.0,141764,LPG,Individual,Manual,First Owner,16.49 kmpl,839 CC,63.3 bhp,110Nm@ 1969rpm,7
Skoda Octavia,2021,216200.0,111081,Diesel,Dealer,Manual,Third Owner,16.97 kmpl,1060 CC,101.2 bhp,165Nm@ 2073rpm,8
Ford Ecosport,2014,111900.0,118636,CNG,Individual,Manual,Second Owner,20.31 kmpl,853 CC,74.53 bhp,134Nm@ 2622rpm,5
Honda City,2011,104000.0,144747,Petrol,Individual,Manual,First Owner,16.53 kmpl,1334 CC,83.8 bhp,152Nm@ 3955rpm,5
Maruti Swift,2009,78100.0,90353,Petrol,Dealer,Manual,First Owner,18.74 kmpl,1054 CC,49.76 bhp,134Nm@ 3127rpm,7
Toyota Innova,2021,349500.0,43984,Diesel,Dealer,Manual,Second Owner,20.64 kmpl,1451 CC,82.96 bhp,152Nm@ 3680rpm,7
Ford Ecosport,2009,77000.0,94675,Petrol,Individual,Manual,First Owner,19.11 kmpl,1178 CC,47.95 bhp,207Nm@ 2811rpm,7
BMW 3 Series,2006,150000.0,176340,Diesel,Individual,Manual,First Owner,11.54 kmpl,2763 CC,261.27 bhp,115Nm@ 3051rpm,5
Hyundai i20,2012,95100.0,138584,Diesel,Individual,Automatic,First Owner,21.83 kmpl,881 CC,54.82 bhp,144Nm@ 2120rpm,8
Hyundai i20,2005,31700.0,125357,Petrol,Individual,Manual,Fourth & Above Owner,20.8 kmpl,826 CC,59.05 bhp,84Nm@ 2504rpm,7
Ford Ecosport,2009,93900.0,134806,Diesel,Individual,Automatic,First Owner,19.7 kmpl,1102 CC,92.64 bhp,60Nm@ 3604rpm,5
Maruti Swift,2014,115800.0,90527,Petrol,Individual,Manual,First Owner,18.89 kmpl,1110 CC,48.85 bhp,60Nm@ 3226rpm,4
BMW 3 Series,2010,255900.0,81646,Petrol,Individual,Manual,First Owner,15.56 kmpl,2310 CC,253.72 bhp,99Nm@ 3221rpm,5
Tata Nexon,2013,97500.0,130557,Diesel,Dealer,Manual,Second Owner,21.68 kmpl,1250 CC,61.49 bhp,244Nm@ 3715rpm,7
Hyundai i20,2011,116000.0,74277,Petrol,Dealer,Manual,First Owner,21.36 kmpl,826 CC,99.12 bhp,137Nm@ 3195rpm,5
Toyota Innova,2006,71900.0,144015,Diesel,Dealer,Manual,Third Owner,14.03 kmpl,1626 CC,117.61 bhp,171Nm@ 3031rpm,5
Toyota Innova,2007,94300.0,130196,Diesel,Dealer,Manual,First Owner,17.14 kmpl,1326 CC,123.72 bhp,212Nm@ 3762rpm,5
Mahindra XUV500,2023,332100.0,111641,Petrol,Individual,Automatic,Third Owner,18.94 kmpl,1156 CC,117.67 bhp,253Nm@ 3130rpm,7
Skoda Octavia,2020,249300.0,88409,Diesel,Dealer,Automatic,Fourth & Above Owner,19.49 kmpl,1268 CC,123.38 bhp,60Nm@ 3971rpm,7
Toyota Innova,2023,462300.0,57729,Diesel,Individual,Manual,First Owner,19.52 kmpl,1425 CC,126.9 bhp,223Nm@ 2688rpm,5
Tata Nexon,2012,95400.0,108396,Petrol,Dealer,Automatic,Third Owner,21.79 kmpl,1119 CC,73.68 bhp,199Nm@ 3878rpm,7
Tata Nexon,2020,218900.0,122219,Petrol,Individual,Manual,First Owner,18.33 kmpl,1249 CC,72.72 bhp,86Nm@ 3081rpm,5
Ford Ecosport,2017,165400.0,125464,Diesel,Individual,Manual,Second Owner,15.58 kmpl,919 CC,107.33 bhp,247Nm@ 3372rpm,7
BMW 3 Series,2020,683000.0,72197,Petrol,Individual,Manual,Second Owner,15.14 kmpl,2773 CC,278.79 bhp,172Nm@ 2581rpm,5
Skoda Octavia,2018,283500.0,76048,Diesel,Dealer,Manual,First Owner,21.57 kmpl,1221 CC,115.39 bhp,60Nm@ 3519rpm,4
Ford Ecosport,2020,232200.0,124669,LPG,Dealer,Manual,First Owner,20.02 kmpl,1323 CC,56.63 bhp,130Nm@ 2869rpm,7
Maruti Swift,2008,75700.0,149699,Diesel,Individual,Manual,First Owner,26.59 kmpl,1272 CC,74.77 bhp,137Nm@ 3922rpm,5
Hyundai i20,2011,70600.0,98382,Petrol,Individual,Manual,Second Owner,21.99 kmpl,881 CC,48.52 bhp,217Nm@ 3733rpm,5
Honda City,2006,58100.0,114936,Diesel,Individual,Automatic,Third Owner,16.62 kmpl,1120 CC,67.11 bhp,204Nm@ 3482rpm,5
Maruti Swift,2022,250100.0,109410,Petrol,Individual,Automatic,First Owner,17.46 kmpl,1034 CC,49.82 bhp,197Nm@ 1764rpm,5
Ford Ecosport,2017,192700.0,93347,Diesel,Individual,Manual,First Owner,20.57 kmpl,705 CC,104.71 bhp,149Nm@ 1863rpm,5
BMW 3 Series,2006,140800.0,116665,Diesel,Dealer,Manual,Third Owner,13.17 kmpl,2323 CC,262.26 bhp,222Nm@ 2406rpm,7
Toyota Innova,2019,355000.0,33265,Petrol,Individual,Manual,First Owner,15.51 kmpl,1349 CC,137.35 bhp,113Nm@ 2245rpm,7
Skoda Octavia,2014,156500.0,146307,Diesel,Individual,Manual,First Owner,18.28 kmpl,1202 CC,109.08 bhp,204Nm@ 2975rpm,8
Maruti Swift,2021,204300.0,68840,Petrol,Individual,Manual,First Owner,17.64 kmpl,929 CC,52.29 bhp,60Nm@ 3066rpm,7
Tata Nexon,2009,71900.0,71901,Diesel,Individual,Manual,Second Owner,18.25 kmpl,1031 CC,51.41 bhp,193Nm@ 2441rpm,5
Ford Ecosport,2020,255500.0,104134,Diesel,Individual,Manual,First Owner,21.66 kmpl,986 CC,87.94 bhp,173Nm@ 2626rpm,5
BMW 3 Series,2015,381600.0,81662,Petrol,Individual,Manual,First Owner,13.36 kmpl,2334 CC,245.43 bhp,183Nm@ 1971rpm,5
Audi A4,2019,634300.0,78990,LPG,Dealer,Manual,Second Owner,19.43 kmpl,2497 CC,272.16 bhp,60Nm@ 1849rpm,5
Tata Nexon,2022,314500.0,127348,Petrol,Dealer,Manual,First Owner,23.85 kmpl,1244 CC,111.29 bhp,60Nm@ 1737rpm,7
Audi A4,2012,285500.0,134197,CNG,Individual,Manual,First Owner,11.04 kmpl,2445 CC,251.89 bhp,60Nm@ 1957rpm,5
Maruti Swift,2020,223200.0,102471,Diesel,Individual,Manual,First Owner,18.64 kmpl,1057 CC,73.98 bhp,88Nm@ 2728rpm,5
Honda City,2015,105400.0,148978,Petrol,Individual,Manual,Second Owner,16.06 kmpl,1111 CC,50.44 bhp,109Nm@ 3311rpm,7
Hyundai i20,2006,51500.0,116941,Diesel,Dealer,Automatic,First Owner,21.29 kmpl,886 CC,57.89 bhp,147Nm@ 3199rpm,5
Tata Nexon,2014,93400.0,117327,Petrol,Trustmark Dealer,Manual,Third Owner,21.95 kmpl,898 CC,69.44 bhp,60Nm@ 2039rpm,5
Ford Ecosport,2023,205200.0,138463,Petrol,Trustmark Dealer,Manual,Fourth & Above Owner,18.07 kmpl,1130 CC,74.82 bhp,180Nm@ 2285rpm,5
Tata Nexon,2022,282100.0,58088,Diesel,Individual,Manual,Second Owner,21.09 kmpl,1024 CC,77.73 bhp,152Nm@ 2177rpm,7
Audi A4,2005,98100.0,186257,Diesel,Dealer,Manual,Fourth & Above Owner,10.68 kmpl,2655 CC,251.27 bhp,98Nm@ 2561rpm,5
BMW 3 Series,2010,191700.0,135285,Petrol,Individual,Manual,Second Owner,12.48 kmpl,2500 CC,243.15 bhp,154Nm@ 2613rpm,7
Honda City,2022,281500.0,102117,CNG,Trustmark Dealer,Manual,First Owner,14.67 kmpl,1073 CC,74.77 bhp,141Nm@ 1718rpm,7
Tata Nexon,2016,197800.0,76635,CNG,Individual,Manual,First Owner,18.92 kmpl,1010 CC,92.26 bhp,60Nm@ 1581rpm,4
Toyota Innova,2018,283900.0,111515,Diesel,Individual,Manual,First Owner,21.23 kmpl,1615 CC,103.12 bhp,143Nm@ 2142rpm,5
Hyundai i20,2006,51700.0,92118,Petrol,Individual,Manual,Third Owner,27.99 kmpl,1045 CC,63.44 bhp,124Nm@ 2111rpm,5
Ford Ecosport,2019,204500.0,77676,Petrol,Individual,Manual,First Owner,20.41 kmpl,1125 CC,65.25 bhp,232Nm@ 3494rpm,5
Ford Ecosport,2014,129600.0,94213,Petrol,Individual,Manual,First Owner,18.44 kmpl,1091 CC,70.95 bhp,107Nm@ 3535rpm,5
Skoda Octavia,2014,147100.0,87808,Diesel,Individual,Manual,Third Owner,20.74 kmpl,1460 CC,101.83 bhp,139Nm@ 3503rpm,7
Skoda Octavia,2018,266400.0,97990,Petrol,Dealer,Manual,First Owner,19.41 kmpl,1312 CC,118.97 bhp,213Nm@ 3072rpm,5
Ford Ecosport,2014,149200.0,60411,Diesel,Trustmark Dealer,Manual,First Owner,15.69 kmpl,1150 CC,72.68 bhp,131Nm@ 3681rpm,5
Toyota Innova,2006,68000.0,154186,Diesel,Individual,Manual,First Owner,19.9 kmpl,792 CC,110.36 bhp,114Nm@ 3628rpm,5
Hyundai i20,2014,121900.0,64902,Petrol,Trustmark Dealer,Automatic,First Owner,17.03 kmpl,740 CC,62.49 bhp,112Nm@ 2255rpm,8
Mahindra XUV500,2009,80900.0,147414,Diesel,Individual,Automatic,First Owner,21.68 kmpl,1109 CC,73.52 bhp,170Nm@ 3551rpm,7
Skoda Octavia,2020,302600.0,63546,CNG,Dealer,Manual,First Owner,18.78 kmpl,1459 CC,100.78 bhp,145Nm@ 3159rpm,5
Ford Ecosport,2017,173400.0,143737,Petrol,Dealer,Manual,First Owner,11.89 kmpl,1023 CC,88.25 bhp,84Nm@ 2282rpm,5
Maruti Swift,2015,100200.0,155048,Petrol,Dealer,Manual,First Owner,23.26 kmpl,700 CC,71.51 bhp,60Nm@ 3191rpm,5
Ford Ecosport,2022,237700.0,114665,CNG,Individual,Manual,First Owner,14.12 kmpl,1223 CC,56.42 bhp,103Nm@ 1931rpm,7
Skoda Octavia,2010,104600.0,106376,Petrol,Individual,Manual,Third Owner,14.69 kmpl,1664 CC,105.73 bhp,112Nm@ 3865rpm,7
Tata Nexon,2017,152400.0,106675,Diesel,Individual,Automatic,Second Owner,16.09 kmpl,1055 CC,64.09 bhp,174Nm@ 3299rpm,5
Skoda Octavia,2014,150100.0,87536,Diesel,Individual,Automatic,Second Owner,22.99 kmpl,1212 CC,86.02 bhp,128Nm@ 3016rpm,7
Ford Ecosport,2007,76000.0,143886,Diesel,Individual,Automatic,First Owner,19.23 kmpl,1001 CC,84.52 bhp,85Nm@ 3213rpm,5
Maruti Swift,2022,262300.0,50001,Petrol,Dealer,Automatic,First Owner,16.74 kmpl,700 CC,62.51 bhp,74Nm@ 2778rpm,5
Honda City,2011,93700.0,114436,Petrol,Individual,Manual,Third Owner,20.95 kmpl,1190 CC,87.5 bhp,161Nm@ 3475rpm,5
BMW 3 Series,2012,264000.0,160214,Petrol,Individual,Automatic,Second Owner,13.71 kmpl,2651 CC,251.63 bhp,221Nm@ 3661rpm,5
Audi A4,2013,394800.0,118657,Petrol,Individual,Automatic,First Owner,14.33 kmpl,2437 CC,281.96 bhp,198Nm@ 2923rpm,7
Audi A4,2019,466300.0,128747,Diesel,Individual,Manual,First Owner,13.01 kmpl,2608 CC,242.29 bhp,109Nm@ 2748rpm,5
Audi A4,2008,182100.0,174967,Petrol,Individual,Manual,First Owner,11.43 kmpl,3000 CC,235.96 bhp,60Nm@ 1665rpm,5
Audi A4,2015,489100.0,92310,Petrol,Individual,Automatic,First Owner,10.17 kmpl,2838 CC,260.46 bhp,82Nm@ 3383rpm,7
Skoda Octavia,2010,143500.0,52040,Petrol,Individual,Manual,First Owner,20.48 kmpl,1333 CC,101.41 bhp,152Nm@ 1934rpm,7
BMW 3 Series,2008,136600.0,125864,Diesel,Individual,Manual,Third Owner,13.8 kmpl,2765 CC,237.65 bhp,180Nm@ 2430rpm,7
Hyundai i20,2013,131300.0,56700,Petrol,Individual,Automatic,First Owner,16.32 kmpl,935 CC,72.25 bhp,181Nm@ 1551rpm,7
Mahindra XUV500,2016,174600.0,131745,Diesel,Dealer,Manual,First Owner,17.65 kmpl,1014 CC,95.44 bhp,181Nm@ 2210rpm,7
BMW 3 Series,2013,304200.0,149411,Diesel,Individual,Manual,First Owner,13.2 kmpl,2509 CC,267.11 bhp,149Nm@ 2918rpm,5
Tata Nexon,2011,125600.0,105000,Diesel,Dealer,Manual,First Owner,17.9 kmpl,1261 CC,96.25 bhp,99Nm@ 3846rpm,5
Skoda Octavia,2019,251700.0,108270,Diesel,Individual,Manual,First Owner,22.01 kmpl,1480 CC,90.9 bhp,146Nm@ 2877rpm,5
Hyundai i20,2005,63000.0,179169,Petrol,Dealer,Automatic,First Owner,20.66 kmpl,1236 CC,85.06 bhp,201Nm@ 3538rpm,7
Toyota Innova,2017,261500.0,93540,Petrol,Trustmark Dealer,Manual,Second Owner,16.62 kmpl,1538 CC,128.33 bhp,194Nm@ 1942rpm,7
Honda City,2010,96100.0,110416,Petrol,Individual,Manual,Second Owner,20.85 kmpl,977 CC,95.81 bhp,118Nm@ 1854rpm,5
Honda City,2008,66300.0,135749,Petrol,Individual,Manual,Third Owner,21.73 kmpl,1308 CC,60.68 bhp,196Nm@ 3378rpm,7
Hyundai i20,2014,105700.0,64700,Petrol,Dealer,Manual,First Owner,19.57 kmpl,700 CC,52.09 bhp,60Nm@ 3095rpm,7
Mahindra XUV500,2012,143700.0,122869,Petrol,Dealer,Manual,First Owner,21.47 kmpl,1141 CC,115.07 bhp,165Nm@ 2541rpm,5
Hyundai i20,2009,69400.0,93746,Petrol,Individual,Manual,First Owner,13.72 kmpl,1074 CC,43.31 bhp,60Nm@ 3586rpm,7
Tata Nexon,2020,186700.0,117580,Petrol,Trustmark Dealer,Manual,First Owner,22.7 kmpl,853 CC,57.26 bhp,213Nm@ 2947rpm,4
Skoda Octavia,2021,342900.0,50449,Diesel,Trustmark Dealer,Manual,First Owner,20.23 kmpl,1193 CC,106.82 bhp,149Nm@ 2802rpm,7
Honda City,2018,147900.0,157278,Diesel,Trustmark Dealer,Manual,Second Owner,16.93 kmpl,792 CC,92.93 bhp,84Nm@ 2758rpm,5
Tata Nexon,2006,89200.0,63541,Diesel,Individual,Manual,Second Owner,15.15 kmpl,1545 CC,90.35 bhp,187Nm@ 3988rpm,5
BMW 3 Series,2021,846500.0,86893,Diesel,Trustmark Dealer,Automatic,First Owner,13.83 kmpl,2685 CC,274.86 bhp,200Nm@ 3122rpm,7
Mahindra XUV500,2016,134700.0,96076,Petrol,Individual,Automatic,Third Owner,15.05 kmpl,911 CC,83.91 bhp,129Nm@ 3425rpm,7
Audi A4,2007,220600.0,92666,Diesel,Individual,Automatic,First Owner,11.29 kmpl,2516 CC,271.63 bhp,184Nm@ 1714rpm,5
Honda City,2010,83000.0,183197,Diesel,Individual,Manual,First Owner,26.49 kmpl,1298 CC,75.02 bhp,60Nm@ 3816rpm,5
Maruti Swift,2021,203100.0,68025,Petrol,Dealer,Manual,First Owner,18.73 kmpl,700 CC,73.2 bhp,138Nm@ 2312rpm,7
Skoda Octavia,2021,408900.0,62885,CNG,Dealer,Manual,Second Owner,17.63 kmpl,1413 CC,143.38 bhp,111Nm@ 2533rpm,4
Mahindra XUV500,2022,323800.0,50734,Petrol,Individual,Automatic,Second Owner,17.53 kmpl,910 CC,98.51 bhp,170Nm@ 2170rpm,5
Mahindra XUV500,2022,256800.0,95057,Petrol,Individual,Manual,Third Owner,19.34 kmpl,1219 CC,80.24 bhp,207Nm@ 2040rpm,7
Toyota Innova,2013,162500.0,107650,Petrol,Individual,Manual,First Owner,17.05 kmpl,1415 CC,112.88 bhp,225Nm@ 2583rpm,7
Toyota Innova,2005,76000.0,136609,Diesel,Individual,Manual,First Owner,22.19 kmpl,1222 CC,118.6 bhp,105Nm@ 3149rpm,5
Maruti Swift,2007,51600.0,84539,Diesel,Individual,Manual,First Owner,16.68 kmpl,700 CC,44.92 bhp,303Nm@ 2701rpm,7
BMW 3 Series,2008,203200.0,177231,Petrol,Individual,Automatic,First Owner,11.04 kmpl,2536 CC,279.11 bhp,216Nm@ 2990rpm,5
Honda City,2008,54200.0,137155,Petrol,Dealer,Manual,Third Owner,18.31 kmpl,1092 CC,60.47 bhp,195Nm@ 2306rpm,8
Maruti Swift,2009,59500.0,117383,Petrol,Dealer,Manual,First Owner,16.92 kmpl,828 CC,45.15 bhp,117Nm@ 3269rpm,7
Toyota Innova,2022,378200.0,68960,Petrol,Individual,Manual,Second Owner,21.12 kmpl,1222 CC,132.54 bhp,208Nm@ 3503rpm,7
Maruti Swift,2010,64900.0,120868,Diesel,Individual,Manual,First Owner,19.64 kmpl,928 CC,45.9 bhp,81Nm@ 3445rpm,7
Honda City,2015,128500.0,133130,Petrol,Individual,Manual,Second Owner,19.22 kmpl,1062 CC,69.04 bhp,98Nm@ 2534rpm,5
Honda City,2013,177200.0,43560,Diesel,Individual,Manual,First Owner,18.01 kmpl,1435 CC,84.65 bhp,216Nm@ 3928rpm,7
Tata Nexon,2006,64300.0,140602,Diesel,Individual,Manual,First Owner,19.29 kmpl,935 CC,86.7 bhp,126Nm@ 2682rpm,7
Maruti Swift,2010,54600.0,71794,LPG,Dealer,Manual,Fourth & Above Owner,18.17 kmpl,892 CC,55.45 bhp,202Nm@ 3581rpm,5
Maruti Swift,2014,106000.0,44517,Petrol,Individual,Automatic,Third Owner,16.23 kmpl,700 CC,69.93 bhp,132Nm@ 3797rpm,4
Skoda Octavia,2014,201200.0,76408,Petrol,Dealer,Manual,First Owner,15.17 kmpl,1234 CC,109.36 bhp,155Nm@ 2451rpm,7
Toyota Innova,2022,322100.0,119402,Petrol,Trustmark Dealer,Manual,Second Owner,16.76 kmpl,1470 CC,103.39 bhp,114Nm@ 3365rpm,7
Skoda Octavia,2007,86500.0,122167,Petrol,Individual,Manual,First Owner,20.35 kmpl,1226 CC,96.63 bhp,137Nm@ 2871rpm,5
Skoda Octavia,2008,87700.0,118519,Petrol,Individual,Manual,First Owner,18.79 kmpl,1162 CC,98.77 bhp,136Nm@ 2010rpm,5
Mahindra XUV500,2015,161400.0,143938,Petrol,Individual,Manual,First Owner,19.23 kmpl,1452 CC,83.71 bhp,202Nm@ 2820rpm,5
Ford Ecosport,2023,242900.0,131021,Petrol,Individual,Manual,Fourth & Above Owner,20.25 kmpl,1204 CC,94.97 bhp,183Nm@ 2659rpm,5
BMW 3 Series,2013,343200.0,123135,Petrol,Individual,Manual,Second Owner,13.32 kmpl,3000 CC,277.99 bhp,112Nm@ 1993rpm,5
Ford Ecosport,2007,52500.0,112618,Diesel,Trustmark Dealer,Manual,First Owner,21.65 kmpl,700 CC,74.9 bhp,175Nm@ 2029rpm,7
Mahindra XUV500,2013,131600.0,112769,Diesel,Individual,Manual,First Owner,14.78 kmpl,1125 CC,76.93 bhp,161Nm@ 2898rpm,5
BMW 3 Series,2017,475000.0,128833,Petrol,Individual,Manual,First Owner,19.89 kmpl,2742 CC,274.24 bhp,171Nm@ 2883rpm,7
Skoda Octavia,2012,130800.0,78535,Petrol,Individual,Manual,Second Owner,19.87 kmpl,1313 CC,92.64 bhp,158Nm@ 1739rpm,7
Audi A4,2005,135800.0,147600,Diesel,Individual,Manual,Second Owner,11.09 kmpl,2489 CC,264.34 bhp,157Nm@ 1878rpm,7
Hyundai i20,2019,99500.0,161449,Petrol,Individual,Manual,Second Owner,17.03 kmpl,700 CC,35.0 bhp,149Nm@ 3220rpm,5
Honda City,2007,74400.0,76986,Diesel,Individual,Manual,Second Owner,19.65 kmpl,1259 CC,77.89 bhp,175Nm@ 3444rpm,4
Hyundai i20,2012,99000.0,140075,Diesel,Dealer,Manual,Second Owner,23.2 kmpl,1117 CC,79.17 bhp,240Nm@ 1758rpm,5
Maruti Swift,2018,241500.0,52750,Diesel,Dealer,Manual,First Owner,22.8 kmpl,1379 CC,87.0 bhp,107Nm@ 3493rpm,5
Audi A4,2009,279400.0,94138,Diesel,Dealer,Automatic,First Owner,8.21 kmpl,2884 CC,262.12 bhp,217Nm@ 3897rpm,5
Honda City,2019,346500.0,32045,Petrol,Individual,Manual,First Owner,18.65 kmpl,1213 CC,116.32 bhp,189Nm@ 2390rpm,8
Mahindra XUV500,2009,82400.0,168509,Diesel,Individual,Manual,First Owner,17.1 kmpl,1237 CC,97.51 bhp,212Nm@ 3465rpm,7
BMW 3 Series,2009,179800.0,154282,CNG,Individual,Manual,Third Owner,15.9 kmpl,2824 CC,270.65 bhp,114Nm@ 3207rpm,7
Honda City,2016,109200.0,116906,Petrol,Dealer,Manual,Fourth & Above Owner,16.8 kmpl,1037 CC,83.07 bhp,158Nm@ 1735rpm,5
Skoda Octavia,2016,170500.0,117066,CNG,Individual,Manual,First Owner,15.83 kmpl,1112 CC,95.68 bhp,97Nm@ 3391rpm,7
BMW 3 Series,2012,281200.0,122116,Diesel,Individual,Manual,First Owner,13.92 kmpl,2614 CC,237.85 bhp,142Nm@ 1913rpm,7
BMW 3 Series,2012,309100.0,161219,Petrol,Individual,Manual,First Owner,10.68 kmpl,3000 CC,285.59 bhp,173Nm@ 3509rpm,5
Hyundai i20,2013,103900.0,173074,Diesel,Dealer,Automatic,First Owner,19.71 kmpl,835 CC,79.53 bhp,102Nm@ 1524rpm,5
Toyota Innova,2012,135300.0,134940,Petrol,Individual,Automatic,First Owner,12.99 kmpl,1670 CC,63.25 bhp,271Nm@ 3924rpm,5
Tata Nexon,2006,67300.0,132281,Petrol,Individual,Manual,First Owner,16.37 kmpl,1075 CC,92.23 bhp,212Nm@ 3308rpm,8
Mahindra XUV500,2018,274600.0,109286,Diesel,Dealer,Manual,First Owner,15.5 kmpl,1207 CC,137.28 bhp,122Nm@ 2595rpm,5
BMW 3 Series,2011,252700.0,164540,Petrol,Dealer,Manual,First Owner,15.2 kmpl,2481 CC,241.62 bhp,198Nm@ 2318rpm,5
Ford Ecosport,2019,195300.0,80210,Diesel,Dealer,Manual,First Owner,19.42 kmpl,857 CC,69.13 bhp,127Nm@ 3101rpm,4
Tata Nexon,2021,249500.0,65227,Petrol,Dealer,Manual,First Owner,19.45 kmpl,1195 CC,57.62 bhp,206Nm@ 2453rpm,5
Maruti Swift,2008,64000.0,193723,Petrol,Individual,Manual,First Owner,15.32 kmpl,1284 CC,73.69 bhp,76Nm@ 1700rpm,5
BMW 3 Series,2011,265200.0,120489,Petrol,Individual,Manual,First Owner,13.78 kmpl,2742 CC,258.69 bhp,245Nm@ 2822rpm,5
Toyota Innova,2007,94500.0,68656,Petrol,Dealer,Manual,Second Owner,17.24 kmpl,1520 CC,92.66 bhp,251Nm@ 1509rpm,5
Mahindra XUV500,2011,98700.0,127442,Petrol,Dealer,Manual,Second Owner,18.7 kmpl,1432 CC,74.81 bhp,123Nm@ 1989rpm,5
Tata Nexon,2021,346600.0,4089,Diesel,Individual,Manual,First Owner,15.0 kmpl,811 CC,104.56 bhp,75Nm@ 3676rpm,7
Hyundai i20,2019,130700.0,66966,Diesel,Dealer,Manual,Fourth & Above Owner,18.33 kmpl,899 CC,54.9 bhp,83Nm@ 3825rpm,5
Ford Ecosport,2005,45000.0,114241,Diesel,Dealer,Manual,Second Owner,19.84 kmpl,1144 CC,68.48 bhp,157Nm@ 3599rpm,4
Tata Nexon,2005,57000.0,178549,Diesel,Individual,Automatic,First Owner,15.73 kmpl,1134 CC,78.24 bhp,90Nm@ 1542rpm,5
BMW 3 Series,2012,229100.0,145649,Diesel,Dealer,Manual,Third Owner,14.46 kmpl,2816 CC,266.86 bhp,87Nm@ 3571rpm,5
Mahindra XUV500,2018,199900.0,97608,Petrol,Dealer,Manual,First Owner,18.6 kmpl,1036 CC,71.33 bhp,60Nm@ 3890rpm,5
Maruti Swift,2020,237400.0,47276,Diesel,Trustmark Dealer,Manual,First Owner,18.85 kmpl,959 CC,61.66 bhp,112Nm@ 3479rpm,5
Audi A4,2012,307600.0,84802,Petrol,Dealer,Manual,Second Owner,12.69 kmpl,2514 CC,262.93 bhp,150Nm@ 2791rpm,5
Audi A4,2017,576200.0,50302,Petrol,Individual,Automatic,Second Owner,11.83 kmpl,3000 CC,245.59 bhp,159Nm@ 3524rpm,7
Hyundai i20,2022,225800.0,82335,Diesel,Dealer,Manual,First Owner,20.66 kmpl,700 CC,66.61 bhp,105Nm@ 2069rpm,7
Honda City,2018,202300.0,80910,Petrol,Dealer,Manual,First Owner,12.06 kmpl,842 CC,86.99 bhp,228Nm@ 2508rpm,7
Toyota Innova,2014,209400.0,131546,Diesel,Individual,Automatic,First Owner,18.21 kmpl,1187 CC,133.04 bhp,72Nm@ 1890rpm,5
Ford Ecosport,2005,47400.0,173981,Petrol,Individual,Automatic,Second Owner,19.18 kmpl,700 CC,92.28 bhp,134Nm@ 2298rpm,7
Mahindra XUV500,2006,48300.0,185832,Petrol,Dealer,Manual,Second Owner,17.52 kmpl,1187 CC,64.59 bhp,87Nm@ 1893rpm,5
Skoda Octavia,2008,86600.0,99730,Diesel,Trustmark Dealer,Automatic,Second Owner,19.06 kmpl,1116 CC,107.9 bhp,145Nm@ 3146rpm,5
Toyota Innova,2008,92200.0,209438,Diesel,Dealer,Automatic,First Owner,16.22 kmpl,1258 CC,133.44 bhp,196Nm@ 2348rpm,7
BMW 3 Series,2020,791600.0,79063,Petrol,Individual,Automatic,First Owner,8.0 kmpl,2891 CC,279.66 bhp,134Nm@ 3359rpm,7
Audi A4,2017,417100.0,82547,Petrol,Dealer,Manual,Third Owner,11.88 kmpl,2860 CC,244.06 bhp,123Nm@ 1694rpm,7
Honda City,2010,86500.0,171439,Diesel,Dealer,Automatic,First Owner,19.67 kmpl,1001 CC,81.34 bhp,61Nm@ 2957rpm,5
Toyota Innova,2011,141300.0,64733,Diesel,Trustmark Dealer,Manual,Second Owner,13.88 kmpl,1485 CC,112.01 bhp,221Nm@ 1721rpm,7
Ford Ecosport,2016,126400.0,61213,Diesel,Individual,Manual,Second Owner,15.49 kmpl,700 CC,72.62 bhp,151Nm@ 1534rpm,5
Audi A4,2008,210300.0,109087,Diesel,Dealer,Manual,Second Owner,12.69 kmpl,2883 CC,279.64 bhp,107Nm@ 3963rpm,5
Audi A4,2014,343300.0,112567,Diesel,Individual,Manual,Second Owner,13.14 kmpl,2889 CC,244.4 bhp,298Nm@ 2931rpm,7
BMW 3 Series,2012,297300.0,116718,Diesel,Individual,Manual,First Owner,14.07 kmpl,2536 CC,257.75 bhp,154Nm@ 2332rpm,5
Audi A4,2015,450800.0,69979,Diesel,Individual,Manual,First Owner,14.71 kmpl,2889 CC,244.2 bhp,191Nm@ 3975rpm,5
Audi A4,2008,192500.0,158621,Diesel,Individual,Manual,First Owner,13.28 kmpl,2479 CC,266.29 bhp,203Nm@ 3474rpm,7
Tata Nexon,2022,280500.0,58224,Petrol,Individual,Manual,Second Owner,18.49 kmpl,1126 CC,72.45 bhp,92Nm@ 3013rpm,7
Hyundai i20,2019,164000.0,138882,Petrol,Individual,Manual,First Owner,21.81 kmpl,815 CC,59.37 bhp,128Nm@ 3828rpm,7
Mahindra XUV500,2014,120700.0,133883,Diesel,Individual,Manual,Second Owner,14.74 kmpl,1137 CC,83.36 bhp,164Nm@ 1576rpm,7
Maruti Swift,2017,126900.0,130796,Diesel,Individual,Manual,Second Owner,24.17 kmpl,885 CC,60.38 bhp,146Nm@ 2271rpm,5
Skoda Octavia,2008,96800.0,98752,Diesel,Individual,Manual,First Owner,15.39 kmpl,1385 CC,89.45 bhp,159Nm@ 2113rpm,5
Maruti Swift,2006,56200.0,148608,Petrol,Individual,Manual,Second Owner,20.47 kmpl,1011 CC,80.49 bhp,179Nm@ 1668rpm,5
BMW 3 Series,2012,321400.0,116549,Petrol,Dealer,Manual,Second Owner,17.01 kmpl,3000 CC,257.51 bhp,227Nm@ 3047rpm,4
Tata Nexon,2015,131900.0,109443,Diesel,Dealer,Manual,First Owner,16.93 kmpl,1143 CC,62.39 bhp,184Nm@ 2674rpm,5
Ford Ecosport,2014,129000.0,114794,LPG,Individual,Manual,Third Owner,16.66 kmpl,1065 CC,116.54 bhp,196Nm@ 2395rpm,5
Tata Nexon,2008,76300.0,125968,LPG,Dealer,Manual,First Owner,18.81 kmpl,1137 CC,86.96 bhp,262Nm@ 1805rpm,7
Audi A4,2017,600500.0,62096,Diesel,Trustmark Dealer,Automatic,First Owner,13.83 kmpl,2823 CC,277.13 bhp,87Nm@ 2083rpm,5
Skoda Octavia,2017,262600.0,117407,Petrol,Individual,Manual,First Owner,22.19 kmpl,1324 CC,131.24 bhp,219Nm@ 2415rpm,5
Skoda Octavia,2012,117400.0,96002,Petrol,Individual,Manual,Second Owner,23.39 kmpl,1190 CC,92.38 bhp,123Nm@ 2639rpm,7
Hyundai i20,2015,99300.0,49538,Petrol,Individual,Manual,Fourth & Above Owner,23.32 kmpl,946 CC,51.89 bhp,215Nm@ 1528rpm,8
Ford Ecosport,2014,153000.0,81335,Diesel,Individual,Manual,Third Owner,18.01 kmpl,1245 CC,100.65 bhp,139Nm@ 1812rpm,7
Audi A4,2007,168400.0,120909,Diesel,Individual,Manual,Second Owner,10.79 kmpl,2921 CC,256.58 bhp,106Nm@ 2253rpm,7
BMW 3 Series,2009,227600.0,108258,Diesel,Dealer,Manual,Second Owner,12.31 kmpl,2823 CC,260.66 bhp,143Nm@ 2963rpm,7
Toyota Innova,2020,384900.0,92617,CNG,Individual,Automatic,First Owner,20.63 kmpl,1188 CC,123.49 bhp,92Nm@ 3567rpm,7
Skoda Octavia,2009,132300.0,40612,Petrol,Trustmark Dealer,Manual,First Owner,15.12 kmpl,1427 CC,109.93 bhp,133Nm@ 2567rpm,5
Hyundai i20,2007,65900.0,144355,Petrol,Individual,Manual,First Owner,21.57 kmpl,942 CC,79.32 bhp,109Nm@ 1574rpm,7
Audi A4,2010,286500.0,88101,Petrol,Individual,Manual,First Owner,11.24 kmpl,2593 CC,268.88 bhp,119Nm@ 3969rpm,5
Tata Nexon,2009,79600.0,174269,Petrol,Dealer,Manual,First Owner,16.84 kmpl,1099 CC,103.72 bhp,69Nm@ 3259rpm,5
Maruti Swift,2017,181500.0,112784,Petrol,Individual,Automatic,First Owner,22.02 kmpl,1120 CC,66.42 bhp,206Nm@ 1609rpm,5
Hyundai i20,2005,49700.0,150229,Diesel,Individual,Manual,First Owner,18.63 kmpl,1099 CC,75.53 bhp,136Nm@ 3863rpm,7
Toyota Innova,2005,83200.0,155252,Diesel,Individual,Automatic,First Owner,22.05 kmpl,1509 CC,113.45 bhp,108Nm@ 3986rpm,5
Hyundai i20,2016,141100.0,66947,CNG,Trustmark Dealer,Manual,Second Owner,23.62 kmpl,834 CC,67.12 bhp,60Nm@ 3567rpm,7
Maruti Swift,2007,41100.0,210962,Petrol,Dealer,Manual,Second Owner,20.51 kmpl,1063 CC,41.54 bhp,62Nm@ 2607rpm,5
Toyota Innova,2014,159900.0,121903,Petrol,Individual,Manual,First Owner,17.63 kmpl,1222 CC,106.59 bhp,145Nm@ 1975rpm,5
Honda City,2017,224400.0,59577,Diesel,Dealer,Manual,First Owner,19.56 kmpl,1480 CC,86.11 bhp,149Nm@ 3647rpm,4
Ford Ecosport,2012,140700.0,77290,Petrol,Trustmark Dealer,Automatic,First Owner,23.84 kmpl,1276 CC,81.56 bhp,60Nm@ 3726rpm,5
Hyundai i20,2009,55500.0,168027,Petrol,Dealer,Manual,First Owner,18.77 kmpl,970 CC,38.09 bhp,165Nm@ 3367rpm,5
Maruti Swift,2014,119200.0,115522,Petrol,Individual,Manual,First Owner,26.08 kmpl,1043 CC,58.66 bhp,170Nm@ 1520rpm,7
Honda City,2010,84100.0,139726,Petrol,Individual,Manual,First Owner,23.04 kmpl,700 CC,104.27 bhp,128Nm@ 2932rpm,5
Hyundai i20,2013,87300.0,134922,CNG,Trustmark Dealer,Manual,First Owner,28.81 kmpl,742 CC,64.2 bhp,106Nm@ 3865rpm,5
Tata Nexon,2007,71700.0,115444,Diesel,Individual,Manual,Third Owner,18.92 kmpl,1213 CC,104.98 bhp,157Nm@ 1863rpm,7
Ford Ecosport,2011,95900.0,141079,Diesel,Individual,Manual,First Owner,23.3 kmpl,1234 CC,75.71 bhp,226Nm@ 3821rpm,7
Maruti Swift,2005,58200.0,128882,Petrol,Individual,Manual,First Owner,21.19 kmpl,1193 CC,75.95 bhp,199Nm@ 2248rpm,7
Skoda Octavia,2015,187000.0,173088,Diesel,Individual,Manual,First Owner,19.55 kmpl,1769 CC,103.46 bhp,189Nm@ 2411rpm,7
Maruti Swift,2014,131200.0,76039,CNG,Dealer,Manual,Second Owner,23.18 kmpl,793 CC,85.34 bhp,214Nm@ 1663rpm,7
Skoda Octavia,2010,112600.0,115117,Petrol,Dealer,Manual,First Owner,17.0 kmpl,1236 CC,95.43 bhp,113Nm@ 2491rpm,5
Skoda Octavia,2023,389600.0,69341,Diesel,Individual,Manual,Second Owner,20.83 kmpl,1604 CC,90.8 bhp,158Nm@ 3333rpm,5
Tata Nexon,2020,234700.0,94096,Diesel,Dealer,Manual,Second Owner,18.89 kmpl,1154 CC,81.32 bhp,270Nm@ 2501rpm,5
Tata Nexon,2006,65800.0,101525,Diesel,Individual,Manual,First Owner,15.47 kmpl,1002 CC,83.03 bhp,165Nm@ 1739rpm,7
Mahindra XUV500,2022,457500.0,30961,Petrol,Individual,Automatic,First Owner,14.51 kmpl,1524 CC,90.55 bhp,129Nm@ 2630rpm,5
Mahindra XUV500,2016,186600.0,88282,Petrol,Individual,Manual,Second Owner,24.45 kmpl,1329 CC,83.32 bhp,244Nm@ 3001rpm,5
Tata Nexon,2016,164800.0,68323,Petrol,Dealer,Manual,Second Owner,18.11 kmpl,1162 CC,88.35 bhp,88Nm@ 3193rpm,5
Hyundai i20,2016,130500.0,97408,Diesel,Individual,Manual,First Owner,22.6 kmpl,970 CC,53.56 bhp,207Nm@ 3049rpm,5
Hyundai i20,2023,173600.0,80387,Diesel,Dealer,Manual,Second Owner,21.71 kmpl,700 CC,35.0 bhp,106Nm@ 2157rpm,7
Maruti Swift,2007,38900.0,144824,Diesel,Individual,Manual,Fourth & Above Owner,16.85 kmpl,1106 CC,40.61 bhp,141Nm@ 3347rpm,5
Audi A4,2005,124900.0,206731,Petrol,Individual,Manual,First Owner,13.47 kmpl,2704 CC,259.71 bhp,60Nm@ 1690rpm,5
Hyundai i20,2012,92500.0,95331,Petrol,Dealer,Manual,First Owner,18.73 kmpl,700 CC,70.96 bhp,158Nm@ 2997rpm,5
Skoda Octavia,2017,190000.0,170835,Diesel,Individual,Manual,First Owner,21.81 kmpl,1484 CC,92.15 bhp,226Nm@ 3645rpm,5
Mahindra XUV500,2017,250600.0,53556,Diesel,Dealer,Manual,First Owner,23.53 kmpl,1397 CC,79.8 bhp,203Nm@ 3116rpm,7
Mahindra XUV500,2021,240400.0,91004,Petrol,Individual,Manual,First Owner,16.3 kmpl,779 CC,93.1 bhp,60Nm@ 2226rpm,7
BMW 3 Series,2018,437600.0,115150,Petrol,Dealer,Manual,Third Owner,9.2 kmpl,2450 CC,268.81 bhp,190Nm@ 3283rpm,5
BMW 3 Series,2006,189600.0,118430,Petrol,Dealer,Manual,First Owner,16.91 kmpl,2625 CC,252.05 bhp,234Nm@ 2261rpm,5
Maruti Swift,2023,288700.0,67826,Diesel,Dealer,Manual,First Owner,21.11 kmpl,892 CC,71.88 bhp,70Nm@ 1665rpm,7
Honda City,2013,85600.0,166996,Petrol,Dealer,Manual,Fourth & Above Owner,19.39 kmpl,1006 CC,100.93 bhp,162Nm@ 3131rpm,5
Maruti Swift,2022,194000.0,95607,Diesel,Trustmark Dealer,Manual,Fourth & Above Owner,16.72 kmpl,1142 CC,66.57 bhp,318Nm@ 3352rpm,5
Ford Ecosport,2021,343800.0,81187,Petrol,Dealer,Manual,First Owner,23.15 kmpl,1335 CC,102.92 bhp,145Nm@ 1756rpm,5
BMW 3 Series,2006,152800.0,118875,Diesel,Individual,Manual,Second Owner,11.64 kmpl,2956 CC,250.41 bhp,140Nm@ 2683rpm,5
Maruti Swift,2013,74500.0,177986,Diesel,Dealer,Automatic,Second Owner,17.18 kmpl,1100 CC,39.48 bhp,146Nm@ 2834rpm,7
Skoda Octavia,2023,440400.0,76455,Diesel,Dealer,Manual,First Owner,17.1 kmpl,1316 CC,118.81 bhp,91Nm@ 2881rpm,7
Audi A4,2009,249900.0,99743,Petrol,Individual,Manual,First Owner,14.11 kmpl,2475 CC,247.09 bhp,128Nm@ 3341rpm,5
Hyundai i20,2022,233600.0,123811,LPG,Individual,Manual,First Owner,15.14 kmpl,982 CC,71.54 bhp,185Nm@ 3113rpm,7
Tata Nexon,2013,125100.0,130095,Diesel,Trustmark Dealer,Manual,First Owner,15.86 kmpl,1282 CC,73.91 bhp,127Nm@ 1957rpm,5
Mahindra XUV500,2012,110200.0,137324,Petrol,Dealer,Manual,First Owner,16.12 kmpl,1201 CC,77.85 bhp,222Nm@ 1863rpm,7
Mahindra XUV500,2011,111500.0,123709,Petrol,Dealer,Manual,First Owner,18.75 kmpl,700 CC,125.6 bhp,211Nm@ 2668rpm,8
Mahindra XUV500,2005,75100.0,130940,Petrol,Dealer,Manual,First Owner,13.05 kmpl,1266 CC,117.92 bhp,100Nm@ 3277rpm,7
BMW 3 Series,2022,735600.0,103724,Diesel,Dealer,Manual,First Owner,13.53 kmpl,2214 CC,252.1 bhp,160Nm@ 3332rpm,5
Toyota Innova,2018,226200.0,158034,Petrol,Individual,Manual,First Owner,18.81 kmpl,1218 CC,115.11 bhp,166Nm@ 2681rpm,7
Hyundai i20,2008,84700.0,77431,Diesel,Trustmark Dealer,Manual,First Owner,19.41 kmpl,893 CC,78.74 bhp,161Nm@ 1524rpm,7
Maruti Swift,2008,54800.0,158612,CNG,Dealer,Automatic,Second Owner,20.51 kmpl,1044 CC,46.88 bhp,60Nm@ 3307rpm,8
Ford Ecosport,2023,393100.0,67722,Petrol,Individual,Manual,First Owner,19.94 kmpl,1297 CC,80.21 bhp,191Nm@ 3892rpm,7
Ford Ecosport,2012,152100.0,66995,Petrol,Dealer,Automatic,First Owner,22.29 kmpl,1270 CC,83.11 bhp,77Nm@ 1763rpm,5
Toyota Innova,2017,197000.0,102665,Petrol,Dealer,Manual,Third Owner,14.62 kmpl,1081 CC,115.15 bhp,156Nm@ 2245rpm,5
Hyundai i20,2021,224900.0,115438,Diesel,Individual,Manual,Second Owner,18.58 kmpl,1022 CC,91.31 bhp,156Nm@ 3560rpm,7
BMW 3 Series,2013,368100.0,63087,Petrol,Individual,Manual,Second Owner,8.0 kmpl,2808 CC,282.34 bhp,173Nm@ 2236rpm,5
Honda City,2019,274600.0,92340,Petrol,Trustmark Dealer,Manual,First Owner,26.36 kmpl,1191 CC,101.96 bhp,271Nm@ 3593rpm,5
Hyundai i20,2014,121700.0,39997,Petrol,Individual,Automatic,Second Owner,23.43 kmpl,931 CC,51.07 bhp,226Nm@ 2860rpm,7
Hyundai i20,2023,312000.0,34203,Petrol,Trustmark Dealer,Manual,First Owner,16.52 kmpl,908 CC,67.41 bhp,167Nm@ 2718rpm,5
Mahindra XUV500,2019,274200.0,96783,Diesel,Individual,Manual,First Owner,21.65 kmpl,938 CC,109.67 bhp,105Nm@ 3085rpm,5
Audi A4,2022,782500.0,39278,Petrol,Individual,Manual,First Owner,14.3 kmpl,2496 CC,234.42 bhp,140Nm@ 3569rpm,7
Maruti Swift,2023,246900.0,60334,Diesel,Individual,Manual,First Owner,18.22 kmpl,700 CC,52.09 bhp,233Nm@ 2361rpm,5
Mahindra XUV500,2017,195900.0,117205,Diesel,Individual,Automatic,Second Owner,17.82 kmpl,1244 CC,87.82 bhp,137Nm@ 3561rpm,5
Tata Nexon,2007,57700.0,163427,Diesel,Individual,Manual,First Owner,19.29 kmpl,700 CC,83.52 bhp,100Nm@ 3535rpm,5
Ford Ecosport,2009,60200.0,142891,Diesel,Individual,Automatic,Fourth & Above Owner,17.9 kmpl,700 CC,98.56 bhp,60Nm@ 1826rpm,7
Tata Nexon,2015,144800.0,68702,Diesel,Individual,Manual,Second Owner,15.39 kmpl,700 CC,90.23 bhp,102Nm@ 3315rpm,7
Ford Ecosport,2015,162300.0,72456,Diesel,Dealer,Manual,First Owner,13.52 kmpl,1099 CC,79.57 bhp,127Nm@ 3715rpm,7
Honda City,2015,183200.0,68936,CNG,Individual,Manual,First Owner,16.66 kmpl,1216 CC,94.65 bhp,192Nm@ 2145rpm,5
Mahindra XUV500,2009,92500.0,134063,Petrol,Trustmark Dealer,Manual,First Owner,15.26 kmpl,1335 CC,66.52 bhp,142Nm@ 2188rpm,4
Skoda Octavia,2008,99100.0,163541,Diesel,Dealer,Manual,First Owner,20.41 kmpl,1339 CC,123.02 bhp,155Nm@ 1918rpm,7
BMW 3 Series,2005,138200.0,175481,Diesel,Individual,Manual,First Owner,12.21 kmpl,3000 CC,254.9 bhp,139Nm@ 2295rpm,5
Honda City,2007,47400.0,110941,Diesel,Dealer,Manual,Fourth & Above Owner,22.33 kmpl,1031 CC,78.73 bhp,202Nm@ 2487rpm,7
Mahindra XUV500,2020,340400.0,97467,Petrol,Trustmark Dealer,Manual,First Owner,16.8 kmpl,1376 CC,128.98 bhp,60Nm@ 2789rpm,5
Skoda Octavia,2011,173100.0,105292,LPG,Individual,Automatic,First Owner,25.54 kmpl,1524 CC,125.88 bhp,101Nm@ 3562rpm,5
Audi A4,2021,540900.0,118953,Petrol,Dealer,Manual,Third Owner,14.42 kmpl,2904 CC,254.66 bhp,95Nm@ 1600rpm,5
Mahindra XUV500,2018,244900.0,86670,Diesel,Individual,Manual,Second Owner,19.86 kmpl,1454 CC,98.91 bhp,137Nm@ 2098rpm,4
Honda City,2022,300100.0,63835,Petrol,Individual,Manual,First Owner,17.73 kmpl,1078 CC,74.02 bhp,139Nm@ 1858rpm,5
Tata Nexon,2005,54700.0,108331,Diesel,Individual,Manual,First Owner,13.54 kmpl,783 CC,95.07 bhp,204Nm@ 3866rpm,8
Hyundai i20,2005,58400.0,154669,Petrol,Individual,Manual,First Owner,22.18 kmpl,1234 CC,65.88 bhp,114Nm@ 3211rpm,4
Maruti Swift,2012,106000.0,94647,Petrol,Individual,Automatic,Second Owner,15.59 kmpl,1229 CC,57.92 bhp,151Nm@ 2376rpm,5
Audi A4,2023,1115600.0,1531,Diesel,Individual,Manual,First Owner,9.68 kmpl,2662 CC,258.07 bhp,117Nm@ 2444rpm,5
Ford Ecosport,2019,215900.0,99284,Petrol,Individual,Manual,Second Owner,19.58 kmpl,999 CC,97.84 bhp,95Nm@ 2646rpm,5
Skoda Octavia,2014,167700.0,81495,Diesel,Dealer,Manual,First Owner,16.8 kmpl,1195 CC,86.19 bhp,182Nm@ 2693rpm,5
Honda City,2023,290300.0,90415,Diesel,Dealer,Manual,Second Owner,21.58 kmpl,1164 CC,70.8 bhp,75Nm@ 3612rpm,5
Audi A4,2008,134700.0,148899,Diesel,Individual,Manual,Fourth & Above Owner,15.12 kmpl,2466 CC,282.35 bhp,126Nm@ 2482rpm,5
Tata Nexon,2005,68800.0,142338,Petrol,Individual,Manual,First Owner,19.87 kmpl,1119 CC,101.93 bhp,103Nm@ 2107rpm,5
Maruti Swift,2012,62200.0,181836,Diesel,Dealer,Manual,First Owner,19.17 kmpl,700 CC,52.88 bhp,159Nm@ 1671rpm,7
Mahindra XUV500,2021,251500.0,106330,CNG,Individual,Manual,Third Owner,19.58 kmpl,1474 CC,95.78 bhp,60Nm@ 3123rpm,7
Audi A4,2009,228300.0,122924,Diesel,Dealer,Manual,Second Owner,15.05 kmpl,2558 CC,273.27 bhp,145Nm@ 3321rpm,7
Mahindra XUV500,2008,97200.0,123975,CNG,Individual,Manual,First Owner,22.11 kmpl,1203 CC,95.3 bhp,159Nm@ 1627rpm,4
Mahindra XUV500,2016,165100.0,126775,Petrol,Individual,Manual,First Owner,23.68 kmpl,1073 CC,90.34 bhp,60Nm@ 1914rpm,7
Toyota Innova,2007,97200.0,55586,CNG,Trustmark Dealer,Manual,Second Owner,22.55 kmpl,1709 CC,100.96 bhp,229Nm@ 3394rpm,7
Honda City,2012,94800.0,143399,Diesel,Individual,Manual,Second Owner,14.6 kmpl,804 CC,108.59 bhp,103Nm@ 2238rpm,5
Audi A4,2016,528800.0,55484,Diesel,Dealer,Manual,First Owner,15.7 kmpl,2652 CC,249.0 bhp,249Nm@ 3084rpm,7
Audi A4,2022,888100.0,88514,LPG,Individual,Manual,First Owner,8.25 kmpl,2573 CC,272.31 bhp,120Nm@ 2150rpm,5
Mahindra XUV500,2009,102300.0,102024,Petrol,Dealer,Manual,First Owner,19.33 kmpl,1170 CC,98.81 bhp,190Nm@ 3496rpm,5
Toyota Innova,2010,126700.0,91106,LPG,Trustmark Dealer,Manual,Second Owner,16.48 kmpl,1516 CC,113.2 bhp,60Nm@ 1857rpm,5
Hyundai i20,2022,258800.0,49096,LPG,Dealer,Manual,First Owner,20.52 kmpl,972 CC,58.31 bhp,238Nm@ 1520rpm,5
Audi A4,2017,452000.0,126157,Diesel,Individual,Manual,First Owner,11.67 kmpl,2582 CC,254.61 bhp,140Nm@ 2520rpm,5
Mahindra XUV500,2010,110800.0,153774,Petrol,Dealer,Manual,First Owner,19.71 kmpl,1387 CC,102.12 bhp,182Nm@ 1651rpm,7
Audi A4,2013,372300.0,75347,Diesel,Trustmark Dealer,Automatic,First Owner,8.0 kmpl,2505 CC,269.66 bhp,97Nm@ 2986rpm,5
Mahindra XUV500,2020,226000.0,100100,Diesel,Individual,Manual,First Owner,17.99 kmpl,888 CC,74.62 bhp,130Nm@ 3439rpm,5
Toyota Innova,2006,104800.0,66928,Diesel,Individual,Manual,First Owner,17.77 kmpl,1447 CC,128.4 bhp,144Nm@ 3467rpm,5
Audi A4,2017,612700.0,70495,Diesel,Individual,Automatic,First Owner,16.51 kmpl,2751 CC,244.89 bhp,70Nm@ 3430rpm,7
Skoda Octavia,2017,242300.0,134189,Petrol,Individual,Manual,First Owner,22.48 kmpl,1471 CC,107.61 bhp,195Nm@ 2295rpm,7
BMW 3 Series,2023,713600.0,85983,Petrol,Individual,Manual,Third Owner,12.91 kmpl,2496 CC,280.91 bhp,214Nm@ 2579rpm,8
Toyota Innova,2019,305000.0,62374,LPG,Individual,Manual,First Owner,19.24 kmpl,1458 CC,98.56 bhp,108Nm@ 3005rpm,7
Ford Ecosport,2006,68100.0,123760,Petrol,Individual,Manual,First Owner,20.69 kmpl,1061 CC,87.53 bhp,83Nm@ 1715rpm,7
Ford Ecosport,2017,135200.0,71491,Diesel,Dealer,Manual,Second Owner,17.27 kmpl,867 CC,61.85 bhp,147Nm@ 3005rpm,5
Honda City,2008,62900.0,159938,CNG,Dealer,Manual,First Owner,17.37 kmpl,994 CC,79.29 bhp,280Nm@ 2585rpm,7
Hyundai i20,2022,240500.0,76402,Diesel,Individual,Manual,First Owner,18.61 kmpl,857 CC,61.4 bhp,133Nm@ 3686rpm,5
Skoda Octavia,2011,128200.0,120426,Diesel,Individual,Manual,First Owner,14.14 kmpl,1267 CC,100.85 bhp,60Nm@ 2816rpm,7
Honda City,2014,112500.0,105210,LPG,Dealer,Manual,Third Owner,17.89 kmpl,747 CC,100.02 bhp,84Nm@ 3210rpm,5
Hyundai i20,2011,96100.0,129854,Diesel,Individual,Manual,First Owner,15.44 kmpl,1260 CC,61.62 bhp,60Nm@ 3559rpm,7
Hyundai i20,2017,166400.0,71953,Diesel,Individual,Automatic,First Owner,21.92 kmpl,793 CC,63.88 bhp,82Nm@ 2601rpm,5
Tata Nexon,2005,68200.0,141954,LPG,Dealer,Manual,First Owner,17.98 kmpl,1242 CC,86.78 bhp,83Nm@ 3984rpm,4
Audi A4,2006,173200.0,165282,Diesel,Individual,Automatic,First Owner,15.41 kmpl,2916 CC,234.4 bhp,124Nm@ 1685rpm,5
Skoda Octavia,2005,49100.0,221020,Petrol,Individual,Manual,Second Owner,17.47 kmpl,1019 CC,109.69 bhp,60Nm@ 1946rpm,5
Hyundai i20,2008,68500.0,155422,Diesel,Individual,Manual,First Owner,22.03 kmpl,975 CC,78.55 bhp,60Nm@ 1686rpm,5
Skoda Octavia,2020,263000.0,98678,Diesel,Individual,Manual,Second Owner,18.06 kmpl,1340 CC,96.59 bhp,92Nm@ 2066rpm,7
Mahindra XUV500,2020,231400.0,60628,Petrol,Individual,Manual,Second Owner,18.2 kmpl,1200 CC,82.82 bhp,145Nm@ 3863rpm,8
Skoda Octavia,2007,94000.0,171274,Diesel,Individual,Automatic,First Owner,22.47 kmpl,1606 CC,99.52 bhp,152Nm@ 3868rpm,5
Honda City,2021,335300.0,43809,Diesel,Dealer,Automatic,Second Owner,15.02 kmpl,1352 CC,82.51 bhp,192Nm@ 2259rpm,7
Tata Nexon,2009,81200.0,124121,CNG,Dealer,Manual,First Owner,17.41 kmpl,714 CC,86.33 bhp,172Nm@ 1504rpm,5
Honda City,2012,85100.0,122655,Diesel,Individual,Automatic,Third Owner,14.33 kmpl,873 CC,78.96 bhp,107Nm@ 2193rpm,7
Tata Nexon,2012,91300.0,121508,Diesel,Dealer,Automatic,Second Owner,16.71 kmpl,760 CC,78.03 bhp,60Nm@ 1507rpm,7
Hyundai i20,2011,46200.0,142345,Petrol,Dealer,Manual,Fourth & Above Owner,19.9 kmpl,877 CC,43.26 bhp,60Nm@ 3883rpm,5
Maruti Swift,2006,57800.0,115833,Petrol,Individual,Manual,Second Owner,21.94 kmpl,1041 CC,78.93 bhp,188Nm@ 1655rpm,7
Honda City,2010,91100.0,89906,Petrol,Individual,Automatic,Third Owner,22.78 kmpl,861 CC,94.37 bhp,162Nm@ 2710rpm,5
Honda City,2012,115800.0,139594,Petrol,Individual,Manual,Second Owner,13.68 kmpl,1436 CC,73.47 bhp,175Nm@ 2754rpm,5
BMW 3 Series,2019,628500.0,75881,Petrol,Individual,Manual,First Owner,16.1 kmpl,2719 CC,275.99 bhp,244Nm@ 3015rpm,5
Hyundai i20,2005,44000.0,103341,Diesel,Individual,Manual,First Owner,24.77 kmpl,822 CC,45.53 bhp,183Nm@ 2274rpm,7
Toyota Innova,2023,439100.0,93062,Petrol,Dealer,Manual,Second Owner,18.49 kmpl,1450 CC,163.06 bhp,167Nm@ 2806rpm,5
Ford Ecosport,2010,119400.0,64380,Petrol,Individual,Automatic,First Owner,16.88 kmpl,1016 CC,76.01 bhp,60Nm@ 2988rpm,5
Skoda Octavia,2006,69500.0,128782,Petrol,Individual,Manual,First Owner,14.0 kmpl,1045 CC,103.08 bhp,228Nm@ 2797rpm,5
Skoda Octavia,2017,195800.0,52964,Petrol,Individual,Manual,Fourth & Above Owner,18.73 kmpl,1250 CC,122.47 bhp,197Nm@ 3673rpm,7
Mahindra XUV500,2006,75200.0,96077,Diesel,Dealer,Automatic,Second Owner,19.89 kmpl,1097 CC,100.19 bhp,159Nm@ 1646rpm,7
Toyota Innova,2016,163900.0,68784,Diesel,Dealer,Manual,Fourth & Above Owner,20.46 kmpl,1342 CC,103.42 bhp,129Nm@ 2051rpm,5
Mahindra XUV500,2020,334300.0,58748,Diesel,Individual,Manual,First Owner,21.27 kmpl,1147 CC,106.04 bhp,221Nm@ 2865rpm,5
Toyota Innova,2008,83200.0,102279,CNG,Individual,Manual,Third Owner,18.01 kmpl,1006 CC,127.82 bhp,144Nm@ 1757rpm,7
Honda City,2018,157100.0,115661,Diesel,Individual,Manual,Second Owner,11.38 kmpl,814 CC,80.49 bhp,98Nm@ 3407rpm,5
Maruti Swift,2016,130300.0,71172,Petrol,Individual,Manual,First Owner,20.3 kmpl,791 CC,60.99 bhp,175Nm@ 3127rpm,5
Ford Ecosport,2015,123700.0,79056,Diesel,Individual,Manual,First Owner,24.34 kmpl,1080 CC,45.78 bhp,111Nm@ 2297rpm,5
Hyundai i20,2007,49700.0,118299,Diesel,Individual,Manual,First Owner,21.51 kmpl,700 CC,52.83 bhp,297Nm@ 2107rpm,5
Ford Ecosport,2007,74700.0,97455,Petrol,Individual,Manual,First Owner,20.27 kmpl,770 CC,89.58 bhp,107Nm@ 1835rpm,7
Toyota Innova,2010,121300.0,153427,Diesel,Individual,Manual,First Owner,15.41 kmpl,1795 CC,89.73 bhp,167Nm@ 2569rpm,7
Ford Ecosport,2014,133500.0,55066,Petrol,Dealer,Automatic,First Owner,18.85 kmpl,927 CC,56.52 bhp,196Nm@ 1861rpm,5
Toyota Innova,2021,456500.0,62322,Diesel,Dealer,Automatic,Second Owner,17.61 kmpl,1719 CC,120.44 bhp,126Nm@ 3765rpm,5
Maruti Swift,2007,69400.0,134854,CNG,Individual,Manual,First Owner,19.98 kmpl,986 CC,83.71 bhp,149Nm@ 2693rpm,5
Ford Ecosport,2015,137000.0,126980,Petrol,Individual,Automatic,First Owner,18.35 kmpl,700 CC,98.28 bhp,90Nm@ 3649rpm,7
Maruti Swift,2011,83000.0,108477,Petrol,Individual,Manual,First Owner,18.08 kmpl,990 CC,61.05 bhp,138Nm@ 3720rpm,5
Maruti Swift,2015,114200.0,68902,Diesel,Dealer,Manual,Second Owner,21.34 kmpl,1009 CC,41.52 bhp,169Nm@ 1542rpm,7
Hyundai i20,2021,189200.0,25710,Petrol,Individual,Manual,Fourth & Above Owner,19.67 kmpl,929 CC,65.98 bhp,188Nm@ 3035rpm,4
Audi A4,2012,231000.0,149064,Petrol,Individual,Automatic,Third Owner,14.65 kmpl,2586 CC,261.05 bhp,187Nm@ 3538rpm,5
Tata Nexon,2020,325600.0,59737,Petrol,Dealer,Manual,First Owner,16.74 kmpl,1342 CC,103.17 bhp,224Nm@ 2131rpm,5
Hyundai i20,2010,69100.0,171962,Petrol,Individual,Manual,First Owner,20.97 kmpl,909 CC,66.53 bhp,92Nm@ 3004rpm,5
Hyundai i20,2015,122700.0,114896,Petrol,Trustmark Dealer,Manual,First Owner,20.67 kmpl,966 CC,49.19 bhp,83Nm@ 2893rpm,5
Ford Ecosport,2021,284400.0,71528,Diesel,Individual,Manual,Second Owner,20.28 kmpl,1140 CC,83.89 bhp,171Nm@ 3568rpm,7
Skoda Octavia,2023,292700.0,90080,Petrol,Dealer,Manual,Third Owner,22.03 kmpl,1213 CC,97.68 bhp,126Nm@ 3111rpm,4
Toyota Innova,2013,168800.0,120216,Petrol,Individual,Manual,First Owner,20.52 kmpl,1598 CC,105.12 bhp,149Nm@ 3378rpm,5
Toyota Innova,2014,203100.0,80389,Petrol,Dealer,Manual,First Owner,12.19 kmpl,1299 CC,130.87 bhp,177Nm@ 2936rpm,7
Honda City,2022,268500.0,114318,Petrol,Dealer,Manual,First Owner,15.07 kmpl,1292 CC,75.35 bhp,166Nm@ 2068rpm,7
BMW 3 Series,2016,400100.0,101656,Petrol,Individual,Manual,Second Owner,16.76 kmpl,2401 CC,248.45 bhp,126Nm@ 3896rpm,7
Toyota Innova,2007,87300.0,168014,CNG,Individual,Manual,First Owner,13.8 kmpl,1537 CC,127.92 bhp,244Nm@ 3165rpm,7
Skoda Octavia,2014,165300.0,110111,Petrol,Individual,Manual,First Owner,18.24 kmpl,1337 CC,95.37 bhp,61Nm@ 3619rpm,7
Audi A4,2020,528700.0,102660,Diesel,Individual,Manual,Second Owner,14.26 kmpl,2474 CC,248.57 bhp,60Nm@ 3484rpm,7
Mahindra XUV500,2017,175000.0,140075,Petrol,Dealer,Manual,Second Owner,19.98 kmpl,1073 CC,92.41 bhp,165Nm@ 1563rpm,5
BMW 3 Series,2020,699900.0,46717,Petrol,Individual,Manual,Second Owner,14.33 kmpl,2651 CC,273.0 bhp,218Nm@ 3169rpm,7
Ford Ecosport,2012,116900.0,65750,Diesel,Trustmark Dealer,Automatic,Third Owner,20.82 kmpl,984 CC,88.04 bhp,94Nm@ 3531rpm,5
Mahindra XUV500,2022,356300.0,51620,Diesel,Dealer,Manual,Second Owner,18.64 kmpl,1426 CC,92.76 bhp,140Nm@ 3607rpm,7
Tata Nexon,2007,65900.0,102915,Petrol,Dealer,Manual,First Owner,9.88 kmpl,964 CC,69.85 bhp,141Nm@ 2979rpm,7
BMW 3 Series,2015,376700.0,95012,CNG,Individual,Manual,Second Owner,8.0 kmpl,2462 CC,248.33 bhp,123Nm@ 3426rpm,5
Honda City,2017,182700.0,107092,Petrol,Individual,Manual,First Owner,21.58 kmpl,1183 CC,64.68 bhp,236Nm@ 2258rpm,7
Tata Nexon,2009,59200.0,199900,Diesel,Individual,Manual,Second Owner,17.5 kmpl,1030 CC,65.5 bhp,203Nm@ 3150rpm,5
Honda City,2010,88400.0,160570,Petrol,Individual,Manual,First Owner,17.3 kmpl,1202 CC,71.2 bhp,109Nm@ 3309rpm,7
Hyundai i20,2021,261600.0,102406,Diesel,Dealer,Manual,First Owner,24.96 kmpl,992 CC,87.43 bhp,98Nm@ 3201rpm,5
Audi A4,2018,390500.0,113473,Petrol,Individual,Manual,Fourth & Above Owner,10.57 kmpl,2735 CC,276.62 bhp,223Nm@ 2145rpm,5
Maruti Swift,2018,214500.0,23663,Diesel,Dealer,Manual,First Owner,19.28 kmpl,885 CC,70.53 bhp,191Nm@ 2778rpm,5
Maruti Swift,2014,97300.0,88281,Diesel,Individual,Manual,First Owner,22.65 kmpl,798 CC,35.0 bhp,216Nm@ 2093rpm,7
Tata Nexon,2019,236400.0,88420,Diesel,Dealer,Manual,First Owner,22.05 kmpl,1188 CC,71.03 bhp,60Nm@ 3585rpm,5
Toyota Innova,2021,307300.0,133938,Diesel,Dealer,Manual,Second Owner,12.62 kmpl,1322 CC,121.82 bhp,94Nm@ 3070rpm,5
Skoda Octavia,2016,223300.0,71963,Petrol,Individual,Manual,First Owner,12.4 kmpl,1307 CC,117.72 bhp,190Nm@ 2978rpm,5
Ford Ecosport,2016,138500.0,199799,Petrol,Individual,Manual,First Owner,20.03 kmpl,1036 CC,76.32 bhp,167Nm@ 1943rpm,5
BMW 3 Series,2017,437400.0,98448,Diesel,Dealer,Manual,Third Owner,12.79 kmpl,2979 CC,263.94 bhp,159Nm@ 1866rpm,5
Audi A4,2008,219500.0,58182,Petrol,Individual,Manual,Second Owner,16.3 kmpl,2675 CC,253.18 bhp,173Nm@ 2630rpm,7
Ford Ecosport,2020,223300.0,50337,Petrol,Individual,Manual,First Owner,18.11 kmpl,903 CC,62.1 bhp,102Nm@ 2918rpm,5
Maruti Swift,2007,59200.0,179720,Petrol,Individual,Manual,First Owner,16.23 kmpl,1019 CC,77.78 bhp,165Nm@ 1700rpm,4
Maruti Swift,2022,242100.0,76577,Petrol,Individual,Manual,First Owner,24.64 kmpl,1074 CC,47.86 bhp,141Nm@ 3494rpm,5
Ford Ecosport,2019,208100.0,27065,Diesel,Dealer,Manual,Second Owner,17.51 kmpl,942 CC,64.58 bhp,119Nm@ 2578rpm,5
Honda City,2010,58000.0,152389,Diesel,Individual,Manual,Third Owner,23.9 kmpl,990 CC,62.3 bhp,210Nm@ 2206rpm,4
Maruti Swift,2012,103300.0,78715,CNG,Dealer,Manual,Second Owner,17.11 kmpl,1096 CC,71.76 bhp,60Nm@ 3153rpm,5
BMW 3 Series,2022,582500.0,73037,Petrol,Individual,Manual,Fourth & Above Owner,13.87 kmpl,2723 CC,249.03 bhp,219Nm@ 2920rpm,5
Tata Nexon,2019,261700.0,45702,Diesel,Individual,Automatic,Second Owner,14.1 kmpl,987 CC,92.5 bhp,229Nm@ 2544rpm,8
Ford Ecosport,2016,191800.0,102586,Diesel,Individual,Manual,First Owner,13.68 kmpl,1143 CC,96.53 bhp,126Nm@ 3323rpm,8
Maruti Swift,2022,284200.0,500,Petrol,Individual,Manual,Second Owner,21.4 kmpl,700 CC,70.16 bhp,190Nm@ 2661rpm,5
Honda City,2019,148400.0,126620,Diesel,Individual,Manual,First Owner,18.2 kmpl,731 CC,51.8 bhp,172Nm@ 3995rpm,7
Maruti Swift,2006,51600.0,88468,Petrol,Individual,Manual,First Owner,18.77 kmpl,700 CC,60.6 bhp,72Nm@ 3652rpm,7
Honda City,2007,56300.0,136905,Diesel,Trustmark Dealer,Manual,Second Owner,17.94 kmpl,879 CC,70.8 bhp,180Nm@ 3094rpm,8
Mahindra XUV500,2020,341700.0,53426,Diesel,Dealer,Manual,Second Owner,19.61 kmpl,1606 CC,103.75 bhp,154Nm@ 1666rpm,4
Tata Nexon,2006,73600.0,106670,Diesel,Dealer,Manual,First Owner,11.51 kmpl,1177 CC,88.41 bhp,114Nm@ 3035rpm,4
BMW 3 Series,2007,219200.0,159050,CNG,Individual,Automatic,First Owner,12.16 kmpl,3000 CC,261.87 bhp,162Nm@ 3806rpm,7
Skoda Octavia,2016,206100.0,84439,CNG,Individual,Manual,First Owner,19.32 kmpl,1372 CC,113.77 bhp,244Nm@ 2265rpm,5
BMW 3 Series,2021,672700.0,18497,Diesel,Trustmark Dealer,Manual,Third Owner,8.71 kmpl,2550 CC,268.09 bhp,142Nm@ 3671rpm,5
Toyota Innova,2009,135900.0,88128,LPG,Individual,Automatic,First Owner,15.13 kmpl,1221 CC,132.2 bhp,232Nm@ 3308rpm,7
Skoda Octavia,2014,147100.0,93467,Diesel,Individual,Manual,First Owner,18.39 kmpl,891 CC,98.28 bhp,82Nm@ 2674rpm,5
Tata Nexon,2019,167200.0,104504,Diesel,Trustmark Dealer,Manual,Third Owner,16.48 kmpl,1051 CC,81.38 bhp,60Nm@ 2166rpm,5
Toyota Innova,2009,97900.0,152449,Petrol,Dealer,Manual,First Owner,20.97 kmpl,1346 CC,95.48 bhp,194Nm@ 3500rpm,5
Skoda Octavia,2005,72400.0,127774,Petrol,Individual,Manual,First Owner,16.71 kmpl,1303 CC,106.17 bhp,96Nm@ 2919rpm,5
Ford Ecosport,2009,97000.0,80125,Petrol,Individual,Manual,First Owner,18.89 kmpl,1161 CC,77.16 bhp,241Nm@ 1590rpm,4
BMW 3 Series,2023,776900.0,86630,Petrol,Individual,Manual,Second Owner,10.47 kmpl,2671 CC,249.44 bhp,189Nm@ 2006rpm,5
Hyundai i20,2009,77000.0,108507,Diesel,Individual,Manual,Second Owner,20.44 kmpl,1148 CC,67.32 bhp,235Nm@ 1551rpm,5
Tata Nexon,2010,54900.0,206143,Petrol,Individual,Automatic,Third Owner,20.26 kmpl,814 CC,74.02 bhp,175Nm@ 2040rpm,5
Hyundai i20,2009,45000.0,164537,Diesel,Dealer,Manual,First Owner,19.53 kmpl,781 CC,35.0 bhp,60Nm@ 2604rpm,7
Maruti Swift,2019,247100.0,111539,Diesel,Individual,Automatic,Second Owner,18.04 kmpl,1061 CC,93.83 bhp,60Nm@ 3801rpm,5
Skoda Octavia,2006,67700.0,131371,Diesel,Individual,Manual,Second Owner,19.44 kmpl,1284 CC,92.76 bhp,228Nm@ 2095rpm,5
Tata Nexon,2008,83800.0,181170,Diesel,Trustmark Dealer,Automatic,First Owner,18.43 kmpl,1377 CC,79.37 bhp,60Nm@ 2827rpm,5
Skoda Octavia,2018,193500.0,79566,Diesel,Individual,Manual,Third Owner,20.04 kmpl,1532 CC,77.65 bhp,147Nm@ 2911rpm,5
Maruti Swift,2016,100100.0,150048,Petrol,Individual,Automatic,Third Owner,19.79 kmpl,1105 CC,36.71 bhp,150Nm@ 1974rpm,5
Maruti Swift,2015,139400.0,118510,Petrol,Individual,Automatic,Second Owner,28.37 kmpl,1090 CC,68.33 bhp,230Nm@ 3323rpm,7
Ford Ecosport,2012,139900.0,111416,Diesel,Individual,Manual,First Owner,16.52 kmpl,1218 CC,92.35 bhp,212Nm@ 1601rpm,5
Skoda Octavia,2007,81900.0,138093,Diesel,Individual,Automatic,Second Owner,17.59 kmpl,1390 CC,99.41 bhp,256Nm@ 2466rpm,5
Skoda Octavia,2015,167000.0,130724,Diesel,Individual,Manual,Third Owner,18.28 kmpl,1507 CC,106.84 bhp,101Nm@ 3779rpm,5
Ford Ecosport,2013,98500.0,101186,Petrol,Dealer,Automatic,Third Owner,18.09 kmpl,1301 CC,45.59 bhp,210Nm@ 1939rpm,5
Mahindra XUV500,2013,151200.0,59403,Petrol,Individual,Manual,First Owner,20.4 kmpl,971 CC,101.95 bhp,144Nm@ 2686rpm,5
Mahindra XUV500,2015,178600.0,102396,Diesel,Individual,Manual,First Owner,20.91 kmpl,1108 CC,104.82 bhp,60Nm@ 2690rpm,7
Maruti Swift,2016,134900.0,63404,Diesel,Dealer,Manual,First Owner,22.34 kmpl,715 CC,50.67 bhp,149Nm@ 2543rpm,7
Tata Nexon,2013,132200.0,162762,Petrol,Individual,Automatic,First Owner,21.25 kmpl,856 CC,113.4 bhp,173Nm@ 2883rpm,5
Hyundai i20,2007,55000.0,156852,Petrol,Individual,Manual,First Owner,19.08 kmpl,891 CC,68.14 bhp,248Nm@ 3536rpm,5
Maruti Swift,2012,82700.0,106579,Petrol,Dealer,Manual,Second Owner,21.99 kmpl,903 CC,59.51 bhp,85Nm@ 3553rpm,5
Mahindra XUV500,2021,263400.0,87964,Diesel,Trustmark Dealer,Manual,Second Owner,22.74 kmpl,1198 CC,92.14 bhp,224Nm@ 1650rpm,7
Toyota Innova,2018,296600.0,69900,Diesel,Individual,Manual,First Owner,17.27 kmpl,1120 CC,126.53 bhp,150Nm@ 2106rpm,5
Honda City,2007,59800.0,174008,Diesel,Dealer,Automatic,Third Owner,18.56 kmpl,1122 CC,96.23 bhp,61Nm@ 2420rpm,5
Maruti Swift,2021,217900.0,146907,Petrol,Dealer,Automatic,First Owner,24.55 kmpl,754 CC,81.96 bhp,97Nm@ 3279rpm,7
Maruti Swift,2014,125400.0,120476,Diesel,Individual,Manual,Third Owner,19.99 kmpl,1334 CC,81.07 bhp,70Nm@ 1742rpm,4
Audi A4,2006,138600.0,182374,Diesel,Individual,Manual,Second Owner,15.04 kmpl,2512 CC,266.82 bhp,214Nm@ 3074rpm,8
Skoda Octavia,2005,66600.0,171133,Petrol,Individual,Manual,Second Owner,17.24 kmpl,1481 CC,113.6 bhp,142Nm@ 3698rpm,5
Mahindra XUV500,2008,91000.0,68487,LPG,Individual,Manual,First Owner,21.28 kmpl,1278 CC,72.28 bhp,108Nm@ 1920rpm,5
Ford Ecosport,2018,198400.0,136952,Petrol,Individual,Manual,First Owner,21.95 kmpl,1182 CC,98.45 bhp,76Nm@ 2158rpm,5
Toyota Innova,2014,186400.0,113134,Diesel,Individual,Manual,First Owner,19.15 kmpl,1825 CC,98.72 bhp,151Nm@ 1905rpm,5
Maruti Swift,2010,76500.0,149625,Diesel,Individual,Automatic,First Owner,22.69 kmpl,700 CC,79.54 bhp,154Nm@ 1881rpm,5
Hyundai i20,2007,39600.0,210619,Petrol,Individual,Manual,First Owner,26.02 kmpl,886 CC,43.1 bhp,233Nm@ 3034rpm,5
BMW 3 Series,2006,186500.0,86054,Diesel,Dealer,Manual,First Owner,14.24 kmpl,2676 CC,249.71 bhp,150Nm@ 3989rpm,5
Maruti Swift,2015,127300.0,122080,Petrol,Individual,Manual,First Owner,22.76 kmpl,1035 CC,56.5 bhp,173Nm@ 1779rpm,8
Tata Nexon,2016,206300.0,97632,Diesel,Trustmark Dealer,Manual,First Owner,14.5 kmpl,837 CC,109.32 bhp,169Nm@ 3210rpm,5
Hyundai i20,2014,102200.0,87272,Diesel,Individual,Manual,Third Owner,22.48 kmpl,810 CC,81.19 bhp,236Nm@ 3861rpm,5
Toyota Innova,2023,490800.0,56203,Petrol,Individual,Manual,First Owner,18.85 kmpl,1521 CC,109.83 bhp,151Nm@ 1832rpm,7
Honda City,2021,311600.0,61853,Petrol,Individual,Manual,First Owner,22.23 kmpl,1079 CC,89.16 bhp,189Nm@ 1716rpm,4
Ford Ecosport,2006,58200.0,149000,Petrol,Individual,Manual,Second Owner,20.39 kmpl,1069 CC,81.22 bhp,241Nm@ 1667rpm,5
Hyundai i20,2010,54000.0,91125,LPG,Individual,Manual,Fourth & Above Owner,22.81 kmpl,936 CC,44.34 bhp,130Nm@ 3253rpm,5
Hyundai i20,2015,113300.0,122306,Petrol,Individual,Manual,First Owner,18.55 kmpl,795 CC,63.57 bhp,186Nm@ 3860rpm,5
BMW 3 Series,2007,127100.0,144765,Petrol,Individual,Manual,Fourth & Above Owner,9.98 kmpl,2296 CC,259.81 bhp,139Nm@ 2375rpm,5
Ford Ecosport,2008,55100.0,182298,CNG,Individual,Manual,Third Owner,22.34 kmpl,1322 CC,71.73 bhp,60Nm@ 2679rpm,7
Maruti Swift,2005,57800.0,122555,Petrol,Individual,Manual,First Owner,16.97 kmpl,1061 CC,73.57 bhp,138Nm@ 3942rpm,7
Ford Ecosport,2021,286000.0,86941,Petrol,Individual,Manual,Second Owner,14.33 kmpl,1544 CC,75.37 bhp,176Nm@ 1895rpm,5
Maruti Swift,2005,33100.0,134760,Petrol,Individual,Manual,Third Owner,18.56 kmpl,719 CC,62.7 bhp,156Nm@ 3726rpm,5
BMW 3 Series,2017,508700.0,94784,Diesel,Individual,Manual,Second Owner,14.41 kmpl,3000 CC,259.76 bhp,178Nm@ 3256rpm,5
Audi A4,2021,774300.0,41414,Petrol,Individual,Manual,Second Owner,14.49 kmpl,2556 CC,255.21 bhp,195Nm@ 3656rpm,7
Hyundai i20,2012,110500.0,95485,Petrol,Individual,Manual,First Owner,19.16 kmpl,1211 CC,45.99 bhp,156Nm@ 3143rpm,5
Skoda Octavia,2020,275900.0,39135,Diesel,Individual,Manual,Third Owner,22.88 kmpl,1223 CC,99.98 bhp,306Nm@ 3654rpm,7
Honda City,2006,59900.0,152445,Diesel,Trustmark Dealer,Manual,First Owner,19.4 kmpl,1161 CC,79.58 bhp,260Nm@ 3727rpm,5
Mahindra XUV500,2021,299300.0,53006,Petrol,Trustmark Dealer,Manual,Second Owner,20.83 kmpl,1031 CC,109.37 bhp,155Nm@ 2933rpm,5
Maruti Swift,2014,112500.0,49454,Diesel,Dealer,Manual,Second Owner,20.88 kmpl,898 CC,54.85 bhp,60Nm@ 3809rpm,5
Audi A4,2021,933300.0,58538,Petrol,Individual,Automatic,First Owner,18.18 kmpl,2719 CC,270.34 bhp,262Nm@ 3628rpm,8
Tata Nexon,2010,71600.0,194202,Petrol,Individual,Manual,First Owner,18.6 kmpl,1197 CC,70.42 bhp,213Nm@ 2081rpm,7
Toyota Innova,2015,176500.0,147014,Diesel,Individual,Manual,Third Owner,19.21 kmpl,1372 CC,138.4 bhp,200Nm@ 3766rpm,5
Skoda Octavia,2008,91100.0,115831,Diesel,Trustmark Dealer,Manual,Second Owner,13.93 kmpl,1735 CC,78.5 bhp,60Nm@ 3885rpm,7
Ford Ecosport,2016,185800.0,96522,Petrol,Dealer,Manual,First Owner,19.14 kmpl,1267 CC,83.19 bhp,160Nm@ 1806rpm,5
Audi A4,2021,774100.0,98457,Diesel,Dealer,Manual,First Owner,8.11 kmpl,2863 CC,279.63 bhp,69Nm@ 2349rpm,5
Ford Ecosport,2007,36500.0,198614,Diesel,Individual,Manual,Fourth & Above Owner,20.31 kmpl,1060 CC,68.77 bhp,168Nm@ 3521rpm,7
Honda City,2018,158600.0,72553,Petrol,Individual,Manual,First Owner,17.86 kmpl,856 CC,54.59 bhp,230Nm@ 3250rpm,4
Tata Nexon,2010,74300.0,91001,Diesel,Dealer,Manual,Second Owner,19.76 kmpl,864 CC,73.6 bhp,240Nm@ 3045rpm,7
Toyota Innova,2006,76000.0,179111,Petrol,Dealer,Manual,First Owner,19.29 kmpl,1450 CC,122.43 bhp,166Nm@ 1823rpm,5
Maruti Swift,2019,142700.0,69217,Diesel,Individual,Manual,First Owner,18.25 kmpl,823 CC,35.0 bhp,83Nm@ 1933rpm,7
Maruti Swift,2007,41700.0,133141,CNG,Dealer,Manual,Second Owner,24.45 kmpl,740 CC,51.71 bhp,81Nm@ 2307rpm,7
Ford Ecosport,2017,131400.0,82546,Petrol,Individual,Manual,Fourth & Above Owner,19.02 kmpl,727 CC,83.94 bhp,215Nm@ 3860rpm,7
Audi A4,2005,136200.0,207075,Diesel,Individual,Manual,First Owner,8.0 kmpl,2683 CC,250.07 bhp,225Nm@ 3489rpm,7
BMW 3 Series,2015,506400.0,29126,CNG,Individual,Manual,First Owner,11.42 kmpl,2696 CC,279.36 bhp,60Nm@ 3993rpm,7
Hyundai i20,2008,76400.0,116958,Petrol,Individual,Manual,First Owner,19.51 kmpl,1123 CC,68.02 bhp,269Nm@ 3402rpm,7
Toyota Innova,2021,267100.0,91169,Petrol,Individual,Manual,Third Owner,17.83 kmpl,1228 CC,108.76 bhp,106Nm@ 3783rpm,5
Maruti Swift,2021,126600.0,92265,Diesel,Dealer,Manual,Third Owner,11.92 kmpl,700 CC,41.57 bhp,134Nm@ 3925rpm,5
Tata Nexon,2006,59500.0,224260,Diesel,Dealer,Automatic,Second Owner,18.9 kmpl,1078 CC,99.12 bhp,222Nm@ 3828rpm,4
BMW 3 Series,2018,467300.0,74556,Petrol,Individual,Manual,Second Owner,11.02 kmpl,2229 CC,256.91 bhp,119Nm@ 1585rpm,5
Ford Ecosport,2012,125900.0,97513,Petrol,Dealer,Manual,First Owner,25.24 kmpl,1197 CC,82.69 bhp,60Nm@ 3888rpm,7
Audi A4,2006,130600.0,203430,Petrol,Trustmark Dealer,Manual,Third Owner,15.13 kmpl,2407 CC,283.23 bhp,72Nm@ 2515rpm,7
Tata Nexon,2012,58600.0,128886,Diesel,Dealer,Manual,Third Owner,21.63 kmpl,1107 CC,35.0 bhp,221Nm@ 3841rpm,5
Mahindra XUV500,2022,308000.0,62544,Diesel,Dealer,Automatic,Second Owner,21.98 kmpl,1122 CC,75.91 bhp,229Nm@ 2946rpm,7
Toyota Innova,2006,77000.0,155547,Diesel,Individual,Manual,Second Owner,17.69 kmpl,1546 CC,116.52 bhp,160Nm@ 3257rpm,5
Tata Nexon,2016,157700.0,98811,Diesel,Individual,Manual,First Owner,21.81 kmpl,1068 CC,67.59 bhp,157Nm@ 2624rpm,7
Toyota Innova,2015,170200.0,95207,Diesel,Individual,Manual,First Owner,17.66 kmpl,1203 CC,81.39 bhp,71Nm@ 3445rpm,5
Tata Nexon,2020,291200.0,11906,Petrol,Individual,Manual,Second Owner,15.24 kmpl,1213 CC,80.91 bhp,178Nm@ 3090rpm,5
Audi A4,2019,635600.0,15131,Petrol,Dealer,Manual,Third Owner,12.84 kmpl,2721 CC,274.98 bhp,99Nm@ 2087rpm,5
Toyota Innova,2011,141200.0,135784,LPG,Individual,Manual,First Owner,19.78 kmpl,1729 CC,142.14 bhp,230Nm@ 1638rpm,4
Mahindra XUV500,2009,101400.0,104602,Diesel,Dealer,Manual,Second Owner,17.56 kmpl,1583 CC,78.08 bhp,140Nm@ 3154rpm,7
Tata Nexon,2016,192000.0,75433,Diesel,Dealer,Manual,First Owner,21.26 kmpl,1388 CC,82.04 bhp,137Nm@ 3029rpm,5
Skoda Octavia,2006,67800.0,170352,Diesel,Individual,Manual,First Owner,20.73 kmpl,1430 CC,95.48 bhp,82Nm@ 2582rpm,5
Hyundai i20,2007,52500.0,159507,Petrol,Individual,Manual,First Owner,24.67 kmpl,762 CC,65.6 bhp,107Nm@ 3793rpm,5
Hyundai i20,2014,84400.0,101132,Petrol,Individual,Manual,Second Owner,21.29 kmpl,768 CC,47.88 bhp,150Nm@ 2970rpm,4
Mahindra XUV500,2006,53600.0,131757,Petrol,Dealer,Manual,First Owner,17.59 kmpl,884 CC,74.22 bhp,101Nm@ 3049rpm,5
BMW 3 Series,2011,261900.0,121299,Petrol,Trustmark Dealer,Manual,Second Owner,19.45 kmpl,2533 CC,276.95 bhp,145Nm@ 1922rpm,5
Mahindra XUV500,2017,219300.0,55341,Diesel,Individual,Automatic,Third Owner,20.05 kmpl,1377 CC,85.83 bhp,71Nm@ 3462rpm,5
Audi A4,2023,829600.0,57025,CNG,Trustmark Dealer,Manual,First Owner,11.79 kmpl,2316 CC,232.09 bhp,152Nm@ 1848rpm,5
BMW 3 Series,2021,773800.0,36873,Diesel,Individual,Manual,First Owner,16.04 kmpl,2425 CC,264.31 bhp,191Nm@ 2846rpm,5
Honda City,2013,108800.0,86512,Diesel,Individual,Manual,Second Owner,20.38 kmpl,1169 CC,63.0 bhp,65Nm@ 1673rpm,7
Toyota Innova,2008,121800.0,140004,Petrol,Dealer,Manual,First Owner,16.55 kmpl,1175 CC,159.65 bhp,175Nm@ 1576rpm,5
Hyundai i20,2013,122000.0,110600,Diesel,Trustmark Dealer,Automatic,Second Owner,18.61 kmpl,1200 CC,62.46 bhp,60Nm@ 1595rpm,5
Tata Nexon,2023,311600.0,67204,Petrol,Individual,Manual,Second Owner,19.64 kmpl,1072 CC,75.38 bhp,178Nm@ 2011rpm,7
Toyota Innova,2010,118800.0,120744,Diesel,Dealer,Manual,Third Owner,19.92 kmpl,1530 CC,134.36 bhp,86Nm@ 2300rpm,5
Mahindra XUV500,2019,294300.0,58624,Petrol,Individual,Manual,Second Owner,17.63 kmpl,1218 CC,110.04 bhp,100Nm@ 1522rpm,5
Hyundai i20,2011,102200.0,61764,Diesel,Individual,Manual,Second Owner,17.49 kmpl,1128 CC,68.26 bhp,130Nm@ 2043rpm,7
Skoda Octavia,2020,333300.0,39430,Petrol,Dealer,Manual,Second Owner,21.93 kmpl,1896 CC,83.21 bhp,234Nm@ 2848rpm,7
Audi A4,2005,195000.0,131601,Petrol,Dealer,Automatic,First Owner,11.05 kmpl,2939 CC,258.76 bhp,60Nm@ 2823rpm,5
BMW 3 Series,2007,197100.0,83948,Diesel,Individual,Manual,First Owner,11.34 kmpl,2529 CC,264.45 bhp,201Nm@ 2241rpm,5
Audi A4,2015,329400.0,162331,Diesel,Individual,Manual,Second Owner,9.78 kmpl,2769 CC,261.1 bhp,60Nm@ 3873rpm,7
Audi A4,2021,789800.0,91184,Diesel,Trustmark Dealer,Manual,First Owner,9.48 kmpl,2840 CC,246.18 bhp,250Nm@ 3730rpm,7
Toyota Innova,2012,182500.0,48743,Petrol,Individual,Automatic,Second Owner,17.57 kmpl,1518 CC,126.6 bhp,110Nm@ 2620rpm,5
Hyundai i20,2009,58300.0,145538,Petrol,Individual,Manual,First Owner,26.19 kmpl,700 CC,67.53 bhp,188Nm@ 3631rpm,5
BMW 3 Series,2013,345900.0,101323,Petrol,Trustmark Dealer,Manual,First Owner,12.82 kmpl,2843 CC,245.54 bhp,157Nm@ 2333rpm,7
Toyota Innova,2006,89400.0,174772,Petrol,Individual,Manual,First Owner,20.05 kmpl,1408 CC,139.68 bhp,80Nm@ 2513rpm,7
BMW 3 Series,2014,317100.0,152498,Petrol,Individual,Manual,Second Owner,13.91 kmpl,2753 CC,259.34 bhp,111Nm@ 3533rpm,7
BMW 3 Series,2015,426600.0,73615,Petrol,Individual,Manual,First Owner,8.57 kmpl,2765 CC,257.92 bhp,162Nm@ 3232rpm,7
Tata Nexon,2009,67700.0,100397,Diesel,Individual,Manual,Fourth & Above Owner,19.32 kmpl,1056 CC,83.55 bhp,128Nm@ 3009rpm,7
Honda City,2009,75300.0,176569,Petrol,Dealer,Manual,Second Owner,24.92 kmpl,1077 CC,112.81 bhp,119Nm@ 2343rpm,7
Audi A4,2008,164100.0,151682,Petrol,Trustmark Dealer,Manual,Third Owner,14.77 kmpl,2504 CC,262.1 bhp,151Nm@ 1793rpm,5
Mahindra XUV500,2015,148000.0,167806,Petrol,Individual,Automatic,First Owner,18.67 kmpl,1170 CC,88.37 bhp,142Nm@ 3342rpm,5
Audi A4,2008,204300.0,144417,CNG,Dealer,Manual,First Owner,11.81 kmpl,2705 CC,266.67 bhp,172Nm@ 2752rpm,5
Mahindra XUV500,2022,336100.0,71626,Petrol,Trustmark Dealer,Manual,Second Owner,15.89 kmpl,944 CC,117.64 bhp,237Nm@ 3075rpm,7
Maruti Swift,2018,185600.0,64054,Petrol,Individual,Manual,First Owner,21.09 kmpl,882 CC,57.42 bhp,94Nm@ 1907rpm,7
Hyundai i20,2015,176000.0,80022,Petrol,Individual,Automatic,First Owner,15.49 kmpl,1045 CC,75.06 bhp,79Nm@ 3642rpm,5
BMW 3 Series,2023,792200.0,29931,Petrol,Individual,Manual,Second Owner,12.93 kmpl,2696 CC,234.35 bhp,60Nm@ 3854rpm,7
Mahindra XUV500,2019,211100.0,127757,Diesel,Dealer,Manual,First Owner,23.46 kmpl,1232 CC,73.01 bhp,242Nm@ 2830rpm,5
Hyundai i20,2009,81800.0,150034,Diesel,Individual,Manual,First Owner,17.48 kmpl,833 CC,91.61 bhp,60Nm@ 3078rpm,5
Ford Ecosport,2012,143000.0,68552,Petrol,Individual,Manual,First Owner,19.24 kmpl,1217 CC,85.04 bhp,140Nm@ 3781rpm,5
Mahindra XUV500,2010,88800.0,127323,Diesel,Dealer,Manual,First Owner,16.21 kmpl,1233 CC,64.22 bhp,67Nm@ 3155rpm,7
Mahindra XUV500,2019,224700.0,93730,Petrol,Dealer,Manual,First Owner,17.93 kmpl,1201 CC,88.4 bhp,205Nm@ 3960rpm,5
Ford Ecosport,2014,117500.0,127661,Diesel,Individual,Manual,Second Owner,14.68 kmpl,978 CC,88.05 bhp,103Nm@ 1722rpm,7
Skoda Octavia,2005,81700.0,139149,Petrol,Dealer,Manual,First Owner,19.73 kmpl,1594 CC,106.93 bhp,87Nm@ 3031rpm,4
Hyundai i20,2019,164200.0,87900,Petrol,Individual,Manual,Third Owner,18.77 kmpl,769 CC,94.9 bhp,146Nm@ 2377rpm,5
Maruti Swift,2006,51800.0,132418,Diesel,Trustmark Dealer,Manual,First Owner,19.75 kmpl,883 CC,75.99 bhp,213Nm@ 3817rpm,5
Hyundai i20,2007,53300.0,120796,Petrol,Dealer,Manual,First Owner,18.02 kmpl,916 CC,52.2 bhp,195Nm@ 2801rpm,7
Mahindra XUV500,2012,96500.0,81665,Petrol,Individual,Manual,Second Owner,20.22 kmpl,1117 CC,63.94 bhp,118Nm@ 3716rpm,7
BMW 3 Series,2010,246100.0,125032,Diesel,Dealer,Manual,First Owner,18.68 kmpl,2440 CC,253.88 bhp,194Nm@ 3326rpm,5
Tata Nexon,2016,199300.0,78923,Petrol,Individual,Manual,First Owner,18.23 kmpl,962 CC,103.02 bhp,79Nm@ 1978rpm,7
Tata Nexon,2006,58700.0,161646,LPG,Dealer,Automatic,Second Owner,11.16 kmpl,1197 CC,76.05 bhp,148Nm@ 3136rpm,7
Mahindra XUV500,2022,384100.0,112928,Petrol,Individual,Manual,First Owner,21.0 kmpl,1160 CC,123.87 bhp,245Nm@ 1674rpm,5
Mahindra XUV500,2023,401800.0,112466,Diesel,Individual,Manual,First Owner,19.63 kmpl,1130 CC,112.08 bhp,153Nm@ 3570rpm,5
Toyota Innova,2011,178600.0,111912,Petrol,Individual,Manual,First Owner,21.09 kmpl,1815 CC,135.07 bhp,160Nm@ 2159rpm,5
Toyota Innova,2022,570400.0,50970,Diesel,Individual,Automatic,First Owner,17.24 kmpl,1623 CC,128.39 bhp,200Nm@ 2074rpm,5
Skoda Octavia,2023,333100.0,58120,Diesel,Individual,Automatic,Second Owner,19.51 kmpl,1083 CC,82.64 bhp,121Nm@ 1764rpm,5
Toyota Innova,2005,64400.0,157904,Diesel,Trustmark Dealer,Manual,Third Owner,17.89 kmpl,1532 CC,143.3 bhp,88Nm@ 2694rpm,5
Skoda Octavia,2012,157700.0,126957,Diesel,Individual,Manual,First Owner,16.38 kmpl,1617 CC,104.25 bhp,145Nm@ 3888rpm,5
Tata Nexon,2015,187600.0,84727,Diesel,Dealer,Automatic,First Owner,16.32 kmpl,1341 CC,93.23 bhp,93Nm@ 1632rpm,5
Skoda Octavia,2018,191900.0,130862,CNG,Individual,Manual,Third Owner,21.03 kmpl,1608 CC,109.58 bhp,190Nm@ 3584rpm,7
Honda City,2022,285800.0,105682,Diesel,Dealer,Manual,First Owner,26.65 kmpl,1123 CC,73.2 bhp,60Nm@ 3119rpm,5
Tata Nexon,2011,103100.0,92630,Diesel,Individual,Manual,First Owner,22.05 kmpl,1058 CC,78.44 bhp,101Nm@ 2403rpm,5
Ford Ecosport,2015,118100.0,124589,Petrol,Dealer,Automatic,First Owner,18.53 kmpl,746 CC,53.36 bhp,175Nm@ 3877rpm,5
Tata Nexon,2014,109700.0,120752,CNG,Individual,Manual,Third Owner,19.71 kmpl,1027 CC,92.28 bhp,142Nm@ 3754rpm,5
BMW 3 Series,2007,197800.0,141132,Petrol,Dealer,Manual,First Owner,8.0 kmpl,2914 CC,266.78 bhp,100Nm@ 1570rpm,5
Hyundai i20,2006,56000.0,92789,Petrol,Dealer,Manual,Second Owner,15.89 kmpl,705 CC,90.43 bhp,60Nm@ 1858rpm,5
Skoda Octavia,2023,343900.0,68556,CNG,Dealer,Automatic,Second Owner,21.73 kmpl,1168 CC,76.48 bhp,194Nm@ 1567rpm,7
BMW 3 Series,2015,351300.0,154163,Petrol,Individual,Manual,First Owner,12.04 kmpl,2342 CC,263.7 bhp,194Nm@ 2718rpm,4
Toyota Innova,2016,211600.0,129701,Petrol,Dealer,Manual,First Owner,22.09 kmpl,1486 CC,113.71 bhp,100Nm@ 2726rpm,8
Hyundai i20,2019,125300.0,105597,Petrol,Trustmark Dealer,Manual,Fourth & Above Owner,18.17 kmpl,852 CC,65.39 bhp,155Nm@ 1720rpm,5
Maruti Swift,2020,195500.0,58731,Petrol,Dealer,Automatic,Third Owner,16.74 kmpl,1037 CC,48.7 bhp,173Nm@ 3618rpm,4
Skoda Octavia,2019,285200.0,124670,Petrol,Trustmark Dealer,Manual,First Owner,18.51 kmpl,1412 CC,108.49 bhp,133Nm@ 3658rpm,5
Tata Nexon,2009,74800.0,143050,Petrol,Individual,Manual,First Owner,15.53 kmpl,969 CC,67.96 bhp,183Nm@ 2013rpm,7
BMW 3 Series,2022,829600.0,66824,Diesel,Individual,Automatic,Second Owner,14.14 kmpl,2645 CC,264.95 bhp,76Nm@ 3335rpm,7
Mahindra XUV500,2011,131000.0,95429,LPG,Trustmark Dealer,Manual,First Owner,17.11 kmpl,1308 CC,105.15 bhp,68Nm@ 2316rpm,5
Skoda Octavia,2020,295600.0,76594,Petrol,Dealer,Manual,Second Owner,20.27 kmpl,1424 CC,106.4 bhp,147Nm@ 1579rpm,5
Audi A4,2018,538500.0,94270,Diesel,Individual,Manual,First Owner,14.18 kmpl,2737 CC,270.38 bhp,135Nm@ 3035rpm,5
Skoda Octavia,2014,148200.0,124452,Petrol,Individual,Manual,Third Owner,19.33 kmpl,1390 CC,125.78 bhp,90Nm@ 2597rpm,7
Ford Ecosport,2005,58700.0,113624,Diesel,Individual,Manual,First Owner,24.08 kmpl,1150 CC,60.52 bhp,157Nm@ 2904rpm,8
Toyota Innova,2019,307800.0,120244,Diesel,Individual,Manual,First Owner,17.53 kmpl,1530 CC,121.11 bhp,173Nm@ 1731rpm,7
Audi A4,2022,842100.0,87328,Diesel,Individual,Manual,First Owner,12.4 kmpl,2803 CC,262.24 bhp,137Nm@ 1534rpm,5
Mahindra XUV500,2012,139200.0,76171,Diesel,Individual,Manual,First Owner,20.68 kmpl,1133 CC,86.81 bhp,242Nm@ 3776rpm,7
Tata Nexon,2023,317200.0,93457,LPG,Dealer,Automatic,Second Owner,19.83 kmpl,972 CC,91.92 bhp,60Nm@ 1850rpm,5
Hyundai i20,2007,32800.0,175438,Petrol,Trustmark Dealer,Manual,Second Owner,21.11 kmpl,875 CC,35.0 bhp,164Nm@ 2378rpm,5
Honda City,2006,43800.0,152065,CNG,Dealer,Manual,Third Owner,21.35 kmpl,903 CC,83.05 bhp,126Nm@ 2205rpm,7
Hyundai i20,2010,73600.0,120171,Diesel,Individual,Manual,Second Owner,17.45 kmpl,845 CC,73.48 bhp,173Nm@ 2844rpm,5
Audi A4,2014,404200.0,105517,Petrol,Individual,Manual,First Owner,14.02 kmpl,2856 CC,238.57 bhp,115Nm@ 1850rpm,5
Tata Nexon,2013,149400.0,28905,Petrol,Individual,Automatic,First Owner,19.71 kmpl,1191 CC,62.28 bhp,198Nm@ 1522rpm,5
Ford Ecosport,2013,135400.0,142518,Diesel,Dealer,Automatic,First Owner,15.62 kmpl,1248 CC,97.37 bhp,222Nm@ 3087rpm,7
Honda City,2010,78600.0,141526,Diesel,Individual,Manual,Third Owner,20.78 kmpl,1164 CC,78.2 bhp,125Nm@ 2002rpm,5
Skoda Octavia,2022,368700.0,146431,Diesel,Dealer,Manual,First Owner,19.8 kmpl,1598 CC,97.02 bhp,134Nm@ 2494rpm,4
BMW 3 Series,2021,623400.0,63653,Petrol,Dealer,Manual,Third Owner,16.74 kmpl,2305 CC,244.61 bhp,92Nm@ 2484rpm,7
Tata Nexon,2017,189900.0,66251,Petrol,Dealer,Automatic,Second Owner,21.6 kmpl,1453 CC,54.82 bhp,176Nm@ 1547rpm,7
Maruti Swift,2021,237500.0,80608,Petrol,Individual,Manual,First Owner,22.42 kmpl,1224 CC,47.82 bhp,175Nm@ 2563rpm,4
Mahindra XUV500,2021,307300.0,101478,Petrol,Trustmark Dealer,Manual,First Owner,19.33 kmpl,1179 CC,102.68 bhp,229Nm@ 3276rpm,5
Ford Ecosport,2005,57700.0,132676,Diesel,Dealer,Manual,First Owner,16.24 kmpl,817 CC,104.51 bhp,213Nm@ 2089rpm,5
Skoda Octavia,2011,90000.0,181289,Diesel,Individual,Automatic,Second Owner,21.39 kmpl,1068 CC,93.39 bhp,74Nm@ 1565rpm,5
BMW 3 Series,2011,253000.0,126034,Petrol,Individual,Manual,First Owner,9.92 kmpl,2646 CC,251.92 bhp,149Nm@ 3775rpm,8
Skoda Octavia,2006,85700.0,146232,CNG,Individual,Manual,First Owner,15.72 kmpl,1462 CC,98.45 bhp,64Nm@ 2974rpm,5
Honda City,2006,56000.0,111542,Petrol,Individual,Manual,Second Owner,18.88 kmpl,1114 CC,76.4 bhp,131Nm@ 1818rpm,7
Ford Ecosport,2011,73700.0,205430,Petrol,Dealer,Manual,First Owner,24.7 kmpl,1276 CC,53.07 bhp,143Nm@ 3638rpm,5
Toyota Innova,2014,187800.0,61665,Diesel,Individual,Manual,First Owner,26.46 kmpl,1472 CC,91.68 bhp,62Nm@ 3009rpm,5
Audi A4,2010,216000.0,185313,Petrol,Individual,Manual,First Owner,14.89 kmpl,2587 CC,258.61 bhp,161Nm@ 2468rpm,5
Audi A4,2019,613800.0,77917,Petrol,Individual,Automatic,First Owner,12.0 kmpl,2804 CC,263.7 bhp,185Nm@ 3635rpm,5
Ford Ecosport,2008,71600.0,95834,Diesel,Dealer,Manual,Third Owner,19.42 kmpl,922 CC,108.47 bhp,125Nm@ 1523rpm,5
Tata Nexon,2007,67500.0,128140,Petrol,Individual,Manual,Second Owner,21.47 kmpl,1219 CC,80.15 bhp,186Nm@ 3760rpm,7
Skoda Octavia,2013,143700.0,84048,LPG,Individual,Manual,First Owner,18.12 kmpl,1055 CC,90.69 bhp,123Nm@ 3650rpm,7
Tata Nexon,2012,136400.0,98394,Diesel,Dealer,Manual,First Owner,16.27 kmpl,1118 CC,95.61 bhp,145Nm@ 3262rpm,7
Hyundai i20,2022,257000.0,43183,Petrol,Individual,Manual,First Owner,20.24 kmpl,947 CC,56.08 bhp,195Nm@ 3401rpm,5
Maruti Swift,2007,56100.0,111737,Petrol,Dealer,Manual,Fourth & Above Owner,19.44 kmpl,1581 CC,73.48 bhp,78Nm@ 3208rpm,5
Skoda Octavia,2015,163500.0,74087,Diesel,Individual,Manual,First Owner,22.65 kmpl,1126 CC,88.91 bhp,147Nm@ 2397rpm,8
Toyota Innova,2015,296000.0,46224,Petrol,Dealer,Automatic,First Owner,15.44 kmpl,1433 CC,132.02 bhp,98Nm@ 1927rpm,5
Skoda Octavia,2009,74800.0,145038,Diesel,Individual,Manual,Third Owner,21.68 kmpl,1339 CC,92.9 bhp,230Nm@ 2493rpm,7
Hyundai i20,2015,189900.0,79192,Petrol,Individual,Manual,First Owner,25.16 kmpl,1465 CC,69.18 bhp,110Nm@ 3218rpm,5
Hyundai i20,2013,113200.0,100856,Diesel,Dealer,Manual,First Owner,23.06 kmpl,904 CC,73.49 bhp,60Nm@ 1847rpm,5
Audi A4,2021,752500.0,65031,Diesel,Individual,Manual,First Owner,11.25 kmpl,2510 CC,243.48 bhp,133Nm@ 2899rpm,5
Skoda Octavia,2022,442700.0,7274,Petrol,Dealer,Manual,First Owner,16.06 kmpl,1318 CC,106.4 bhp,118Nm@ 1764rpm,5
Tata Nexon,2012,85600.0,193294,Petrol,Individual,Manual,First Owner,22.74 kmpl,922 CC,73.28 bhp,239Nm@ 1752rpm,7
Tata Nexon,2015,149600.0,106459,Diesel,Individual,Automatic,Second Owner,13.6 kmpl,1334 CC,70.86 bhp,92Nm@ 3942rpm,7
Ford Ecosport,2013,156400.0,125717,Diesel,Individual,Manual,First Owner,19.76 kmpl,1037 CC,110.92 bhp,121Nm@ 3017rpm,5
Tata Nexon,2008,92800.0,94643,Diesel,Individual,Manual,First Owner,22.89 kmpl,1222 CC,98.6 bhp,94Nm@ 2053rpm,5
Hyundai i20,2008,57900.0,89251,Petrol,Individual,Manual,First Owner,19.22 kmpl,900 CC,42.43 bhp,215Nm@ 3714rpm,5
Audi A4,2010,207900.0,144916,Diesel,Individual,Manual,Third Owner,14.14 kmpl,2654 CC,274.29 bhp,129Nm@ 3078rpm,7
Maruti Swift,2010,59400.0,149262,Diesel,Individual,Manual,First Owner,16.01 kmpl,802 CC,46.33 bhp,91Nm@ 2947rpm,7
BMW 3 Series,2009,241100.0,81970,Diesel,Dealer,Manual,Second Owner,14.71 kmpl,2919 CC,285.38 bhp,179Nm@ 2341rpm,5
BMW 3 Series,2006,165200.0,160356,Petrol,Individual,Manual,First Owner,19.9 kmpl,2932 CC,261.81 bhp,224Nm@ 1636rpm,7
Audi A4,2019,712200.0,63857,Petrol,Individual,Manual,First Owner,13.41 kmpl,3000 CC,261.02 bhp,145Nm@ 3441rpm,7
Maruti Swift,2022,299100.0,83146,Petrol,Dealer,Manual,Second Owner,19.12 kmpl,1054 CC,76.1 bhp,77Nm@ 2416rpm,7
Tata Nexon,2018,196200.0,62381,Diesel,Dealer,Manual,Fourth & Above Owner,17.55 kmpl,1249 CC,127.08 bhp,149Nm@ 2816rpm,4
Mahindra XUV500,2010,70100.0,153111,Diesel,Dealer,Manual,Fourth & Above Owner,20.61 kmpl,1336 CC,86.42 bhp,249Nm@ 2310rpm,5
Honda City,2017,220300.0,100309,Petrol,Individual,Manual,First Owner,20.54 kmpl,970 CC,120.46 bhp,188Nm@ 3559rpm,7
Audi A4,2006,131900.0,179549,Petrol,Individual,Manual,Third Owner,8.84 kmpl,3000 CC,276.18 bhp,161Nm@ 3346rpm,4
Tata Nexon,2015,124300.0,90449,Petrol,Individual,Manual,Second Owner,18.75 kmpl,991 CC,82.95 bhp,245Nm@ 2532rpm,5
Skoda Octavia,2018,264700.0,80953,LPG,Dealer,Manual,First Owner,21.65 kmpl,1227 CC,117.27 bhp,100Nm@ 3471rpm,4
Skoda Octavia,2008,94000.0,124550,Diesel,Individual,Manual,First Owner,17.54 kmpl,1373 CC,85.11 bhp,133Nm@ 2302rpm,5
Maruti Swift,2018,108400.0,68173,Petrol,Individual,Manual,Fourth & Above Owner,22.62 kmpl,920 CC,35.0 bhp,227Nm@ 2209rpm,5
Honda City,2007,43400.0,141476,Diesel,Dealer,Manual,Second Owner,20.42 kmpl,730 CC,54.26 bhp,121Nm@ 3319rpm,5
Ford Ecosport,2011,101000.0,120127,Petrol,Individual,Manual,First Owner,21.76 kmpl,1130 CC,75.87 bhp,193Nm@ 1904rpm,5
BMW 3 Series,2005,175200.0,125956,Diesel,Individual,Automatic,First Owner,12.2 kmpl,2840 CC,252.46 bhp,119Nm@ 3737rpm,5
Toyota Innova,2006,98600.0,107302,Diesel,Individual,Automatic,First Owner,19.64 kmpl,1283 CC,117.29 bhp,231Nm@ 2907rpm,5
Ford Ecosport,2023,337300.0,75226,Diesel,Individual,Manual,First Owner,19.34 kmpl,945 CC,93.72 bhp,292Nm@ 2980rpm,7
BMW 3 Series,2020,654500.0,90124,Petrol,Individual,Manual,First Owner,10.36 kmpl,2776 CC,249.25 bhp,99Nm@ 2773rpm,5
Audi A4,2013,365200.0,98969,LPG,Dealer,Manual,First Owner,13.35 kmpl,2502 CC,284.79 bhp,280Nm@ 1855rpm,7
BMW 3 Series,2021,936300.0,37051,Diesel,Dealer,Manual,First Owner,8.53 kmpl,3000 CC,260.05 bhp,70Nm@ 3457rpm,5
Tata Nexon,2006,53900.0,178496,Diesel,Dealer,Manual,First Owner,23.44 kmpl,1191 CC,72.85 bhp,153Nm@ 3079rpm,5
Hyundai i20,2022,306100.0,16979,CNG,Dealer,Manual,Third Owner,19.44 kmpl,932 CC,89.17 bhp,197Nm@ 2506rpm,5
Toyota Innova,2020,383400.0,92613,Petrol,Dealer,Automatic,First Owner,21.63 kmpl,1447 CC,127.38 bhp,227Nm@ 3295rpm,5
BMW 3 Series,2006,138500.0,180897,Diesel,Dealer,Automatic,Second Owner,16.21 kmpl,2689 CC,236.14 bhp,227Nm@ 2866rpm,5
Skoda Octavia,2015,212400.0,124695,Petrol,Dealer,Manual,First Owner,17.49 kmpl,1339 CC,122.48 bhp,79Nm@ 2085rpm,8
Tata Nexon,2006,71400.0,108520,Petrol,Individual,Manual,First Owner,19.91 kmpl,1254 CC,80.46 bhp,167Nm@ 2839rpm,8
Skoda Octavia,2015,178600.0,125381,Petrol,Individual,Automatic,First Owner,19.08 kmpl,1122 CC,100.38 bhp,161Nm@ 3878rpm,7
Skoda Octavia,2011,80300.0,68632,Diesel,Dealer,Manual,Fourth & Above Owner,16.02 kmpl,1099 CC,89.55 bhp,121Nm@ 3085rpm,4
Maruti Swift,2020,269000.0,14244,Diesel,Individual,Manual,First Owner,22.08 kmpl,1030 CC,67.51 bhp,157Nm@ 3871rpm,5
Mahindra XUV500,2018,207300.0,70455,Diesel,Individual,Manual,Second Owner,22.2 kmpl,882 CC,110.27 bhp,247Nm@ 3316rpm,7
Honda City,2007,67300.0,146263,Petrol,Individual,Manual,Second Owner,18.55 kmpl,1060 CC,97.81 bhp,168Nm@ 3722rpm,7
Ford Ecosport,2012,115400.0,96368,Petrol,Individual,Manual,First Owner,17.8 kmpl,882 CC,83.5 bhp,90Nm@ 3889rpm,7
Audi A4,2019,392900.0,202250,Petrol,Trustmark Dealer,Manual,Second Owner,17.93 kmpl,2576 CC,240.35 bhp,231Nm@ 2796rpm,5
Hyundai i20,2023,276000.0,46350,Diesel,Trustmark Dealer,Manual,Second Owner,18.2 kmpl,700 CC,84.43 bhp,160Nm@ 3570rpm,5
Ford Ecosport,2007,61400.0,127201,Petrol,Dealer,Automatic,Second Owner,18.09 kmpl,1182 CC,53.73 bhp,199Nm@ 3278rpm,7
Audi A4,2019,498500.0,88825,Diesel,Dealer,Manual,Second Owner,12.29 kmpl,2604 CC,259.41 bhp,232Nm@ 3341rpm,5
Tata Nexon,2011,68300.0,143316,Petrol,Individual,Manual,Third Owner,20.46 kmpl,1164 CC,66.38 bhp,181Nm@ 3068rpm,4
Audi A4,2019,677700.0,42440,Diesel,Individual,Manual,First Owner,15.6 kmpl,2854 CC,266.38 bhp,182Nm@ 2527rpm,8
Skoda Octavia,2006,78300.0,146120,Diesel,Individual,Automatic,Third Owner,19.55 kmpl,1509 CC,119.67 bhp,76Nm@ 2065rpm,5
Audi A4,2020,612800.0,107338,Diesel,Dealer,Manual,First Owner,12.95 kmpl,2761 CC,256.3 bhp,71Nm@ 2705rpm,5
Honda City,2010,99700.0,91017,Petrol,Dealer,Automatic,First Owner,18.19 kmpl,996 CC,83.79 bhp,216Nm@ 3740rpm,7
Hyundai i20,2011,63700.0,153777,Petrol,Dealer,Manual,Second Owner,13.94 kmpl,724 CC,58.66 bhp,135Nm@ 2705rpm,7
Mahindra XUV500,2012,124100.0,80778,Diesel,Dealer,Manual,First Owner,22.62 kmpl,1138 CC,67.92 bhp,133Nm@ 3864rpm,7
Hyundai i20,2022,302800.0,68753,Petrol,Dealer,Manual,First Owner,17.86 kmpl,1611 CC,35.39 bhp,62Nm@ 2528rpm,5
BMW 3 Series,2009,238800.0,132602,Petrol,Trustmark Dealer,Automatic,First Owner,16.52 kmpl,2587 CC,292.67 bhp,127Nm@ 3938rpm,5
Tata Nexon,2009,99600.0,118416,Petrol,Dealer,Manual,First Owner,18.5 kmpl,1523 CC,72.08 bhp,60Nm@ 1711rpm,7
Mahindra XUV500,2019,243300.0,154754,Diesel,Dealer,Manual,First Owner,18.47 kmpl,1261 CC,102.88 bhp,187Nm@ 2261rpm,5
Skoda Octavia,2023,336700.0,62286,Diesel,Dealer,Manual,Third Owner,15.72 kmpl,1431 CC,95.81 bhp,181Nm@ 3653rpm,7
Ford Ecosport,2011,98700.0,64483,Petrol,Dealer,Manual,Third Owner,19.54 kmpl,1062 CC,88.37 bhp,200Nm@ 1907rpm,4
Ford Ecosport,2014,95400.0,60406,Diesel,Dealer,Automatic,Fourth & Above Owner,20.56 kmpl,720 CC,77.91 bhp,116Nm@ 2641rpm,7
Audi A4,2011,202500.0,140807,Diesel,Individual,Manual,Third Owner,17.15 kmpl,2711 CC,240.75 bhp,67Nm@ 2936rpm,5
Audi A4,2009,274300.0,85762,Diesel,Individual,Manual,First Owner,12.06 kmpl,2697 CC,269.4 bhp,190Nm@ 3971rpm,5
Hyundai i20,2012,84000.0,140647,Diesel,Individual,Automatic,Third Owner,17.39 kmpl,1163 CC,69.39 bhp,96Nm@ 3534rpm,5
Audi A4,2021,697500.0,66782,Diesel,Trustmark Dealer,Manual,Second Owner,13.66 kmpl,2949 CC,238.49 bhp,124Nm@ 2067rpm,7
Hyundai i20,2013,66800.0,84109,CNG,Individual,Manual,Third Owner,14.26 kmpl,854 CC,35.0 bhp,234Nm@ 3158rpm,5
Toyota Innova,2018,274300.0,80328,Diesel,Trustmark Dealer,Manual,First Owner,19.09 kmpl,1092 CC,124.28 bhp,206Nm@ 1828rpm,5
Honda City,2009,99200.0,129199,Petrol,Individual,Manual,First Owner,20.48 kmpl,1453 CC,82.87 bhp,115Nm@ 3174rpm,5
Toyota Innova,2012,130000.0,104534,Petrol,Individual,Manual,First Owner,20.52 kmpl,1233 CC,89.95 bhp,60Nm@ 3706rpm,5
Skoda Octavia,2021,242300.0,129891,Diesel,Individual,Manual,Second Owner,14.29 kmpl,1016 CC,90.15 bhp,116Nm@ 2596rpm,5
Tata Nexon,2016,113900.0,106835,Diesel,Individual,Manual,Fourth & Above Owner,20.69 kmpl,1083 CC,85.95 bhp,81Nm@ 3600rpm,5
Toyota Innova,2013,143500.0,133788,Petrol,Dealer,Manual,First Owner,19.95 kmpl,1210 CC,93.99 bhp,108Nm@ 3952rpm,7
Hyundai i20,2020,188800.0,63287,Petrol,Individual,Manual,Second Owner,14.89 kmpl,909 CC,40.16 bhp,142Nm@ 3042rpm,5
Audi A4,2009,176500.0,146118,Petrol,Dealer,Manual,Third Owner,17.53 kmpl,2886 CC,240.73 bhp,202Nm@ 3079rpm,7
Ford Ecosport,2022,310400.0,55513,Diesel,Individual,Manual,First Owner,22.22 kmpl,1209 CC,64.41 bhp,299Nm@ 2775rpm,8
Honda City,2013,133100.0,64858,Petrol,Individual,Manual,Second Owner,23.46 kmpl,1192 CC,86.35 bhp,196Nm@ 2836rpm,5
Mahindra XUV500,2006,53600.0,223181,Diesel,Individual,Manual,Second Owner,16.64 kmpl,1176 CC,86.79 bhp,232Nm@ 2798rpm,5
Toyota Innova,2013,164600.0,150079,Petrol,Individual,Manual,Second Owner,11.98 kmpl,1617 CC,144.08 bhp,211Nm@ 1827rpm,5
Ford Ecosport,2023,200200.0,101315,Petrol,Individual,Manual,Fourth & Above Owner,19.37 kmpl,1068 CC,68.1 bhp,80Nm@ 2343rpm,5
Toyota Innova,2007,98500.0,154001,Diesel,Trustmark Dealer,Manual,First Owner,15.97 kmpl,1660 CC,111.57 bhp,178Nm@ 3545rpm,5
Audi A4,2017,528000.0,71473,Petrol,Individual,Manual,Second Owner,16.06 kmpl,2441 CC,276.62 bhp,153Nm@ 3905rpm,7
Maruti Swift,2011,94100.0,49745,Diesel,Trustmark Dealer,Manual,First Owner,23.07 kmpl,783 CC,64.62 bhp,232Nm@ 1592rpm,7
Toyota Innova,2011,136100.0,93749,Diesel,Individual,Manual,Second Owner,16.49 kmpl,1495 CC,104.06 bhp,60Nm@ 3959rpm,7
Maruti Swift,2007,63000.0,105331,Petrol,Dealer,Manual,First Owner,18.67 kmpl,1062 CC,59.64 bhp,238Nm@ 3737rpm,7
BMW 3 Series,2010,257000.0,92367,Diesel,Individual,Automatic,Second Owner,13.28 kmpl,2406 CC,252.18 bhp,206Nm@ 2934rpm,5
BMW 3 Series,2010,232000.0,144067,Petrol,Dealer,Manual,First Owner,10.36 kmpl,2200 CC,286.28 bhp,95Nm@ 3611rpm,5
Hyundai i20,2015,95700.0,98622,Petrol,Dealer,Manual,Fourth & Above Owner,22.9 kmpl,991 CC,69.4 bhp,234Nm@ 3980rpm,7
Ford Ecosport,2018,220400.0,124739,Petrol,Trustmark Dealer,Manual,Second Owner,18.19 kmpl,1165 CC,115.86 bhp,187Nm@ 1887rpm,5
Audi A4,2015,435900.0,110239,Petrol,Individual,Manual,First Owner,13.07 kmpl,2897 CC,279.5 bhp,110Nm@ 3352rpm,5
Toyota Innova,2010,170300.0,68999,Petrol,Individual,Manual,First Owner,14.74 kmpl,1458 CC,140.18 bhp,201Nm@ 1730rpm,5
Tata Nexon,2009,86700.0,180431,Diesel,Trustmark Dealer,Manual,First Owner,21.51 kmpl,1139 CC,91.33 bhp,133Nm@ 3575rpm,5
Ford Ecosport,2018,166900.0,75758,Diesel,Individual,Manual,Third Owner,18.43 kmpl,740 CC,89.08 bhp,177Nm@ 1781rpm,7
Maruti Swift,2014,86000.0,124728,Diesel,Individual,Manual,Second Owner,16.77 kmpl,725 CC,70.09 bhp,138Nm@ 3627rpm,8
BMW 3 Series,2012,299400.0,69007,Diesel,Individual,Manual,Second Owner,12.79 kmpl,2470 CC,276.98 bhp,227Nm@ 3733rpm,5
Ford Ecosport,2011,111900.0,127015,CNG,Individual,Manual,First Owner,20.29 kmpl,1240 CC,81.83 bhp,242Nm@ 1566rpm,7
Mahindra XUV500,2010,119800.0,88125,Petrol,Individual,Manual,First Owner,17.78 kmpl,1310 CC,97.14 bhp,98Nm@ 2813rpm,5
Honda City,2012,120800.0,106399,Petrol,Individual,Manual,Second Owner,15.04 kmpl,1126 CC,95.94 bhp,63Nm@ 3036rpm,5
BMW 3 Series,2015,540800.0,67858,Petrol,Individual,Automatic,First Owner,15.27 kmpl,2823 CC,269.52 bhp,164Nm@ 3783rpm,5
Maruti Swift,2013,130200.0,82345,Petrol,Dealer,Automatic,First Owner,21.15 kmpl,1019 CC,68.77 bhp,152Nm@ 2075rpm,5
Hyundai i20,2023,317300.0,104262,Petrol,Individual,Manual,First Owner,22.3 kmpl,868 CC,93.35 bhp,241Nm@ 1640rpm,7
Tata Nexon,2010,86400.0,172665,Diesel,Individual,Automatic,First Owner,17.63 kmpl,1156 CC,70.44 bhp,282Nm@ 1710rpm,7
Tata Nexon,2011,91400.0,107120,Petrol,Individual,Manual,First Owner,16.05 kmpl,924 CC,75.0 bhp,188Nm@ 3768rpm,5
Hyundai i20,2023,416300.0,110757,Petrol,Individual,Automatic,First Owner,16.9 kmpl,1666 CC,73.97 bhp,259Nm@ 2852rpm,7
Toyota Innova,2011,126000.0,116346,Diesel,Individual,Manual,First Owner,21.1 kmpl,1091 CC,101.53 bhp,207Nm@ 2612rpm,5
Honda City,2017,165600.0,70453,CNG,Individual,Manual,Second Owner,21.06 kmpl,1126 CC,61.71 bhp,311Nm@ 2743rpm,5
Tata Nexon,2015,130800.0,150540,Petrol,Individual,Manual,First Owner,11.18 kmpl,797 CC,102.02 bhp,90Nm@ 3018rpm,7
Ford Ecosport,2021,210300.0,112100,Petrol,Individual,Automatic,Second Owner,18.66 kmpl,934 CC,73.41 bhp,185Nm@ 2231rpm,5
Ford Ecosport,2021,231100.0,82960,Petrol,Dealer,Manual,Third Owner,21.01 kmpl,1025 CC,102.35 bhp,203Nm@ 2599rpm,7
Ford Ecosport,2017,153200.0,130373,Diesel,Individual,Automatic,Second Owner,15.82 kmpl,1037 CC,71.49 bhp,276Nm@ 2306rpm,7
Ford Ecosport,2022,328900.0,44267,Diesel,Individual,Manual,First Owner,16.17 kmpl,1087 CC,72.12 bhp,67Nm@ 3772rpm,5
Mahindra XUV500,2007,64000.0,177447,Diesel,Individual,Manual,Second Owner,24.91 kmpl,1210 CC,89.93 bhp,143Nm@ 2238rpm,5
Skoda Octavia,2017,235000.0,107511,Petrol,Dealer,Manual,Second Owner,21.12 kmpl,1499 CC,134.67 bhp,168Nm@ 2600rpm,5
Audi A4,2016,489500.0,117225,Diesel,Individual,Automatic,First Owner,12.35 kmpl,2649 CC,251.98 bhp,197Nm@ 3481rpm,5
Tata Nexon,2007,60200.0,146162,Diesel,Individual,Manual,First Owner,9.8 kmpl,793 CC,97.19 bhp,93Nm@ 3048rpm,5
Mahindra XUV500,2006,66600.0,174977,Diesel,Individual,Manual,First Owner,19.91 kmpl,1207 CC,97.44 bhp,210Nm@ 2920rpm,5
Maruti Swift,2018,124600.0,122792,Petrol,Trustmark Dealer,Manual,First Owner,17.85 kmpl,744 CC,46.14 bhp,225Nm@ 2005rpm,5
BMW 3 Series,2014,364400.0,87972,Petrol,Trustmark Dealer,Manual,Second Owner,10.77 kmpl,2423 CC,293.39 bhp,97Nm@ 3127rpm,4
Mahindra XUV500,2014,205800.0,71742,Petrol,Dealer,Automatic,First Owner,16.37 kmpl,1231 CC,102.49 bhp,224Nm@ 2933rpm,5
BMW 3 Series,2005,158900.0,158954,Diesel,Dealer,Manual,First Owner,15.76 kmpl,2853 CC,256.34 bhp,86Nm@ 3119rpm,5
Honda City,2021,207500.0,103397,Diesel,Individual,Manual,Second Owner,15.55 kmpl,1136 CC,57.7 bhp,218Nm@ 3447rpm,7
Skoda Octavia,2009,116800.0,166005,CNG,Trustmark Dealer,Manual,First Owner,16.94 kmpl,1659 CC,107.39 bhp,194Nm@ 2482rpm,5
Skoda Octavia,2016,116300.0,174106,LPG,Individual,Manual,Fourth & Above Owner,19.42 kmpl,1228 CC,117.52 bhp,213Nm@ 2237rpm,7
BMW 3 Series,2007,195900.0,120752,Petrol,Individual,Manual,Second Owner,8.0 kmpl,2842 CC,261.42 bhp,224Nm@ 3792rpm,7
Ford Ecosport,2020,209400.0,128629,Diesel,Individual,Manual,First Owner,24.02 kmpl,1061 CC,76.62 bhp,202Nm@ 2468rpm,7
BMW 3 Series,2010,217000.0,153007,Diesel,Dealer,Manual,First Owner,10.52 kmpl,2178 CC,265.5 bhp,263Nm@ 3248rpm,5
Hyundai i20,2016,128800.0,118331,Diesel,Trustmark Dealer,Automatic,Second Owner,17.35 kmpl,918 CC,55.39 bhp,111Nm@ 3565rpm,5
BMW 3 Series,2012,235800.0,159142,Diesel,Individual,Manual,Second Owner,14.0 kmpl,2667 CC,252.18 bhp,116Nm@ 2302rpm,7
Hyundai i20,2023,280700.0,51021,Petrol,Dealer,Manual,First Owner,22.68 kmpl,863 CC,60.98 bhp,184Nm@ 2058rpm,7
Tata Nexon,2012,165500.0,92960,Petrol,Individual,Manual,First Owner,18.62 kmpl,1629 CC,85.87 bhp,105Nm@ 2813rpm,7
Hyundai i20,2019,214800.0,15107,Diesel,Individual,Manual,First Owner,16.49 kmpl,700 CC,69.33 bhp,208Nm@ 3710rpm,8
Ford Ecosport,2008,82800.0,138899,Diesel,Individual,Automatic,First Owner,21.42 kmpl,700 CC,105.42 bhp,190Nm@ 2172rpm,7
Tata Nexon,2015,140300.0,65248,LPG,Individual,Manual,Second Owner,18.53 kmpl,826 CC,90.46 bhp,160Nm@ 3133rpm,7
Hyundai i20,2006,41500.0,123577,Petrol,Dealer,Manual,Third Owner,17.7 kmpl,700 CC,69.07 bhp,163Nm@ 3805rpm,7
Tata Nexon,2008,74100.0,107624,Diesel,Individual,Manual,First Owner,15.86 kmpl,940 CC,76.9 bhp,100Nm@ 3507rpm,5
Hyundai i20,2005,41400.0,127995,Petrol,Individual,Automatic,Second Owner,16.1 kmpl,912 CC,44.22 bhp,199Nm@ 1762rpm,7
Tata Nexon,2020,257800.0,131110,Petrol,Individual,Manual,First Owner,20.57 kmpl,1283 CC,97.62 bhp,202Nm@ 2524rpm,5
Hyundai i20,2007,50000.0,171798,Diesel,Individual,Manual,Second Owner,20.97 kmpl,700 CC,73.37 bhp,176Nm@ 2031rpm,5
Mahindra XUV500,2005,61700.0,112437,Petrol,Dealer,Manual,First Owner,17.68 kmpl,1293 CC,83.52 bhp,224Nm@ 2317rpm,5
Honda City,2014,124100.0,82150,Diesel,Dealer,Manual,Fourth & Above Owner,22.97 kmpl,1119 CC,94.36 bhp,182Nm@ 3405rpm,5
Mahindra XUV500,2015,142900.0,139635,Diesel,Individual,Manual,First Owner,18.99 kmpl,1417 CC,64.34 bhp,295Nm@ 3792rpm,5
Maruti Swift,2011,81800.0,82758,Diesel,Dealer,Manual,First Owner,26.19 kmpl,774 CC,51.68 bhp,70Nm@ 1666rpm,5
Mahindra XUV500,2007,82900.0,113198,Petrol,Individual,Manual,Third Owner,19.38 kmpl,1487 CC,108.01 bhp,133Nm@ 2856rpm,7
Tata Nexon,2017,194300.0,87407,Petrol,Trustmark Dealer,Automatic,Second Owner,23.25 kmpl,769 CC,115.22 bhp,83Nm@ 2386rpm,5
Honda City,2011,92600.0,114219,Diesel,Individual,Manual,Third Owner,21.26 kmpl,835 CC,114.9 bhp,146Nm@ 2421rpm,5
Hyundai i20,2009,58600.0,120900,Diesel,Individual,Manual,Second Owner,17.74 kmpl,745 CC,67.91 bhp,82Nm@ 1947rpm,5
Hyundai i20,2019,119800.0,104554,Petrol,Individual,Manual,Second Owner,24.63 kmpl,719 CC,35.26 bhp,169Nm@ 2408rpm,5
Hyundai i20,2018,154400.0,43584,Petrol,Individual,Manual,Second Owner,12.92 kmpl,817 CC,51.78 bhp,205Nm@ 2092rpm,8
BMW 3 Series,2016,446500.0,115361,Petrol,Individual,Manual,First Owner,13.88 kmpl,2503 CC,259.51 bhp,203Nm@ 1513rpm,7
Toyota Innova,2011,160300.0,122178,Diesel,Dealer,Manual,First Owner,14.14 kmpl,1453 CC,137.16 bhp,167Nm@ 2951rpm,5
Hyundai i20,2022,237100.0,72792,Diesel,Trustmark Dealer,Manual,First Owner,22.59 kmpl,1016 CC,37.4 bhp,180Nm@ 3794rpm,5
Mahindra XUV500,2017,210200.0,63356,Diesel,Individual,Manual,First Owner,20.77 kmpl,1061 CC,87.42 bhp,62Nm@ 2804rpm,7
Maruti Swift,2020,262400.0,105531,CNG,Individual,Manual,First Owner,15.21 kmpl,1188 CC,78.84 bhp,129Nm@ 3256rpm,5
Ford Ecosport,2005,53700.0,178477,Diesel,Dealer,Manual,First Owner,20.68 kmpl,1151 CC,90.03 bhp,100Nm@ 1936rpm,5
Hyundai i20,2017,189700.0,80024,Diesel,Dealer,Manual,First Owner,13.62 kmpl,1111 CC,66.39 bhp,91Nm@ 2803rpm,7
Mahindra XUV500,2005,50900.0,185031,Petrol,Individual,Manual,First Owner,16.73 kmpl,1559 CC,48.62 bhp,100Nm@ 2506rpm,7
Skoda Octavia,2020,283900.0,74637,Diesel,Dealer,Manual,First Owner,20.48 kmpl,1072 CC,104.55 bhp,61Nm@ 2748rpm,5
Mahindra XUV500,2021,356000.0,87037,Petrol,Individual,Manual,First Owner,19.63 kmpl,1212 CC,107.78 bhp,60Nm@ 1795rpm,8
BMW 3 Series,2014,305300.0,117262,Petrol,Individual,Manual,Third Owner,19.47 kmpl,2782 CC,273.65 bhp,89Nm@ 3096rpm,8
Audi A4,2007,135100.0,190811,Diesel,Individual,Manual,Third Owner,15.3 kmpl,2775 CC,271.29 bhp,164Nm@ 3309rpm,5
Toyota Innova,2019,206600.0,103577,Diesel,Dealer,Manual,Fourth & Above Owner,19.51 kmpl,1721 CC,115.65 bhp,141Nm@ 3177rpm,7
Maruti Swift,2013,110000.0,87311,Petrol,Individual,Automatic,First Owner,19.56 kmpl,972 CC,49.67 bhp,60Nm@ 3037rpm,7
Mahindra XUV500,2007,88600.0,144172,Petrol,Individual,Manual,Second Owner,14.64 kmpl,1804 CC,99.92 bhp,163Nm@ 3961rpm,7
Maruti Swift,2008,43700.0,117721,Diesel,Individual,Manual,Fourth & Above Owner,23.49 kmpl,824 CC,67.01 bhp,82Nm@ 3751rpm,7
Ford Ecosport,2006,72800.0,148309,Diesel,Individual,Manual,First Owner,22.41 kmpl,1551 CC,77.11 bhp,156Nm@ 1637rpm,7
Skoda Octavia,2006,93100.0,80594,Diesel,Dealer,Automatic,Second Owner,18.16 kmpl,982 CC,132.92 bhp,187Nm@ 3016rpm,7
Ford Ecosport,2017,153500.0,106242,Petrol,Individual,Manual,First Owner,23.64 kmpl,1357 CC,41.06 bhp,154Nm@ 2187rpm,7
Audi A4,2006,174800.0,147734,CNG,Individual,Manual,First Owner,13.48 kmpl,2568 CC,258.56 bhp,123Nm@ 2234rpm,5
Hyundai i20,2021,122900.0,88835,Petrol,Dealer,Manual,Fourth & Above Owner,20.91 kmpl,804 CC,45.23 bhp,164Nm@ 2808rpm,5
BMW 3 Series,2022,789900.0,59518,Petrol,Individual,Manual,Second Owner,14.25 kmpl,2824 CC,250.81 bhp,208Nm@ 3314rpm,5
Ford Ecosport,2018,241400.0,96356,Diesel,Dealer,Manual,First Owner,17.76 kmpl,1379 CC,83.32 bhp,153Nm@ 3866rpm,5
Audi A4,2019,553400.0,131808,Petrol,Individual,Manual,First Owner,16.05 kmpl,2892 CC,257.59 bhp,173Nm@ 2070rpm,5
Toyota Innova,2013,170000.0,62153,Petrol,Trustmark Dealer,Automatic,First Owner,22.72 kmpl,1236 CC,87.98 bhp,133Nm@ 3479rpm,5
Maruti Swift,2009,71600.0,124545,Petrol,Dealer,Manual,First Owner,24.35 kmpl,700 CC,78.38 bhp,60Nm@ 2192rpm,5
Ford Ecosport,2016,140100.0,124125,Diesel,Dealer,Manual,Second Owner,18.56 kmpl,1167 CC,76.81 bhp,134Nm@ 1601rpm,5
Skoda Octavia,2011,145200.0,78616,Petrol,Dealer,Manual,First Owner,22.59 kmpl,1512 CC,100.68 bhp,156Nm@ 3652rpm,5
BMW 3 Series,2012,375900.0,106761,Diesel,Individual,Automatic,First Owner,15.52 kmpl,2589 CC,257.06 bhp,199Nm@ 2230rpm,7
Maruti Swift,2023,199300.0,60590,Petrol,Individual,Manual,Third Owner,19.69 kmpl,700 CC,57.35 bhp,223Nm@ 2227rpm,5
Hyundai i20,2019,141800.0,99633,Petrol,Dealer,Manual,Third Owner,15.0 kmpl,817 CC,68.86 bhp,71Nm@ 2609rpm,5
Honda City,2022,272800.0,74713,Petrol,Individual,Manual,First Owner,18.26 kmpl,710 CC,86.47 bhp,154Nm@ 2902rpm,7
Honda City,2012,112100.0,153079,Diesel,Individual,Manual,First Owner,19.79 kmpl,1049 CC,103.09 bhp,198Nm@ 3531rpm,5
Tata Nexon,2021,272700.0,88614,Petrol,Individual,Manual,First Owner,18.37 kmpl,1167 CC,88.35 bhp,202Nm@ 2931rpm,7
Tata Nexon,2013,113400.0,87002,Petrol,Individual,Manual,Second Owner,18.22 kmpl,842 CC,89.15 bhp,128Nm@ 1935rpm,7
Hyundai i20,2022,225600.0,64716,LPG,Individual,Manual,Second Owner,16.97 kmpl,700 CC,62.52 bhp,60Nm@ 3111rpm,5
Audi A4,2021,863800.0,63382,Petrol,Dealer,Automatic,First Owner,11.49 kmpl,2702 CC,264.87 bhp,182Nm@ 3851rpm,7
Audi A4,2019,628700.0,68136,Petrol,Dealer,Manual,First Owner,17.1 kmpl,2611 CC,263.41 bhp,199Nm@ 2998rpm,5
Toyota Innova,2010,119000.0,98033,Diesel,Individual,Manual,Second Owner,16.09 kmpl,1439 CC,125.09 bhp,290Nm@ 2298rpm,7
Maruti Swift,2016,125000.0,92085,Diesel,Individual,Manual,Second Owner,20.63 kmpl,965 CC,58.12 bhp,183Nm@ 3965rpm,5
BMW 3 Series,2013,386100.0,76113,Diesel,Individual,Manual,First Owner,10.25 kmpl,3000 CC,256.54 bhp,60Nm@ 1844rpm,5
Hyundai i20,2017,190600.0,114461,Diesel,Individual,Manual,First Owner,23.32 kmpl,1158 CC,81.82 bhp,183Nm@ 3137rpm,5
Honda City,2021,242900.0,53856,Petrol,Individual,Automatic,Second Owner,20.47 kmpl,1039 CC,54.34 bhp,168Nm@ 2641rpm,5
Toyota Innova,2019,239200.0,61434,LPG,Individual,Manual,Fourth & Above Owner,15.8 kmpl,1488 CC,135.36 bhp,148Nm@ 2120rpm,5
BMW 3 Series,2019,692200.0,69820,Petrol,Individual,Manual,First Owner,11.55 kmpl,3000 CC,273.32 bhp,213Nm@ 2867rpm,5
Honda City,2012,96200.0,176183,Petrol,Individual,Manual,First Owner,19.8 kmpl,1082 CC,67.51 bhp,236Nm@ 3668rpm,5
Toyota Innova,2008,100600.0,105598,Petrol,Dealer,Manual,Second Owner,22.11 kmpl,1333 CC,129.64 bhp,111Nm@ 3894rpm,5
BMW 3 Series,2010,227200.0,115018,Petrol,Trustmark Dealer,Automatic,Third Owner,15.25 kmpl,2561 CC,274.32 bhp,109Nm@ 3738rpm,5
Mahindra XUV500,2008,63700.0,98340,Diesel,Dealer,Manual,Fourth & Above Owner,18.33 kmpl,1102 CC,101.11 bhp,60Nm@ 2339rpm,5
Audi A4,2021,648700.0,137847,Petrol,Individual,Manual,First Owner,15.35 kmpl,2882 CC,239.12 bhp,229Nm@ 2024rpm,5
Honda City,2010,86400.0,58274,Diesel,Individual,Manual,First Owner,22.23 kmpl,1002 CC,52.12 bhp,152Nm@ 1831rpm,5
Ford Ecosport,2008,77300.0,137611,Diesel,Individual,Manual,First Owner,21.4 kmpl,1226 CC,86.9 bhp,132Nm@ 1567rpm,7
Toyota Innova,2010,100400.0,142679,Petrol,Individual,Manual,Fourth & Above Owner,17.95 kmpl,1841 CC,105.56 bhp,164Nm@ 3023rpm,7
Ford Ecosport,2013,161000.0,55101,Petrol,Dealer,Manual,First Owner,26.35 kmpl,1123 CC,85.77 bhp,60Nm@ 2354rpm,5
BMW 3 Series,2013,354400.0,101062,Diesel,Individual,Manual,First Owner,9.32 kmpl,2692 CC,264.04 bhp,89Nm@ 2080rpm,5
Honda City,2011,93900.0,125755,Petrol,Individual,Manual,Third Owner,18.61 kmpl,1208 CC,87.66 bhp,117Nm@ 1668rpm,5
Mahindra XUV500,2020,245500.0,93428,Petrol,Individual,Manual,First Owner,17.16 kmpl,981 CC,100.8 bhp,187Nm@ 3888rpm,8
Maruti Swift,2022,194600.0,65961,Petrol,Trustmark Dealer,Manual,Third Owner,14.8 kmpl,822 CC,58.73 bhp,193Nm@ 3425rpm,5
Skoda Octavia,2016,221500.0,95262,Diesel,Dealer,Manual,First Owner,22.76 kmpl,1332 CC,104.21 bhp,262Nm@ 1583rpm,7
BMW 3 Series,2007,168900.0,192872,Petrol,Individual,Manual,First Owner,14.34 kmpl,2755 CC,237.15 bhp,181Nm@ 2175rpm,5
Maruti Swift,2013,92200.0,144427,Diesel,Dealer,Manual,First Owner,18.34 kmpl,942 CC,66.72 bhp,60Nm@ 3146rpm,7
Maruti Swift,2005,44800.0,181961,Petrol,Trustmark Dealer,Manual,Second Owner,24.64 kmpl,700 CC,95.43 bhp,177Nm@ 1662rpm,8
Toyota Innova,2013,226400.0,100860,Diesel,Individual,Manual,First Owner,13.46 kmpl,1949 CC,126.59 bhp,121Nm@ 2860rpm,7
Tata Nexon,2008,49000.0,127169,Petrol,Individual,Manual,Second Owner,20.56 kmpl,713 CC,61.71 bhp,115Nm@ 3910rpm,7
Honda City,2012,78400.0,125237,Diesel,Individual,Manual,Fourth & Above Owner,21.36 kmpl,732 CC,102.15 bhp,60Nm@ 2044rpm,5
Toyota Innova,2021,425100.0,54607,Diesel,Individual,Automatic,First Owner,22.97 kmpl,1419 CC,121.73 bhp,111Nm@ 3408rpm,8
Mahindra XUV500,2010,113300.0,94679,Diesel,Individual,Manual,First Owner,19.33 kmpl,1422 CC,87.83 bhp,85Nm@ 1613rpm,5
Toyota Innova,2009,81500.0,138205,Diesel,Individual,Manual,Second Owner,22.18 kmpl,937 CC,99.96 bhp,60Nm@ 3353rpm,7
Audi A4,2019,591700.0,75827,Petrol,Individual,Manual,Second Owner,10.59 kmpl,2712 CC,278.9 bhp,199Nm@ 3420rpm,5
Audi A4,2012,218000.0,108709,Diesel,Individual,Manual,Fourth & Above Owner,12.16 kmpl,2650 CC,263.95 bhp,60Nm@ 3032rpm,7
BMW 3 Series,2017,389700.0,120037,Diesel,Trustmark Dealer,Manual,Third Owner,11.63 kmpl,3000 CC,246.95 bhp,165Nm@ 3439rpm,7
Toyota Innova,2019,288100.0,112905,Petrol,Trustmark Dealer,Automatic,Second Owner,24.09 kmpl,1580 CC,111.8 bhp,178Nm@ 2574rpm,7
Skoda Octavia,2023,378900.0,76399,Diesel,Individual,Manual,Third Owner,18.61 kmpl,1577 CC,111.08 bhp,115Nm@ 2587rpm,5
Mahindra XUV500,2009,84300.0,144737,Petrol,Individual,Automatic,First Owner,13.67 kmpl,954 CC,81.03 bhp,182Nm@ 1799rpm,7
Maruti Swift,2014,81600.0,164015,CNG,Individual,Manual,Second Owner,14.58 kmpl,700 CC,64.17 bhp,149Nm@ 2110rpm,7
Skoda Octavia,2019,346000.0,11966,Petrol,Dealer,Manual,First Owner,18.58 kmpl,1502 CC,104.46 bhp,131Nm@ 3323rpm,5
Ford Ecosport,2012,132000.0,141495,Petrol,Individual,Manual,First Owner,22.69 kmpl,1407 CC,104.31 bhp,258Nm@ 2956rpm,5
Audi A4,2006,143300.0,231118,Diesel,Individual,Automatic,First Owner,16.35 kmpl,2427 CC,284.21 bhp,112Nm@ 2295rpm,7
Tata Nexon,2023,389000.0,51619,Petrol,Individual,Manual,First Owner,20.55 kmpl,1025 CC,105.03 bhp,211Nm@ 2779rpm,7
BMW 3 Series,2011,274800.0,146441,Petrol,Trustmark Dealer,Manual,First Owner,14.28 kmpl,2811 CC,268.27 bhp,198Nm@ 1735rpm,7
Skoda Octavia,2009,99200.0,121230,Petrol,Dealer,Automatic,First Owner,15.32 kmpl,1091 CC,99.62 bhp,96Nm@ 1620rpm,4
Mahindra XUV500,2006,62000.0,145564,Petrol,Dealer,Manual,Second Owner,19.81 kmpl,1048 CC,103.16 bhp,129Nm@ 2060rpm,7
Audi A4,2007,182900.0,85508,Petrol,Individual,Automatic,Second Owner,14.78 kmpl,2564 CC,268.34 bhp,141Nm@ 2508rpm,5
Ford Ecosport,2015,172900.0,70804,Diesel,Dealer,Manual,First Owner,15.74 kmpl,1110 CC,82.78 bhp,238Nm@ 3794rpm,5
Toyota Innova,2018,283200.0,55553,Diesel,Dealer,Manual,First Owner,21.96 kmpl,1476 CC,112.02 bhp,214Nm@ 3606rpm,5
Maruti Swift,2017,126200.0,92481,Petrol,Dealer,Manual,First Owner,19.35 kmpl,841 CC,44.88 bhp,113Nm@ 1505rpm,7
Ford Ecosport,2023,298400.0,65505,Petrol,Individual,Manual,Second Owner,19.1 kmpl,1192 CC,71.57 bhp,122Nm@ 3053rpm,5
Hyundai i20,2019,202200.0,53324,Petrol,Dealer,Manual,First Owner,21.23 kmpl,1095 CC,43.01 bhp,184Nm@ 2400rpm,5
Ford Ecosport,2011,107100.0,119780,Petrol,Trustmark Dealer,Automatic,First Owner,20.28 kmpl,920 CC,78.83 bhp,121Nm@ 3542rpm,7
Hyundai i20,2021,184200.0,94933,Petrol,Individual,Manual,First Owner,20.36 kmpl,988 CC,39.15 bhp,245Nm@ 2714rpm,5
Maruti Swift,2015,126700.0,87834,Diesel,Individual,Manual,Second Owner,19.24 kmpl,1123 CC,60.54 bhp,60Nm@ 3931rpm,5
Skoda Octavia,2013,179700.0,68261,Petrol,Dealer,Manual,First Owner,19.36 kmpl,1370 CC,113.81 bhp,184Nm@ 3847rpm,5
BMW 3 Series,2022,741800.0,103215,Petrol,Dealer,Manual,Second Owner,8.0 kmpl,2515 CC,265.22 bhp,173Nm@ 2738rpm,7
Honda City,2011,137700.0,81557,Diesel,Individual,Automatic,First Owner,17.59 kmpl,1239 CC,93.34 bhp,170Nm@ 3198rpm,5
Toyota Innova,2007,68500.0,118968,Petrol,Individual,Manual,Third Owner,14.69 kmpl,1157 CC,96.85 bhp,60Nm@ 1629rpm,7
Maruti Swift,2006,48400.0,86496,Petrol,Individual,Automatic,Fourth & Above Owner,23.52 kmpl,951 CC,79.55 bhp,183Nm@ 3111rpm,7
Audi A4,2015,500400.0,47836,Diesel,Individual,Manual,First Owner,13.64 kmpl,2884 CC,270.63 bhp,216Nm@ 2944rpm,5
Maruti Swift,2012,116400.0,118455,Diesel,Individual,Manual,First Owner,16.94 kmpl,1181 CC,81.72 bhp,118Nm@ 3126rpm,5
Honda City,2014,105600.0,104425,LPG,Individual,Manual,Second Owner,19.4 kmpl,974 CC,59.81 bhp,60Nm@ 3696rpm,5
BMW 3 Series,2006,160800.0,151262,Petrol,Individual,Manual,First Owner,19.33 kmpl,2841 CC,252.26 bhp,178Nm@ 1781rpm,5
Maruti Swift,2007,59300.0,89227,Petrol,Individual,Manual,First Owner,21.45 kmpl,700 CC,67.53 bhp,201Nm@ 1672rpm,7
Maruti Swift,2019,151700.0,83397,CNG,Dealer,Manual,Second Owner,16.69 kmpl,887 CC,51.79 bhp,206Nm@ 3475rpm,5
Honda City,2006,63300.0,127157,Petrol,Individual,Manual,First Owner,15.85 kmpl,1135 CC,80.66 bhp,179Nm@ 2243rpm,5
Honda City,2010,93800.0,158903,Diesel,Individual,Manual,First Owner,13.91 kmpl,1382 CC,82.85 bhp,156Nm@ 3361rpm,7
Honda City,2019,202900.0,91558,Diesel,Individual,Manual,Second Owner,20.07 kmpl,1162 CC,64.25 bhp,203Nm@ 3946rpm,7
BMW 3 Series,2020,650500.0,101884,Petrol,Individual,Manual,First Owner,14.91 kmpl,2535 CC,277.27 bhp,126Nm@ 2154rpm,7
Audi A4,2013,272300.0,162964,CNG,Dealer,Manual,First Owner,9.38 kmpl,2411 CC,261.23 bhp,104Nm@ 1960rpm,5
Hyundai i20,2020,163600.0,137215,Diesel,Individual,Manual,Third Owner,22.69 kmpl,1087 CC,70.58 bhp,79Nm@ 2649rpm,5
Ford Ecosport,2019,226800.0,95633,Petrol,Individual,Automatic,First Owner,15.92 kmpl,841 CC,81.09 bhp,140Nm@ 2678rpm,7
Mahindra XUV500,2021,185400.0,105984,Diesel,Individual,Manual,Third Owner,20.07 kmpl,894 CC,78.87 bhp,148Nm@ 2012rpm,7
BMW 3 Series,2015,281100.0,157292,Diesel,Individual,Manual,Fourth & Above Owner,11.84 kmpl,2806 CC,266.43 bhp,197Nm@ 2304rpm,7
Mahindra XUV500,2005,54400.0,117771,Petrol,Individual,Manual,Second Owner,21.07 kmpl,979 CC,85.83 bhp,211Nm@ 2440rpm,5
Skoda Octavia,2020,201300.0,131714,Diesel,Dealer,Manual,Fourth & Above Owner,14.85 kmpl,1309 CC,93.04 bhp,67Nm@ 2224rpm,5
Honda City,2007,58000.0,106242,Petrol,Dealer,Manual,Third Owner,18.43 kmpl,1304 CC,61.79 bhp,180Nm@ 3225rpm,4
Mahindra XUV500,2019,241100.0,78680,Diesel,Individual,Manual,First Owner,23.86 kmpl,1075 CC,95.74 bhp,176Nm@ 1569rpm,7
Toyota Innova,2018,321900.0,95654,Petrol,Individual,Automatic,First Owner,15.4 kmpl,1542 CC,112.72 bhp,88Nm@ 1502rpm,7
Skoda Octavia,2008,73600.0,131260,Petrol,Dealer,Manual,Third Owner,14.56 kmpl,1298 CC,112.65 bhp,188Nm@ 1828rpm,5
Honda City,2020,239500.0,95223,CNG,Trustmark Dealer,Manual,Second Owner,19.09 kmpl,1113 CC,90.95 bhp,158Nm@ 3960rpm,5
Honda City,2017,141800.0,112616,Petrol,Dealer,Manual,First Owner,15.81 kmpl,825 CC,70.05 bhp,236Nm@ 3754rpm,7
Mahindra XUV500,2009,111600.0,81571,Diesel,Dealer,Manual,Third Owner,15.35 kmpl,1504 CC,118.86 bhp,189Nm@ 1738rpm,5
Maruti Swift,2021,291100.0,43300,Petrol,Dealer,Automatic,First Owner,22.13 kmpl,900 CC,77.6 bhp,115Nm@ 2485rpm,5
Audi A4,2023,526500.0,88644,Diesel,Dealer,Manual,Fourth & Above Owner,13.04 kmpl,2627 CC,241.3 bhp,98Nm@ 2562rpm,7
Maruti Swift,2021,237600.0,61438,Diesel,Individual,Manual,First Owner,16.69 kmpl,754 CC,89.6 bhp,119Nm@ 3666rpm,5
Tata Nexon,2012,73700.0,147377,Petrol,Individual,Manual,Second Owner,19.07 kmpl,700 CC,69.88 bhp,60Nm@ 3488rpm,5
Mahindra XUV500,2012,120400.0,104095,Diesel,Individual,Manual,Second Owner,15.64 kmpl,1408 CC,77.78 bhp,120Nm@ 1591rpm,5
Toyota Innova,2021,278900.0,68516,Petrol,Dealer,Manual,Fourth & Above Owner,16.78 kmpl,1264 CC,118.93 bhp,293Nm@ 2600rpm,7
Tata Nexon,2009,79400.0,176326,Petrol,Individual,Manual,First Owner,19.31 kmpl,1101 CC,90.38 bhp,124Nm@ 2808rpm,5
Toyota Innova,2008,94300.0,129813,Diesel,Dealer,Manual,First Owner,18.71 kmpl,1194 CC,104.55 bhp,125Nm@ 3000rpm,7
Skoda Octavia,2016,203600.0,81152,Diesel,Individual,Manual,Second Owner,16.65 kmpl,1520 CC,97.32 bhp,116Nm@ 1504rpm,8
Skoda Octavia,2012,124100.0,160218,Petrol,Individual,Manual,First Owner,14.59 kmpl,1450 CC,88.64 bhp,130Nm@ 2115rpm,5
Maruti Swift,2007,41400.0,153793,Diesel,Trustmark Dealer,Manual,Third Owner,24.91 kmpl,838 CC,63.05 bhp,191Nm@ 1935rpm,5
BMW 3 Series,2012,255200.0,161576,Petrol,Dealer,Manual,Second Owner,11.15 kmpl,2845 CC,271.46 bhp,139Nm@ 3464rpm,8
Toyota Innova,2020,473800.0,58691,Diesel,Individual,Manual,First Owner,23.64 kmpl,1751 CC,132.27 bhp,149Nm@ 2380rpm,7
Mahindra XUV500,2007,85500.0,134962,Diesel,Dealer,Manual,Second Owner,16.07 kmpl,1389 CC,121.94 bhp,60Nm@ 3486rpm,7
Maruti Swift,2023,228300.0,130196,CNG,Individual,Automatic,First Owner,23.89 kmpl,700 CC,62.84 bhp,120Nm@ 2530rpm,5
Maruti Swift,2009,69300.0,137424,Diesel,Individual,Manual,First Owner,19.05 kmpl,840 CC,77.18 bhp,164Nm@ 3856rpm,5
BMW 3 Series,2020,706800.0,60956,Petrol,Dealer,Manual,Second Owner,15.28 kmpl,2878 CC,272.05 bhp,89Nm@ 3512rpm,5
Hyundai i20,2017,120300.0,108467,Diesel,Individual,Manual,Third Owner,20.68 kmpl,910 CC,61.69 bhp,172Nm@ 3078rpm,5
Toyota Innova,2016,178900.0,109572,Petrol,Dealer,Manual,Third Owner,16.9 kmpl,1543 CC,118.13 bhp,60Nm@ 3600rpm,7
Ford Ecosport,2021,238300.0,84545,CNG,Dealer,Manual,Second Owner,23.88 kmpl,1147 CC,60.66 bhp,181Nm@ 1699rpm,7
Audi A4,2010,279800.0,26049,Diesel,Dealer,Automatic,Third Owner,15.61 kmpl,2695 CC,252.53 bhp,298Nm@ 3571rpm,5
Skoda Octavia,2014,166100.0,120769,Petrol,Trustmark Dealer,Manual,Second Owner,21.71 kmpl,1408 CC,110.47 bhp,170Nm@ 2010rpm,5
Audi A4,2007,160200.0,188138,Diesel,Dealer,Manual,First Owner,13.71 kmpl,2697 CC,266.96 bhp,111Nm@ 1887rpm,7
Hyundai i20,2012,86700.0,162451,Diesel,Dealer,Manual,Third Owner,19.14 kmpl,1113 CC,85.25 bhp,145Nm@ 2217rpm,5
